"Sample","SampleID","Population","Parameter","Value","Type","bone_type","mouse_id","replicate_id","condition","sex","age_week","exclude","remark","machine","volume_total","volume_sample_Neu","beads_input","CleanFluor","marker","Value_Transformed"
"BM_Neu_001.fcs",1,"mature neutrophils","Comp-APC-A",-137,"MFI","Femur","mouse1","rep1","Wtnaive","male",NA,0,NA,"300GS",450,50,1970,"APC-A","CD117",-0.818744727668938
"BM_Neu_001.fcs",1,"mature neutrophils","Comp-APC-Cy7-A",648,"MFI","Femur","mouse1","rep1","Wtnaive","male",NA,0,NA,"300GS",450,50,1970,"APC-Cy7-A","CD14",2.16953706760474
"BM_Neu_001.fcs",1,"mature neutrophils","Comp-BB700-A",590,"MFI","Femur","mouse1","rep1","Wtnaive","male",NA,0,NA,"300GS",450,50,1970,"BB700-A","CD16/32",2.07841539054094
"BM_Neu_001.fcs",1,"mature neutrophils","Comp-BUV395-A",134,"MFI","Femur","mouse1","rep1","Wtnaive","male",NA,0,NA,"300GS",450,50,1970,"BUV395-A","Sca1",0.803903421241612
"BM_Neu_001.fcs",1,"mature neutrophils","Comp-BUV496-A",1126,"MFI","Femur","mouse1","rep1","Wtnaive","male",NA,0,NA,"300GS",450,50,1970,"BUV496-A","MHCII",2.71334601211741
"BM_Neu_001.fcs",1,"mature neutrophils","Comp-BUV563-A",252,"MFI","Femur","mouse1","rep1","Wtnaive","male",NA,0,NA,"300GS",450,50,1970,"BUV563-A","CD106",1.2906354945648
"BM_Neu_001.fcs",1,"mature neutrophils","Comp-BUV615-A",457,"MFI","Femur","mouse1","rep1","Wtnaive","male",NA,0,NA,"300GS",450,50,1970,"BUV615-A","CCR5",1.83310135612834
"BM_Neu_001.fcs",1,"mature neutrophils","Comp-BUV661-A",3165,"MFI","Femur","mouse1","rep1","Wtnaive","male",NA,0,NA,"300GS",450,50,1970,"BUV661-A","CD74",3.74298128141256
"BM_Neu_001.fcs",1,"mature neutrophils","Comp-BUV737-A",4718,"MFI","Femur","mouse1","rep1","Wtnaive","male",NA,0,NA,"300GS",450,50,1970,"BUV737-A","Ly6G",4.14190475151996
"BM_Neu_001.fcs",1,"mature neutrophils","Comp-BUV805-A",12383,"MFI","Femur","mouse1","rep1","Wtnaive","male",NA,0,NA,"300GS",450,50,1970,"BUV805-A","CD45",5.10662841116175
"BM_Neu_001.fcs",1,"mature neutrophils","Comp-BV421-A",1030,"MFI","Femur","mouse1","rep1","Wtnaive","male",NA,0,NA,"300GS",450,50,1970,"BV421-A","PDL1",2.62508639128413
"BM_Neu_001.fcs",1,"mature neutrophils","Comp-BV570-A",1272,"MFI","Femur","mouse1","rep1","Wtnaive","male",NA,0,NA,"300GS",450,50,1970,"BV570-A","CD44",2.83431618816991
"BM_Neu_001.fcs",1,"mature neutrophils","Comp-BV605-A",1541,"MFI","Femur","mouse1","rep1","Wtnaive","male",NA,0,NA,"300GS",450,50,1970,"BV605-A","CD115",3.02505908863646
"BM_Neu_001.fcs",1,"mature neutrophils","Comp-BV650-A",10388,"MFI","Femur","mouse1","rep1","Wtnaive","male",NA,0,NA,"300GS",450,50,1970,"BV650-A","Ly6C",4.93097058168057
"BM_Neu_001.fcs",1,"mature neutrophils","Comp-BV711-A",892,"MFI","Femur","mouse1","rep1","Wtnaive","male",NA,0,NA,"300GS",450,50,1970,"BV711-A","CD39",2.48297377426989
"BM_Neu_001.fcs",1,"mature neutrophils","Comp-BV786-A",3999,"MFI","Femur","mouse1","rep1","Wtnaive","male",NA,0,NA,"300GS",450,50,1970,"BV786-A","CD11b",3.97666304822282
"BM_Neu_001.fcs",1,"mature neutrophils","Comp-FITC-A",-53.9,"MFI","Femur","mouse1","rep1","Wtnaive","male",NA,0,NA,"300GS",450,50,1970,"FITC-A","CX3CR1",-0.352018005370026
"BM_Neu_001.fcs",1,"mature neutrophils","Comp-PE-A",517,"MFI","Femur","mouse1","rep1","Wtnaive","male",NA,0,NA,"300GS",450,50,1970,"PE-A","DC-Trail-R1",1.95096453171894
"BM_Neu_001.fcs",1,"mature neutrophils","Comp-PE-Cy5-A",-572,"MFI","Femur","mouse1","rep1","Wtnaive","male",NA,0,NA,"300GS",450,50,1970,"PE-Cy5-A","CD150",-2.04841589309061
"BM_Neu_001.fcs",1,"mature neutrophils","Comp-PE-Cy7-A",523,"MFI","Femur","mouse1","rep1","Wtnaive","male",NA,0,NA,"300GS",450,50,1970,"PE-Cy7-A","CD101",1.9620510582398
"BM_Neu_001.fcs",1,"mature neutrophils","Comp-PE-Texas Red-A",1928,"MFI","Femur","mouse1","rep1","Wtnaive","male",NA,0,NA,"300GS",450,50,1970,"PE-Texas Red-A","ICAM1",3.24826018056811
"BM_Neu_002.fcs",2,"mature neutrophils","Comp-APC-A",-77.9,"MFI","Lumbar","mouse1","rep1","Wtnaive","male",NA,0,NA,"300GS",450,40,1970,"APC-A","CD117",-0.498436885900172
"BM_Neu_002.fcs",2,"mature neutrophils","Comp-APC-Cy7-A",646,"MFI","Lumbar","mouse1","rep1","Wtnaive","male",NA,0,NA,"300GS",450,40,1970,"APC-Cy7-A","CD14",2.16652574461797
"BM_Neu_002.fcs",2,"mature neutrophils","Comp-BB700-A",613,"MFI","Lumbar","mouse1","rep1","Wtnaive","male",NA,0,NA,"300GS",450,40,1970,"BB700-A","CD16/32",2.11552076513648
"BM_Neu_002.fcs",2,"mature neutrophils","Comp-BUV395-A",-220,"MFI","Lumbar","mouse1","rep1","Wtnaive","male",NA,0,NA,"300GS",450,40,1970,"BUV395-A","Sca1",-1.17612983976723
"BM_Neu_002.fcs",2,"mature neutrophils","Comp-BUV496-A",1080,"MFI","Lumbar","mouse1","rep1","Wtnaive","male",NA,0,NA,"300GS",450,40,1970,"BUV496-A","MHCII",2.67201622142785
"BM_Neu_002.fcs",2,"mature neutrophils","Comp-BUV563-A",196,"MFI","Lumbar","mouse1","rep1","Wtnaive","male",NA,0,NA,"300GS",450,40,1970,"BUV563-A","CD106",1.08250925935405
"BM_Neu_002.fcs",2,"mature neutrophils","Comp-BUV615-A",356,"MFI","Lumbar","mouse1","rep1","Wtnaive","male",NA,0,NA,"300GS",450,40,1970,"BUV615-A","CCR5",1.59913266966964
"BM_Neu_002.fcs",2,"mature neutrophils","Comp-BUV661-A",2546,"MFI","Lumbar","mouse1","rep1","Wtnaive","male",NA,0,NA,"300GS",450,40,1970,"BUV661-A","CD74",3.52565731040186
"BM_Neu_002.fcs",2,"mature neutrophils","Comp-BUV737-A",4834,"MFI","Lumbar","mouse1","rep1","Wtnaive","male",NA,0,NA,"300GS",450,40,1970,"BUV737-A","Ly6G",4.16618207922596
"BM_Neu_002.fcs",2,"mature neutrophils","Comp-BUV805-A",12090,"MFI","Lumbar","mouse1","rep1","Wtnaive","male",NA,0,NA,"300GS",450,40,1970,"BUV805-A","CD45",5.08268431094029
"BM_Neu_002.fcs",2,"mature neutrophils","Comp-BV421-A",651,"MFI","Lumbar","mouse1","rep1","Wtnaive","male",NA,0,NA,"300GS",450,40,1970,"BV421-A","PDL1",2.17403755155916
"BM_Neu_002.fcs",2,"mature neutrophils","Comp-BV570-A",1068,"MFI","Lumbar","mouse1","rep1","Wtnaive","male",NA,0,NA,"300GS",450,40,1970,"BV570-A","CD44",2.66095033212811
"BM_Neu_002.fcs",2,"mature neutrophils","Comp-BV605-A",1237,"MFI","Lumbar","mouse1","rep1","Wtnaive","male",NA,0,NA,"300GS",450,40,1970,"BV605-A","CD115",2.80661221722629
"BM_Neu_002.fcs",2,"mature neutrophils","Comp-BV650-A",8731,"MFI","Lumbar","mouse1","rep1","Wtnaive","male",NA,0,NA,"300GS",450,40,1970,"BV650-A","Ly6C",4.75722085760558
"BM_Neu_002.fcs",2,"mature neutrophils","Comp-BV711-A",774,"MFI","Lumbar","mouse1","rep1","Wtnaive","male",NA,0,NA,"300GS",450,40,1970,"BV711-A","CD39",2.343343669978
"BM_Neu_002.fcs",2,"mature neutrophils","Comp-BV786-A",3565,"MFI","Lumbar","mouse1","rep1","Wtnaive","male",NA,0,NA,"300GS",450,40,1970,"BV786-A","CD11b",3.86187351766619
"BM_Neu_002.fcs",2,"mature neutrophils","Comp-FITC-A",-46.6,"MFI","Lumbar","mouse1","rep1","Wtnaive","male",NA,0,NA,"300GS",450,40,1970,"FITC-A","CX3CR1",-0.305874731413543
"BM_Neu_002.fcs",2,"mature neutrophils","Comp-PE-A",453,"MFI","Lumbar","mouse1","rep1","Wtnaive","male",NA,0,NA,"300GS",450,40,1970,"PE-A","DC-Trail-R1",1.82475211228123
"BM_Neu_002.fcs",2,"mature neutrophils","Comp-PE-Cy5-A",-495,"MFI","Lumbar","mouse1","rep1","Wtnaive","male",NA,0,NA,"300GS",450,40,1970,"PE-Cy5-A","CD150",-1.90927401401634
"BM_Neu_002.fcs",2,"mature neutrophils","Comp-PE-Cy7-A",581,"MFI","Lumbar","mouse1","rep1","Wtnaive","male",NA,0,NA,"300GS",450,40,1970,"PE-Cy7-A","CD101",2.06352456197095
"BM_Neu_002.fcs",2,"mature neutrophils","Comp-PE-Texas Red-A",1617,"MFI","Lumbar","mouse1","rep1","Wtnaive","male",NA,0,NA,"300GS",450,40,1970,"PE-Texas Red-A","ICAM1",3.07298414433575
"BM_Neu_003.fcs",3,"mature neutrophils","Comp-APC-A",-99.8,"MFI","Sternum","mouse1","rep1","Wtnaive","male",NA,0,NA,"300GS",150,80,1970,"APC-A","CD117",-0.624035375521658
"BM_Neu_003.fcs",3,"mature neutrophils","Comp-APC-Cy7-A",782,"MFI","Sternum","mouse1","rep1","Wtnaive","male",NA,0,NA,"300GS",150,80,1970,"APC-Cy7-A","CD14",2.35344057699377
"BM_Neu_003.fcs",3,"mature neutrophils","Comp-BB700-A",645,"MFI","Sternum","mouse1","rep1","Wtnaive","male",NA,0,NA,"300GS",150,80,1970,"BB700-A","CD16/32",2.16501676414533
"BM_Neu_003.fcs",3,"mature neutrophils","Comp-BUV395-A",-305,"MFI","Sternum","mouse1","rep1","Wtnaive","male",NA,0,NA,"300GS",150,80,1970,"BUV395-A","Sca1",-1.45844398169632
"BM_Neu_003.fcs",3,"mature neutrophils","Comp-BUV496-A",1074,"MFI","Sternum","mouse1","rep1","Wtnaive","male",NA,0,NA,"300GS",150,80,1970,"BUV496-A","MHCII",2.66649843629722
"BM_Neu_003.fcs",3,"mature neutrophils","Comp-BUV563-A",199,"MFI","Sternum","mouse1","rep1","Wtnaive","male",NA,0,NA,"300GS",150,80,1970,"BUV563-A","CD106",1.0946058788497
"BM_Neu_003.fcs",3,"mature neutrophils","Comp-BUV615-A",360,"MFI","Sternum","mouse1","rep1","Wtnaive","male",NA,0,NA,"300GS",150,80,1970,"BUV615-A","CCR5",1.6094379124341
"BM_Neu_003.fcs",3,"mature neutrophils","Comp-BUV661-A",2715,"MFI","Sternum","mouse1","rep1","Wtnaive","male",NA,0,NA,"300GS",150,80,1970,"BUV661-A","CD74",3.58982134929134
"BM_Neu_003.fcs",3,"mature neutrophils","Comp-BUV737-A",6177,"MFI","Sternum","mouse1","rep1","Wtnaive","male",NA,0,NA,"300GS",150,80,1970,"BUV737-A","Ly6G",4.41124727327551
"BM_Neu_003.fcs",3,"mature neutrophils","Comp-BUV805-A",14406,"MFI","Sternum","mouse1","rep1","Wtnaive","male",NA,0,NA,"300GS",150,80,1970,"BUV805-A","CD45",5.25793905495573
"BM_Neu_003.fcs",3,"mature neutrophils","Comp-BV421-A",868,"MFI","Sternum","mouse1","rep1","Wtnaive","male",NA,0,NA,"300GS",150,80,1970,"BV421-A","PDL1",2.45608726743724
"BM_Neu_003.fcs",3,"mature neutrophils","Comp-BV570-A",1151,"MFI","Sternum","mouse1","rep1","Wtnaive","male",NA,0,NA,"300GS",150,80,1970,"BV570-A","CD44",2.73511742646953
"BM_Neu_003.fcs",3,"mature neutrophils","Comp-BV605-A",1332,"MFI","Sternum","mouse1","rep1","Wtnaive","male",NA,0,NA,"300GS",150,80,1970,"BV605-A","CD115",2.88010416588597
"BM_Neu_003.fcs",3,"mature neutrophils","Comp-BV650-A",9169,"MFI","Sternum","mouse1","rep1","Wtnaive","male",NA,0,NA,"300GS",150,80,1970,"BV650-A","Ly6C",4.80616229588168
"BM_Neu_003.fcs",3,"mature neutrophils","Comp-BV711-A",897,"MFI","Sternum","mouse1","rep1","Wtnaive","male",NA,0,NA,"300GS",150,80,1970,"BV711-A","CD39",2.48848652964459
"BM_Neu_003.fcs",3,"mature neutrophils","Comp-BV786-A",4887,"MFI","Sternum","mouse1","rep1","Wtnaive","male",NA,0,NA,"300GS",150,80,1970,"BV786-A","CD11b",4.17708122602253
"BM_Neu_003.fcs",3,"mature neutrophils","Comp-FITC-A",-53.2,"MFI","Sternum","mouse1","rep1","Wtnaive","male",NA,0,NA,"300GS",150,80,1970,"FITC-A","CX3CR1",-0.347623013287
"BM_Neu_003.fcs",3,"mature neutrophils","Comp-PE-A",511,"MFI","Sternum","mouse1","rep1","Wtnaive","male",NA,0,NA,"300GS",150,80,1970,"PE-A","DC-Trail-R1",1.93975869105134
"BM_Neu_003.fcs",3,"mature neutrophils","Comp-PE-Cy5-A",-531,"MFI","Sternum","mouse1","rep1","Wtnaive","male",NA,0,NA,"300GS",150,80,1970,"PE-Cy5-A","CD150",-1.97665165191078
"BM_Neu_003.fcs",3,"mature neutrophils","Comp-PE-Cy7-A",631,"MFI","Sternum","mouse1","rep1","Wtnaive","male",NA,0,NA,"300GS",150,80,1970,"PE-Cy7-A","CD101",2.14365488645348
"BM_Neu_003.fcs",3,"mature neutrophils","Comp-PE-Texas Red-A",1772,"MFI","Sternum","mouse1","rep1","Wtnaive","male",NA,0,NA,"300GS",150,80,1970,"PE-Texas Red-A","ICAM1",3.16416263337734
"BM_Neu_004.fcs",4,"mature neutrophils","Comp-APC-A",-126,"MFI","Calvaria","mouse1","rep1","Wtnaive","male",NA,0,NA,"300GS",300,80,1970,"APC-A","CD117",-0.763599221720576
"BM_Neu_004.fcs",4,"mature neutrophils","Comp-APC-Cy7-A",731,"MFI","Calvaria","mouse1","rep1","Wtnaive","male",NA,0,NA,"300GS",300,80,1970,"APC-Cy7-A","CD14",2.28728950795109
"BM_Neu_004.fcs",4,"mature neutrophils","Comp-BB700-A",607,"MFI","Calvaria","mouse1","rep1","Wtnaive","male",NA,0,NA,"300GS",300,80,1970,"BB700-A","CD16/32",2.10596917387967
"BM_Neu_004.fcs",4,"mature neutrophils","Comp-BUV395-A",-258,"MFI","Calvaria","mouse1","rep1","Wtnaive","male",NA,0,NA,"300GS",300,80,1970,"BUV395-A","Sca1",-1.31091672672067
"BM_Neu_004.fcs",4,"mature neutrophils","Comp-BUV496-A",1132,"MFI","Calvaria","mouse1","rep1","Wtnaive","male",NA,0,NA,"300GS",300,80,1970,"BUV496-A","MHCII",2.71861416822129
"BM_Neu_004.fcs",4,"mature neutrophils","Comp-BUV563-A",197,"MFI","Calvaria","mouse1","rep1","Wtnaive","male",NA,0,NA,"300GS",300,80,1970,"BUV563-A","CD106",1.08655442330519
"BM_Neu_004.fcs",4,"mature neutrophils","Comp-BUV615-A",425,"MFI","Calvaria","mouse1","rep1","Wtnaive","male",NA,0,NA,"300GS",300,80,1970,"BUV615-A","CCR5",1.7643813173238
"BM_Neu_004.fcs",4,"mature neutrophils","Comp-BUV661-A",3258,"MFI","Calvaria","mouse1","rep1","Wtnaive","male",NA,0,NA,"300GS",300,80,1970,"BUV661-A","CD74",3.77191018714916
"BM_Neu_004.fcs",4,"mature neutrophils","Comp-BUV737-A",5306,"MFI","Calvaria","mouse1","rep1","Wtnaive","male",NA,0,NA,"300GS",300,80,1970,"BUV737-A","Ly6G",4.25930515788328
"BM_Neu_004.fcs",4,"mature neutrophils","Comp-BUV805-A",14401,"MFI","Calvaria","mouse1","rep1","Wtnaive","male",NA,0,NA,"300GS",300,80,1970,"BUV805-A","CD45",5.25759193592656
"BM_Neu_004.fcs",4,"mature neutrophils","Comp-BV421-A",769,"MFI","Calvaria","mouse1","rep1","Wtnaive","male",NA,0,NA,"300GS",300,80,1970,"BV421-A","PDL1",2.3369818953165
"BM_Neu_004.fcs",4,"mature neutrophils","Comp-BV570-A",1303,"MFI","Calvaria","mouse1","rep1","Wtnaive","male",NA,0,NA,"300GS",300,80,1970,"BV570-A","CD44",2.85823321240506
"BM_Neu_004.fcs",4,"mature neutrophils","Comp-BV605-A",1560,"MFI","Calvaria","mouse1","rep1","Wtnaive","male",NA,0,NA,"300GS",300,80,1970,"BV605-A","CD115",3.03725640436464
"BM_Neu_004.fcs",4,"mature neutrophils","Comp-BV650-A",11053,"MFI","Calvaria","mouse1","rep1","Wtnaive","male",NA,0,NA,"300GS",300,80,1970,"BV650-A","Ly6C",4.99301508944385
"BM_Neu_004.fcs",4,"mature neutrophils","Comp-BV711-A",910,"MFI","Calvaria","mouse1","rep1","Wtnaive","male",NA,0,NA,"300GS",300,80,1970,"BV711-A","CD39",2.50268096000862
"BM_Neu_004.fcs",4,"mature neutrophils","Comp-BV786-A",4206,"MFI","Calvaria","mouse1","rep1","Wtnaive","male",NA,0,NA,"300GS",300,80,1970,"BV786-A","CD11b",4.02709705959843
"BM_Neu_004.fcs",4,"mature neutrophils","Comp-FITC-A",-55.6,"MFI","Calvaria","mouse1","rep1","Wtnaive","male",NA,0,NA,"300GS",300,80,1970,"FITC-A","CX3CR1",-0.36266429461592
"BM_Neu_004.fcs",4,"mature neutrophils","Comp-PE-A",491,"MFI","Calvaria","mouse1","rep1","Wtnaive","male",NA,0,NA,"300GS",300,80,1970,"PE-A","DC-Trail-R1",1.90151172945597
"BM_Neu_004.fcs",4,"mature neutrophils","Comp-PE-Cy5-A",-544,"MFI","Calvaria","mouse1","rep1","Wtnaive","male",NA,0,NA,"300GS",300,80,1970,"PE-Cy5-A","CD150",-1.99994850188414
"BM_Neu_004.fcs",4,"mature neutrophils","Comp-PE-Cy7-A",613,"MFI","Calvaria","mouse1","rep1","Wtnaive","male",NA,0,NA,"300GS",300,80,1970,"PE-Cy7-A","CD101",2.11552076513648
"BM_Neu_004.fcs",4,"mature neutrophils","Comp-PE-Texas Red-A",1866,"MFI","Calvaria","mouse1","rep1","Wtnaive","male",NA,0,NA,"300GS",300,80,1970,"PE-Texas Red-A","ICAM1",3.21567583854766
"BM_Neu_005.fcs",5,"mature neutrophils","Comp-APC-A",-108,"MFI","Femur","mouse2","rep2","Wtnaive","male",NA,0,NA,"300GS",450,50,1970,"APC-A","CD117",-0.66897422675428
"BM_Neu_005.fcs",5,"mature neutrophils","Comp-APC-Cy7-A",699,"MFI","Femur","mouse2","rep2","Wtnaive","male",NA,0,NA,"300GS",450,50,1970,"APC-Cy7-A","CD14",2.24348122194669
"BM_Neu_005.fcs",5,"mature neutrophils","Comp-BB700-A",682,"MFI","Femur","mouse2","rep2","Wtnaive","male",NA,0,NA,"300GS",450,50,1970,"BB700-A","CD16/32",2.21942142754046
"BM_Neu_005.fcs",5,"mature neutrophils","Comp-BUV395-A",-218,"MFI","Femur","mouse2","rep2","Wtnaive","male",NA,0,NA,"300GS",450,50,1970,"BUV395-A","Sca1",-1.16859530112034
"BM_Neu_005.fcs",5,"mature neutrophils","Comp-BUV496-A",1104,"MFI","Femur","mouse2","rep2","Wtnaive","male",NA,0,NA,"300GS",450,50,1970,"BUV496-A","MHCII",2.69379062253536
"BM_Neu_005.fcs",5,"mature neutrophils","Comp-BUV563-A",225,"MFI","Femur","mouse2","rep2","Wtnaive","male",NA,0,NA,"300GS",450,50,1970,"BUV563-A","CD106",1.19476321728711
"BM_Neu_005.fcs",5,"mature neutrophils","Comp-BUV615-A",398,"MFI","Femur","mouse2","rep2","Wtnaive","male",NA,0,NA,"300GS",450,50,1970,"BUV615-A","CCR5",1.70271950105717
"BM_Neu_005.fcs",5,"mature neutrophils","Comp-BUV661-A",3005,"MFI","Femur","mouse2","rep2","Wtnaive","male",NA,0,NA,"300GS",450,50,1970,"BUV661-A","CD74",3.69116707405337
"BM_Neu_005.fcs",5,"mature neutrophils","Comp-BUV737-A",4934,"MFI","Femur","mouse2","rep2","Wtnaive","male",NA,0,NA,"300GS",450,50,1970,"BUV737-A","Ly6G",4.18664816322787
"BM_Neu_005.fcs",5,"mature neutrophils","Comp-BUV805-A",12826,"MFI","Femur","mouse2","rep2","Wtnaive","male",NA,0,NA,"300GS",450,50,1970,"BUV805-A","CD45",5.1417757176432
"BM_Neu_005.fcs",5,"mature neutrophils","Comp-BV421-A",676,"MFI","Femur","mouse2","rep2","Wtnaive","male",NA,0,NA,"300GS",450,50,1970,"BV421-A","PDL1",2.21079289175438
"BM_Neu_005.fcs",5,"mature neutrophils","Comp-BV570-A",1171,"MFI","Femur","mouse2","rep2","Wtnaive","male",NA,0,NA,"300GS",450,50,1970,"BV570-A","CD44",2.75220236013089
"BM_Neu_005.fcs",5,"mature neutrophils","Comp-BV605-A",1376,"MFI","Femur","mouse2","rep2","Wtnaive","male",NA,0,NA,"300GS",450,50,1970,"BV605-A","CD115",2.91240563621532
"BM_Neu_005.fcs",5,"mature neutrophils","Comp-BV650-A",10194,"MFI","Femur","mouse2","rep2","Wtnaive","male",NA,0,NA,"300GS",450,50,1970,"BV650-A","Ly6C",4.91212060237609
"BM_Neu_005.fcs",5,"mature neutrophils","Comp-BV711-A",866,"MFI","Femur","mouse2","rep2","Wtnaive","male",NA,0,NA,"300GS",450,50,1970,"BV711-A","CD39",2.45381422954135
"BM_Neu_005.fcs",5,"mature neutrophils","Comp-BV786-A",3670,"MFI","Femur","mouse2","rep2","Wtnaive","male",NA,0,NA,"300GS",450,50,1970,"BV786-A","CD11b",3.89087619489376
"BM_Neu_005.fcs",5,"mature neutrophils","Comp-FITC-A",-50.3,"MFI","Femur","mouse2","rep2","Wtnaive","male",NA,0,NA,"300GS",450,50,1970,"FITC-A","CX3CR1",-0.329346946827768
"BM_Neu_005.fcs",5,"mature neutrophils","Comp-PE-A",465,"MFI","Femur","mouse2","rep2","Wtnaive","male",NA,0,NA,"300GS",450,50,1970,"PE-A","DC-Trail-R1",1.84960367947318
"BM_Neu_005.fcs",5,"mature neutrophils","Comp-PE-Cy5-A",-534,"MFI","Femur","mouse2","rep2","Wtnaive","male",NA,0,NA,"300GS",450,50,1970,"PE-Cy5-A","CD150",-1.98207442678672
"BM_Neu_005.fcs",5,"mature neutrophils","Comp-PE-Cy7-A",621,"MFI","Femur","mouse2","rep2","Wtnaive","male",NA,0,NA,"300GS",450,50,1970,"PE-Cy7-A","CD101",2.12811990547602
"BM_Neu_005.fcs",5,"mature neutrophils","Comp-PE-Texas Red-A",1797,"MFI","Femur","mouse2","rep2","Wtnaive","male",NA,0,NA,"300GS",450,50,1970,"PE-Texas Red-A","ICAM1",3.17812315204359
"BM_Neu_006.fcs",6,"mature neutrophils","Comp-APC-A",-63.4,"MFI","Lumbar","mouse2","rep2","Wtnaive","male",NA,0,NA,"300GS",450,40,1970,"APC-A","CD117",-0.410997655046513
"BM_Neu_006.fcs",6,"mature neutrophils","Comp-APC-Cy7-A",664,"MFI","Lumbar","mouse2","rep2","Wtnaive","male",NA,0,NA,"300GS",450,40,1970,"APC-Cy7-A","CD14",2.19331469108837
"BM_Neu_006.fcs",6,"mature neutrophils","Comp-BB700-A",636,"MFI","Lumbar","mouse2","rep2","Wtnaive","male",NA,0,NA,"300GS",450,40,1970,"BB700-A","CD16/32",2.15133522020368
"BM_Neu_006.fcs",6,"mature neutrophils","Comp-BUV395-A",-236,"MFI","Lumbar","mouse2","rep2","Wtnaive","male",NA,0,NA,"300GS",450,40,1970,"BUV395-A","Sca1",-1.23476478182691
"BM_Neu_006.fcs",6,"mature neutrophils","Comp-BUV496-A",1108,"MFI","Lumbar","mouse2","rep2","Wtnaive","male",NA,0,NA,"300GS",450,40,1970,"BUV496-A","MHCII",2.69737445282757
"BM_Neu_006.fcs",6,"mature neutrophils","Comp-BUV563-A",198,"MFI","Lumbar","mouse2","rep2","Wtnaive","male",NA,0,NA,"300GS",450,40,1970,"BUV563-A","CD106",1.09058661008107
"BM_Neu_006.fcs",6,"mature neutrophils","Comp-BUV615-A",300,"MFI","Lumbar","mouse2","rep2","Wtnaive","male",NA,0,NA,"300GS",450,40,1970,"BUV615-A","CCR5",1.44363547517881
"BM_Neu_006.fcs",6,"mature neutrophils","Comp-BUV661-A",2330,"MFI","Lumbar","mouse2","rep2","Wtnaive","male",NA,0,NA,"300GS",450,40,1970,"BUV661-A","CD74",3.43716994789741
"BM_Neu_006.fcs",6,"mature neutrophils","Comp-BUV737-A",4845,"MFI","Lumbar","mouse2","rep2","Wtnaive","male",NA,0,NA,"300GS",450,40,1970,"BUV737-A","Ly6G",4.16845395126902
"BM_Neu_006.fcs",6,"mature neutrophils","Comp-BUV805-A",11274,"MFI","Lumbar","mouse2","rep2","Wtnaive","male",NA,0,NA,"300GS",450,40,1970,"BUV805-A","CD45",5.01281060758759
"BM_Neu_006.fcs",6,"mature neutrophils","Comp-BV421-A",658,"MFI","Lumbar","mouse2","rep2","Wtnaive","male",NA,0,NA,"300GS",450,40,1970,"BV421-A","PDL1",2.18446254736329
"BM_Neu_006.fcs",6,"mature neutrophils","Comp-BV570-A",940,"MFI","Lumbar","mouse2","rep2","Wtnaive","male",NA,0,NA,"300GS",450,40,1970,"BV570-A","CD44",2.53469782130775
"BM_Neu_006.fcs",6,"mature neutrophils","Comp-BV605-A",1044,"MFI","Lumbar","mouse2","rep2","Wtnaive","male",NA,0,NA,"300GS",450,40,1970,"BV605-A","CD115",2.63844800884585
"BM_Neu_006.fcs",6,"mature neutrophils","Comp-BV650-A",8259,"MFI","Lumbar","mouse2","rep2","Wtnaive","male",NA,0,NA,"300GS",450,40,1970,"BV650-A","Ly6C",4.70165313468284
"BM_Neu_006.fcs",6,"mature neutrophils","Comp-BV711-A",757,"MFI","Lumbar","mouse2","rep2","Wtnaive","male",NA,0,NA,"300GS",450,40,1970,"BV711-A","CD39",2.32154959976744
"BM_Neu_006.fcs",6,"mature neutrophils","Comp-BV786-A",3555,"MFI","Lumbar","mouse2","rep2","Wtnaive","male",NA,0,NA,"300GS",450,40,1970,"BV786-A","CD11b",3.85906701721049
"BM_Neu_006.fcs",6,"mature neutrophils","Comp-FITC-A",-43.8,"MFI","Lumbar","mouse2","rep2","Wtnaive","male",NA,0,NA,"300GS",450,40,1970,"FITC-A","CX3CR1",-0.288002058111605
"BM_Neu_006.fcs",6,"mature neutrophils","Comp-PE-A",426,"MFI","Lumbar","mouse2","rep2","Wtnaive","male",NA,0,NA,"300GS",450,40,1970,"PE-A","DC-Trail-R1",1.76659779993373
"BM_Neu_006.fcs",6,"mature neutrophils","Comp-PE-Cy5-A",-454,"MFI","Lumbar","mouse2","rep2","Wtnaive","male",NA,0,NA,"300GS",450,40,1970,"PE-Cy5-A","CD150",-1.8268456377067
"BM_Neu_006.fcs",6,"mature neutrophils","Comp-PE-Cy7-A",631,"MFI","Lumbar","mouse2","rep2","Wtnaive","male",NA,0,NA,"300GS",450,40,1970,"PE-Cy7-A","CD101",2.14365488645348
"BM_Neu_006.fcs",6,"mature neutrophils","Comp-PE-Texas Red-A",1437,"MFI","Lumbar","mouse2","rep2","Wtnaive","male",NA,0,NA,"300GS",450,40,1970,"PE-Texas Red-A","ICAM1",2.95553772091749
"BM_Neu_007.fcs",7,"mature neutrophils","Comp-APC-A",-61.1,"MFI","Sternum","mouse2","rep2","Wtnaive","male",NA,0,NA,"300GS",150,80,1970,"APC-A","CD117",-0.396835509363027
"BM_Neu_007.fcs",7,"mature neutrophils","Comp-APC-Cy7-A",753,"MFI","Sternum","mouse2","rep2","Wtnaive","male",NA,0,NA,"300GS",150,80,1970,"APC-Cy7-A","CD14",2.31635313994897
"BM_Neu_007.fcs",7,"mature neutrophils","Comp-BB700-A",639,"MFI","Sternum","mouse2","rep2","Wtnaive","male",NA,0,NA,"300GS",150,80,1970,"BB700-A","CD16/32",2.15591601425802
"BM_Neu_007.fcs",7,"mature neutrophils","Comp-BUV395-A",-234,"MFI","Sternum","mouse2","rep2","Wtnaive","male",NA,0,NA,"300GS",150,80,1970,"BUV395-A","Sca1",-1.22759095838141
"BM_Neu_007.fcs",7,"mature neutrophils","Comp-BUV496-A",1157,"MFI","Sternum","mouse2","rep2","Wtnaive","male",NA,0,NA,"300GS",150,80,1970,"BUV496-A","MHCII",2.7402733707835
"BM_Neu_007.fcs",7,"mature neutrophils","Comp-BUV563-A",214,"MFI","Sternum","mouse2","rep2","Wtnaive","male",NA,0,NA,"300GS",150,80,1970,"BUV563-A","CD106",1.15338459606057
"BM_Neu_007.fcs",7,"mature neutrophils","Comp-BUV615-A",336,"MFI","Sternum","mouse2","rep2","Wtnaive","male",NA,0,NA,"300GS",150,80,1970,"BUV615-A","CCR5",1.54608901877631
"BM_Neu_007.fcs",7,"mature neutrophils","Comp-BUV661-A",2395,"MFI","Sternum","mouse2","rep2","Wtnaive","male",NA,0,NA,"300GS",150,80,1970,"BUV661-A","CD74",3.46462960121087
"BM_Neu_007.fcs",7,"mature neutrophils","Comp-BUV737-A",5426,"MFI","Sternum","mouse2","rep2","Wtnaive","male",NA,0,NA,"300GS",150,80,1970,"BUV737-A","Ly6G",4.28166038194892
"BM_Neu_007.fcs",7,"mature neutrophils","Comp-BUV805-A",11555,"MFI","Sternum","mouse2","rep2","Wtnaive","male",NA,0,NA,"300GS",150,80,1970,"BUV805-A","CD45",5.03742753565336
"BM_Neu_007.fcs",7,"mature neutrophils","Comp-BV421-A",695,"MFI","Sternum","mouse2","rep2","Wtnaive","male",NA,0,NA,"300GS",150,80,1970,"BV421-A","PDL1",2.23787077893662
"BM_Neu_007.fcs",7,"mature neutrophils","Comp-BV570-A",968,"MFI","Sternum","mouse2","rep2","Wtnaive","male",NA,0,NA,"300GS",150,80,1970,"BV570-A","CD44",2.5636936767385
"BM_Neu_007.fcs",7,"mature neutrophils","Comp-BV605-A",1057,"MFI","Sternum","mouse2","rep2","Wtnaive","male",NA,0,NA,"300GS",150,80,1970,"BV605-A","CD115",2.65069895794865
"BM_Neu_007.fcs",7,"mature neutrophils","Comp-BV650-A",8560,"MFI","Sternum","mouse2","rep2","Wtnaive","male",NA,0,NA,"300GS",150,80,1970,"BV650-A","Ly6C",4.73744411383694
"BM_Neu_007.fcs",7,"mature neutrophils","Comp-BV711-A",773,"MFI","Sternum","mouse2","rep2","Wtnaive","male",NA,0,NA,"300GS",150,80,1970,"BV711-A","CD39",2.34207448941045
"BM_Neu_007.fcs",7,"mature neutrophils","Comp-BV786-A",3620,"MFI","Sternum","mouse2","rep2","Wtnaive","male",NA,0,NA,"300GS",150,80,1970,"BV786-A","CD11b",3.87717016030879
"BM_Neu_007.fcs",7,"mature neutrophils","Comp-FITC-A",-47.2,"MFI","Sternum","mouse2","rep2","Wtnaive","male",NA,0,NA,"300GS",150,80,1970,"FITC-A","CX3CR1",-0.309692468432477
"BM_Neu_007.fcs",7,"mature neutrophils","Comp-PE-A",422,"MFI","Sternum","mouse2","rep2","Wtnaive","male",NA,0,NA,"300GS",150,80,1970,"PE-A","DC-Trail-R1",1.757703941795
"BM_Neu_007.fcs",7,"mature neutrophils","Comp-PE-Cy5-A",-473,"MFI","Sternum","mouse2","rep2","Wtnaive","male",NA,0,NA,"300GS",150,80,1970,"PE-Cy5-A","CD150",-1.86585083225376
"BM_Neu_007.fcs",7,"mature neutrophils","Comp-PE-Cy7-A",634,"MFI","Sternum","mouse2","rep2","Wtnaive","male",NA,0,NA,"300GS",150,80,1970,"PE-Cy7-A","CD101",2.14826997139952
"BM_Neu_007.fcs",7,"mature neutrophils","Comp-PE-Texas Red-A",1491,"MFI","Sternum","mouse2","rep2","Wtnaive","male",NA,0,NA,"300GS",150,80,1970,"PE-Texas Red-A","ICAM1",2.9922349236311
"BM_Neu_008.fcs",8,"mature neutrophils","Comp-APC-A",-79.7,"MFI","Calvaria","mouse2","rep2","Wtnaive","male",NA,0,NA,"300GS",300,80,1970,"APC-A","CD117",-0.509060185442296
"BM_Neu_008.fcs",8,"mature neutrophils","Comp-APC-Cy7-A",745,"MFI","Calvaria","mouse2","rep2","Wtnaive","male",NA,0,NA,"300GS",300,80,1970,"APC-Cy7-A","CD14",2.30588009603288
"BM_Neu_008.fcs",8,"mature neutrophils","Comp-BB700-A",623,"MFI","Calvaria","mouse2","rep2","Wtnaive","male",NA,0,NA,"300GS",300,80,1970,"BB700-A","CD16/32",2.13124573211198
"BM_Neu_008.fcs",8,"mature neutrophils","Comp-BUV395-A",-277,"MFI","Calvaria","mouse2","rep2","Wtnaive","male",NA,0,NA,"300GS",300,80,1970,"BUV395-A","Sca1",-1.37288206563288
"BM_Neu_008.fcs",8,"mature neutrophils","Comp-BUV496-A",1122,"MFI","Calvaria","mouse2","rep2","Wtnaive","male",NA,0,NA,"300GS",300,80,1970,"BUV496-A","MHCII",2.70981856197124
"BM_Neu_008.fcs",8,"mature neutrophils","Comp-BUV563-A",181,"MFI","Calvaria","mouse2","rep2","Wtnaive","male",NA,0,NA,"300GS",300,80,1970,"BUV563-A","CD106",1.02023404361105
"BM_Neu_008.fcs",8,"mature neutrophils","Comp-BUV615-A",344,"MFI","Calvaria","mouse2","rep2","Wtnaive","male",NA,0,NA,"300GS",300,80,1970,"BUV615-A","CCR5",1.56761712467642
"BM_Neu_008.fcs",8,"mature neutrophils","Comp-BUV661-A",2548,"MFI","Calvaria","mouse2","rep2","Wtnaive","male",NA,0,NA,"300GS",300,80,1970,"BUV661-A","CD74",3.52644118976354
"BM_Neu_008.fcs",8,"mature neutrophils","Comp-BUV737-A",5193,"MFI","Calvaria","mouse2","rep2","Wtnaive","male",NA,0,NA,"300GS",300,80,1970,"BUV737-A","Ly6G",4.23778725142442
"BM_Neu_008.fcs",8,"mature neutrophils","Comp-BUV805-A",12796,"MFI","Calvaria","mouse2","rep2","Wtnaive","male",NA,0,NA,"300GS",300,80,1970,"BUV805-A","CD45",5.13943413950609
"BM_Neu_008.fcs",8,"mature neutrophils","Comp-BV421-A",796,"MFI","Calvaria","mouse2","rep2","Wtnaive","male",NA,0,NA,"300GS",300,80,1970,"BV421-A","PDL1",2.37087275013189
"BM_Neu_008.fcs",8,"mature neutrophils","Comp-BV570-A",1007,"MFI","Calvaria","mouse2","rep2","Wtnaive","male",NA,0,NA,"300GS",300,80,1970,"BV570-A","CD44",2.60274425423094
"BM_Neu_008.fcs",8,"mature neutrophils","Comp-BV605-A",1124,"MFI","Calvaria","mouse2","rep2","Wtnaive","male",NA,0,NA,"300GS",300,80,1970,"BV605-A","CD115",2.7115838287388
"BM_Neu_008.fcs",8,"mature neutrophils","Comp-BV650-A",8913,"MFI","Calvaria","mouse2","rep2","Wtnaive","male",NA,0,NA,"300GS",300,80,1970,"BV650-A","Ly6C",4.77784884983381
"BM_Neu_008.fcs",8,"mature neutrophils","Comp-BV711-A",779,"MFI","Calvaria","mouse2","rep2","Wtnaive","male",NA,0,NA,"300GS",300,80,1970,"BV711-A","CD39",2.34966595823802
"BM_Neu_008.fcs",8,"mature neutrophils","Comp-BV786-A",4222,"MFI","Calvaria","mouse2","rep2","Wtnaive","male",NA,0,NA,"300GS",300,80,1970,"BV786-A","CD11b",4.03089152860129
"BM_Neu_008.fcs",8,"mature neutrophils","Comp-FITC-A",-48.5,"MFI","Calvaria","mouse2","rep2","Wtnaive","male",NA,0,NA,"300GS",300,80,1970,"FITC-A","CX3CR1",-0.317949187418766
"BM_Neu_008.fcs",8,"mature neutrophils","Comp-PE-A",461,"MFI","Calvaria","mouse2","rep2","Wtnaive","male",NA,0,NA,"300GS",300,80,1970,"PE-A","DC-Trail-R1",1.84138488776001
"BM_Neu_008.fcs",8,"mature neutrophils","Comp-PE-Cy5-A",-480,"MFI","Calvaria","mouse2","rep2","Wtnaive","male",NA,0,NA,"300GS",300,80,1970,"PE-Cy5-A","CD150",-1.87986358439691
"BM_Neu_008.fcs",8,"mature neutrophils","Comp-PE-Cy7-A",679,"MFI","Calvaria","mouse2","rep2","Wtnaive","male",NA,0,NA,"300GS",300,80,1970,"PE-Cy7-A","CD101",2.21511624696913
"BM_Neu_008.fcs",8,"mature neutrophils","Comp-PE-Texas Red-A",1537,"MFI","Calvaria","mouse2","rep2","Wtnaive","male",NA,0,NA,"300GS",300,80,1970,"PE-Texas Red-A","ICAM1",3.02247225478896
"BM_Neu_009.fcs",9,"mature neutrophils","Comp-APC-A",-73.8,"MFI","Femur","mouse3","rep3","Wtnaive","male",NA,0,NA,"300GS",450,50,1970,"APC-A","CD117",-0.474044983581216
"BM_Neu_009.fcs",9,"mature neutrophils","Comp-APC-Cy7-A",696,"MFI","Femur","mouse3","rep3","Wtnaive","male",NA,0,NA,"300GS",450,50,1970,"APC-Cy7-A","CD14",2.23927627718837
"BM_Neu_009.fcs",9,"mature neutrophils","Comp-BB700-A",651,"MFI","Femur","mouse3","rep3","Wtnaive","male",NA,0,NA,"300GS",450,50,1970,"BB700-A","CD16/32",2.17403755155916
"BM_Neu_009.fcs",9,"mature neutrophils","Comp-BUV395-A",-239,"MFI","Femur","mouse3","rep3","Wtnaive","male",NA,0,NA,"300GS",450,50,1970,"BUV395-A","Sca1",-1.24544469974729
"BM_Neu_009.fcs",9,"mature neutrophils","Comp-BUV496-A",1089,"MFI","Femur","mouse3","rep3","Wtnaive","male",NA,0,NA,"300GS",450,50,1970,"BUV496-A","MHCII",2.68023676352565
"BM_Neu_009.fcs",9,"mature neutrophils","Comp-BUV563-A",216,"MFI","Femur","mouse3","rep3","Wtnaive","male",NA,0,NA,"300GS",450,50,1970,"BUV563-A","CD106",1.16101370283877
"BM_Neu_009.fcs",9,"mature neutrophils","Comp-BUV615-A",318,"MFI","Femur","mouse3","rep3","Wtnaive","male",NA,0,NA,"300GS",450,50,1970,"BUV615-A","CCR5",1.49604828328163
"BM_Neu_009.fcs",9,"mature neutrophils","Comp-BUV661-A",2447,"MFI","Femur","mouse3","rep3","Wtnaive","male",NA,0,NA,"300GS",450,50,1970,"BUV661-A","CD74",3.48606803765179
"BM_Neu_009.fcs",9,"mature neutrophils","Comp-BUV737-A",4802,"MFI","Femur","mouse3","rep3","Wtnaive","male",NA,0,NA,"300GS",450,50,1970,"BUV737-A","Ly6G",4.1595435113367
"BM_Neu_009.fcs",9,"mature neutrophils","Comp-BUV805-A",12428,"MFI","Femur","mouse3","rep3","Wtnaive","male",NA,0,NA,"300GS",450,50,1970,"BUV805-A","CD45",5.11025557331825
"BM_Neu_009.fcs",9,"mature neutrophils","Comp-BV421-A",748,"MFI","Femur","mouse3","rep3","Wtnaive","male",NA,0,NA,"300GS",450,50,1970,"BV421-A","PDL1",2.30982010143196
"BM_Neu_009.fcs",9,"mature neutrophils","Comp-BV570-A",1068,"MFI","Femur","mouse3","rep3","Wtnaive","male",NA,0,NA,"300GS",450,50,1970,"BV570-A","CD44",2.66095033212811
"BM_Neu_009.fcs",9,"mature neutrophils","Comp-BV605-A",1228,"MFI","Femur","mouse3","rep3","Wtnaive","male",NA,0,NA,"300GS",450,50,1970,"BV605-A","CD115",2.79936344119654
"BM_Neu_009.fcs",9,"mature neutrophils","Comp-BV650-A",8379,"MFI","Femur","mouse3","rep3","Wtnaive","male",NA,0,NA,"300GS",450,50,1970,"BV650-A","Ly6C",4.71607585093442
"BM_Neu_009.fcs",9,"mature neutrophils","Comp-BV711-A",812,"MFI","Femur","mouse3","rep3","Wtnaive","male",NA,0,NA,"300GS",450,50,1970,"BV711-A","CD39",2.39043628564002
"BM_Neu_009.fcs",9,"mature neutrophils","Comp-BV786-A",4015,"MFI","Femur","mouse3","rep3","Wtnaive","male",NA,0,NA,"300GS",450,50,1970,"BV786-A","CD11b",3.98065327088578
"BM_Neu_009.fcs",9,"mature neutrophils","Comp-FITC-A",-48.3,"MFI","Femur","mouse3","rep3","Wtnaive","male",NA,0,NA,"300GS",450,50,1970,"FITC-A","CX3CR1",-0.316680274552236
"BM_Neu_009.fcs",9,"mature neutrophils","Comp-PE-A",497,"MFI","Femur","mouse3","rep3","Wtnaive","male",NA,0,NA,"300GS",450,50,1970,"PE-A","DC-Trail-R1",1.91313364143118
"BM_Neu_009.fcs",9,"mature neutrophils","Comp-PE-Cy5-A",-506,"MFI","Femur","mouse3","rep3","Wtnaive","male",NA,0,NA,"300GS",450,50,1970,"PE-Cy5-A","CD150",-1.93032755843526
"BM_Neu_009.fcs",9,"mature neutrophils","Comp-PE-Cy7-A",694,"MFI","Femur","mouse3","rep3","Wtnaive","male",NA,0,NA,"300GS",450,50,1970,"PE-Cy7-A","CD101",2.23646334706442
"BM_Neu_009.fcs",9,"mature neutrophils","Comp-PE-Texas Red-A",1640,"MFI","Femur","mouse3","rep3","Wtnaive","male",NA,0,NA,"300GS",450,50,1970,"PE-Texas Red-A","ICAM1",3.08704826579922
"BM_Neu_010.fcs",10,"mature neutrophils","Comp-APC-A",-65.9,"MFI","Lumbar","mouse3","rep3","Wtnaive","male",NA,0,NA,"300GS",450,40,1970,"APC-A","CD117",-0.426303169142835
"BM_Neu_010.fcs",10,"mature neutrophils","Comp-APC-Cy7-A",720,"MFI","Lumbar","mouse3","rep3","Wtnaive","male",NA,0,NA,"300GS",450,40,1970,"APC-Cy7-A","CD14",2.2724413273866
"BM_Neu_010.fcs",10,"mature neutrophils","Comp-BB700-A",617,"MFI","Lumbar","mouse3","rep3","Wtnaive","male",NA,0,NA,"300GS",450,40,1970,"BB700-A","CD16/32",2.12183961586225
"BM_Neu_010.fcs",10,"mature neutrophils","Comp-BUV395-A",-295,"MFI","Lumbar","mouse3","rep3","Wtnaive","male",NA,0,NA,"300GS",450,40,1970,"BUV395-A","Sca1",-1.42862819602127
"BM_Neu_010.fcs",10,"mature neutrophils","Comp-BUV496-A",1003,"MFI","Lumbar","mouse3","rep3","Wtnaive","male",NA,0,NA,"300GS",450,40,1970,"BUV496-A","MHCII",2.59880775432036
"BM_Neu_010.fcs",10,"mature neutrophils","Comp-BUV563-A",155,"MFI","Lumbar","mouse3","rep3","Wtnaive","male",NA,0,NA,"300GS",450,40,1970,"BUV563-A","CD106",0.904748498782685
"BM_Neu_010.fcs",10,"mature neutrophils","Comp-BUV615-A",299,"MFI","Lumbar","mouse3","rep3","Wtnaive","male",NA,0,NA,"300GS",450,40,1970,"BUV615-A","CCR5",1.44065006978431
"BM_Neu_010.fcs",10,"mature neutrophils","Comp-BUV661-A",2170,"MFI","Lumbar","mouse3","rep3","Wtnaive","male",NA,0,NA,"300GS",450,40,1970,"BUV661-A","CD74",3.36618674474732
"BM_Neu_010.fcs",10,"mature neutrophils","Comp-BUV737-A",5370,"MFI","Lumbar","mouse3","rep3","Wtnaive","male",NA,0,NA,"300GS",450,40,1970,"BUV737-A","Ly6G",4.27129007949329
"BM_Neu_010.fcs",10,"mature neutrophils","Comp-BUV805-A",12704,"MFI","Lumbar","mouse3","rep3","Wtnaive","male",NA,0,NA,"300GS",450,40,1970,"BUV805-A","CD45",5.13221892124022
"BM_Neu_010.fcs",10,"mature neutrophils","Comp-BV421-A",822,"MFI","Lumbar","mouse3","rep3","Wtnaive","male",NA,0,NA,"300GS",450,40,1970,"BV421-A","PDL1",2.40247510519724
"BM_Neu_010.fcs",10,"mature neutrophils","Comp-BV570-A",943,"MFI","Lumbar","mouse3","rep3","Wtnaive","male",NA,0,NA,"300GS",450,40,1970,"BV570-A","CD44",2.53784454226338
"BM_Neu_010.fcs",10,"mature neutrophils","Comp-BV605-A",1039,"MFI","Lumbar","mouse3","rep3","Wtnaive","male",NA,0,NA,"300GS",450,40,1970,"BV605-A","CD115",2.63369626091422
"BM_Neu_010.fcs",10,"mature neutrophils","Comp-BV650-A",7477,"MFI","Lumbar","mouse3","rep3","Wtnaive","male",NA,0,NA,"300GS",450,40,1970,"BV650-A","Ly6C",4.60219940844783
"BM_Neu_010.fcs",10,"mature neutrophils","Comp-BV711-A",750,"MFI","Lumbar","mouse3","rep3","Wtnaive","male",NA,0,NA,"300GS",450,40,1970,"BV711-A","CD39",2.31243834127275
"BM_Neu_010.fcs",10,"mature neutrophils","Comp-BV786-A",4525,"MFI","Lumbar","mouse3","rep3","Wtnaive","male",NA,0,NA,"300GS",450,40,1970,"BV786-A","CD11b",4.10015934635171
"BM_Neu_010.fcs",10,"mature neutrophils","Comp-FITC-A",-46.8,"MFI","Lumbar","mouse3","rep3","Wtnaive","male",NA,0,NA,"300GS",450,40,1970,"FITC-A","CX3CR1",-0.307147793445628
"BM_Neu_010.fcs",10,"mature neutrophils","Comp-PE-A",512,"MFI","Lumbar","mouse3","rep3","Wtnaive","male",NA,0,NA,"300GS",450,40,1970,"PE-A","DC-Trail-R1",1.94163472134517
"BM_Neu_010.fcs",10,"mature neutrophils","Comp-PE-Cy5-A",-473,"MFI","Lumbar","mouse3","rep3","Wtnaive","male",NA,0,NA,"300GS",450,40,1970,"PE-Cy5-A","CD150",-1.86585083225376
"BM_Neu_010.fcs",10,"mature neutrophils","Comp-PE-Cy7-A",718,"MFI","Lumbar","mouse3","rep3","Wtnaive","male",NA,0,NA,"300GS",450,40,1970,"PE-Cy7-A","CD101",2.26971831121427
"BM_Neu_010.fcs",10,"mature neutrophils","Comp-PE-Texas Red-A",1482,"MFI","Lumbar","mouse3","rep3","Wtnaive","male",NA,0,NA,"300GS",450,40,1970,"PE-Texas Red-A","ICAM1",2.98621100665408
"BM_Neu_011.fcs",11,"mature neutrophils","Comp-APC-A",-66.3,"MFI","Sternum","mouse3","rep3","Wtnaive","male",NA,0,NA,"300GS",150,80,1970,"APC-A","CD117",-0.428743408837141
"BM_Neu_011.fcs",11,"mature neutrophils","Comp-APC-Cy7-A",813,"MFI","Sternum","mouse3","rep3","Wtnaive","male",NA,0,NA,"300GS",150,80,1970,"APC-Cy7-A","CD14",2.39164660231017
"BM_Neu_011.fcs",11,"mature neutrophils","Comp-BB700-A",635,"MFI","Sternum","mouse3","rep3","Wtnaive","male",NA,0,NA,"300GS",150,80,1970,"BB700-A","CD16/32",2.14980373881268
"BM_Neu_011.fcs",11,"mature neutrophils","Comp-BUV395-A",-328,"MFI","Sternum","mouse3","rep3","Wtnaive","male",NA,0,NA,"300GS",150,80,1970,"BUV395-A","Sca1",-1.52412922435797
"BM_Neu_011.fcs",11,"mature neutrophils","Comp-BUV496-A",1090,"MFI","Sternum","mouse3","rep3","Wtnaive","male",NA,0,NA,"300GS",150,80,1970,"BUV496-A","MHCII",2.68114603852972
"BM_Neu_011.fcs",11,"mature neutrophils","Comp-BUV563-A",189,"MFI","Sternum","mouse3","rep3","Wtnaive","male",NA,0,NA,"300GS",150,80,1970,"BUV563-A","CD106",1.05382476034608
"BM_Neu_011.fcs",11,"mature neutrophils","Comp-BUV615-A",262,"MFI","Sternum","mouse3","rep3","Wtnaive","male",NA,0,NA,"300GS",150,80,1970,"BUV615-A","CCR5",1.32424278214724
"BM_Neu_011.fcs",11,"mature neutrophils","Comp-BUV661-A",2161,"MFI","Sternum","mouse3","rep3","Wtnaive","male",NA,0,NA,"300GS",150,80,1970,"BUV661-A","CD74",3.36204058964932
"BM_Neu_011.fcs",11,"mature neutrophils","Comp-BUV737-A",6389,"MFI","Sternum","mouse3","rep3","Wtnaive","male",NA,0,NA,"300GS",150,80,1970,"BUV737-A","Ly6G",4.4449827009807
"BM_Neu_011.fcs",11,"mature neutrophils","Comp-BUV805-A",13246,"MFI","Sternum","mouse3","rep3","Wtnaive","male",NA,0,NA,"300GS",150,80,1970,"BUV805-A","CD45",5.17399484319247
"BM_Neu_011.fcs",11,"mature neutrophils","Comp-BV421-A",861,"MFI","Sternum","mouse3","rep3","Wtnaive","male",NA,0,NA,"300GS",150,80,1970,"BV421-A","PDL1",2.4481092626175
"BM_Neu_011.fcs",11,"mature neutrophils","Comp-BV570-A",1009,"MFI","Sternum","mouse3","rep3","Wtnaive","male",NA,0,NA,"300GS",150,80,1970,"BV570-A","CD44",2.6047067715511
"BM_Neu_011.fcs",11,"mature neutrophils","Comp-BV605-A",1130,"MFI","Sternum","mouse3","rep3","Wtnaive","male",NA,0,NA,"300GS",150,80,1970,"BV605-A","CD115",2.71686117128298
"BM_Neu_011.fcs",11,"mature neutrophils","Comp-BV650-A",7488,"MFI","Sternum","mouse3","rep3","Wtnaive","male",NA,0,NA,"300GS",150,80,1970,"BV650-A","Ly6C",4.60366921029774
"BM_Neu_011.fcs",11,"mature neutrophils","Comp-BV711-A",847,"MFI","Sternum","mouse3","rep3","Wtnaive","male",NA,0,NA,"300GS",150,80,1970,"BV711-A","CD39",2.43196265596912
"BM_Neu_011.fcs",11,"mature neutrophils","Comp-BV786-A",4780,"MFI","Sternum","mouse3","rep3","Wtnaive","male",NA,0,NA,"300GS",150,80,1970,"BV786-A","CD11b",4.15495380900304
"BM_Neu_011.fcs",11,"mature neutrophils","Comp-FITC-A",-52.2,"MFI","Sternum","mouse3","rep3","Wtnaive","male",NA,0,NA,"300GS",150,80,1970,"FITC-A","CX3CR1",-0.341333250530944
"BM_Neu_011.fcs",11,"mature neutrophils","Comp-PE-A",531,"MFI","Sternum","mouse3","rep3","Wtnaive","male",NA,0,NA,"300GS",150,80,1970,"PE-A","DC-Trail-R1",1.97665165191078
"BM_Neu_011.fcs",11,"mature neutrophils","Comp-PE-Cy5-A",-499,"MFI","Sternum","mouse3","rep3","Wtnaive","male",NA,0,NA,"300GS",150,80,1970,"PE-Cy5-A","CD150",-1.91697905999302
"BM_Neu_011.fcs",11,"mature neutrophils","Comp-PE-Cy7-A",794,"MFI","Sternum","mouse3","rep3","Wtnaive","male",NA,0,NA,"300GS",150,80,1970,"PE-Cy7-A","CD101",2.36840064414852
"BM_Neu_011.fcs",11,"mature neutrophils","Comp-PE-Texas Red-A",1588,"MFI","Sternum","mouse3","rep3","Wtnaive","male",NA,0,NA,"300GS",150,80,1970,"PE-Texas Red-A","ICAM1",3.05496570083268
"BM_Neu_012.fcs",12,"mature neutrophils","Comp-APC-A",-71.6,"MFI","Calvaria","mouse3","rep3","Wtnaive","male",NA,0,NA,"300GS",300,80,1970,"APC-A","CD117",-0.460846809252281
"BM_Neu_012.fcs",12,"mature neutrophils","Comp-APC-Cy7-A",1078,"MFI","Calvaria","mouse3","rep3","Wtnaive","male",NA,0,NA,"300GS",300,80,1970,"APC-Cy7-A","CD14",2.67018030824305
"BM_Neu_012.fcs",12,"mature neutrophils","Comp-BB700-A",615,"MFI","Calvaria","mouse3","rep3","Wtnaive","male",NA,0,NA,"300GS",300,80,1970,"BB700-A","CD16/32",2.11868503933338
"BM_Neu_012.fcs",12,"mature neutrophils","Comp-BUV395-A",-304,"MFI","Calvaria","mouse3","rep3","Wtnaive","male",NA,0,NA,"300GS",300,80,1970,"BUV395-A","Sca1",-1.45549796085089
"BM_Neu_012.fcs",12,"mature neutrophils","Comp-BUV496-A",1011,"MFI","Calvaria","mouse3","rep3","Wtnaive","male",NA,0,NA,"300GS",300,80,1970,"BUV496-A","MHCII",2.60666548664366
"BM_Neu_012.fcs",12,"mature neutrophils","Comp-BUV563-A",155,"MFI","Calvaria","mouse3","rep3","Wtnaive","male",NA,0,NA,"300GS",300,80,1970,"BUV563-A","CD106",0.904748498782685
"BM_Neu_012.fcs",12,"mature neutrophils","Comp-BUV615-A",339,"MFI","Calvaria","mouse3","rep3","Wtnaive","male",NA,0,NA,"300GS",300,80,1970,"BUV615-A","CCR5",1.55421182170858
"BM_Neu_012.fcs",12,"mature neutrophils","Comp-BUV661-A",2625,"MFI","Calvaria","mouse3","rep3","Wtnaive","male",NA,0,NA,"300GS",300,80,1970,"BUV661-A","CD74",3.55616339024595
"BM_Neu_012.fcs",12,"mature neutrophils","Comp-BUV737-A",5254,"MFI","Calvaria","mouse3","rep3","Wtnaive","male",NA,0,NA,"300GS",300,80,1970,"BUV737-A","Ly6G",4.24946056545959
"BM_Neu_012.fcs",12,"mature neutrophils","Comp-BUV805-A",13866,"MFI","Calvaria","mouse3","rep3","Wtnaive","male",NA,0,NA,"300GS",300,80,1970,"BUV805-A","CD45",5.21973622103178
"BM_Neu_012.fcs",12,"mature neutrophils","Comp-BV421-A",914,"MFI","Calvaria","mouse3","rep3","Wtnaive","male",NA,0,NA,"300GS",300,80,1970,"BV421-A","PDL1",2.50700878483465
"BM_Neu_012.fcs",12,"mature neutrophils","Comp-BV570-A",1171,"MFI","Calvaria","mouse3","rep3","Wtnaive","male",NA,0,NA,"300GS",300,80,1970,"BV570-A","CD44",2.75220236013089
"BM_Neu_012.fcs",12,"mature neutrophils","Comp-BV605-A",1380,"MFI","Calvaria","mouse3","rep3","Wtnaive","male",NA,0,NA,"300GS",300,80,1970,"BV605-A","CD115",2.91529134965747
"BM_Neu_012.fcs",12,"mature neutrophils","Comp-BV650-A",9364,"MFI","Calvaria","mouse3","rep3","Wtnaive","male",NA,0,NA,"300GS",300,80,1970,"BV650-A","Ly6C",4.82720385935386
"BM_Neu_012.fcs",12,"mature neutrophils","Comp-BV711-A",876,"MFI","Calvaria","mouse3","rep3","Wtnaive","male",NA,0,NA,"300GS",300,80,1970,"BV711-A","CD39",2.46512884285887
"BM_Neu_012.fcs",12,"mature neutrophils","Comp-BV786-A",4912,"MFI","Calvaria","mouse3","rep3","Wtnaive","male",NA,0,NA,"300GS",300,80,1970,"BV786-A","CD11b",4.18218140891048
"BM_Neu_012.fcs",12,"mature neutrophils","Comp-FITC-A",-52.2,"MFI","Calvaria","mouse3","rep3","Wtnaive","male",NA,0,NA,"300GS",300,80,1970,"FITC-A","CX3CR1",-0.341333250530944
"BM_Neu_012.fcs",12,"mature neutrophils","Comp-PE-A",505,"MFI","Calvaria","mouse3","rep3","Wtnaive","male",NA,0,NA,"300GS",300,80,1970,"PE-A","DC-Trail-R1",1.92843105301064
"BM_Neu_012.fcs",12,"mature neutrophils","Comp-PE-Cy5-A",-535,"MFI","Calvaria","mouse3","rep3","Wtnaive","male",NA,0,NA,"300GS",300,80,1970,"PE-Cy5-A","CD150",-1.98387574589913
"BM_Neu_012.fcs",12,"mature neutrophils","Comp-PE-Cy7-A",679,"MFI","Calvaria","mouse3","rep3","Wtnaive","male",NA,0,NA,"300GS",300,80,1970,"PE-Cy7-A","CD101",2.21511624696913
"BM_Neu_012.fcs",12,"mature neutrophils","Comp-PE-Texas Red-A",1670,"MFI","Calvaria","mouse3","rep3","Wtnaive","male",NA,0,NA,"300GS",300,80,1970,"PE-Texas Red-A","ICAM1",3.10510164134021
"BM_Neu_013.fcs",13,"mature neutrophils","Comp-APC-A",-65.5,"MFI","Femur","mouse4","rep4","Wtnaive","male",NA,0,NA,"300GS",450,50,1970,"APC-A","CD117",-0.423860531929774
"BM_Neu_013.fcs",13,"mature neutrophils","Comp-APC-Cy7-A",951,"MFI","Femur","mouse4","rep4","Wtnaive","male",NA,0,NA,"300GS",450,50,1970,"APC-Cy7-A","CD14",2.5461882994694
"BM_Neu_013.fcs",13,"mature neutrophils","Comp-BB700-A",664,"MFI","Femur","mouse4","rep4","Wtnaive","male",NA,0,NA,"300GS",450,50,1970,"BB700-A","CD16/32",2.19331469108837
"BM_Neu_013.fcs",13,"mature neutrophils","Comp-BUV395-A",-278,"MFI","Femur","mouse4","rep4","Wtnaive","male",NA,0,NA,"300GS",450,50,1970,"BUV395-A","Sca1",-1.37605218094972
"BM_Neu_013.fcs",13,"mature neutrophils","Comp-BUV496-A",989,"MFI","Femur","mouse4","rep4","Wtnaive","male",NA,0,NA,"300GS",450,50,1970,"BUV496-A","MHCII",2.58490805694677
"BM_Neu_013.fcs",13,"mature neutrophils","Comp-BUV563-A",216,"MFI","Femur","mouse4","rep4","Wtnaive","male",NA,0,NA,"300GS",450,50,1970,"BUV563-A","CD106",1.16101370283877
"BM_Neu_013.fcs",13,"mature neutrophils","Comp-BUV615-A",315,"MFI","Femur","mouse4","rep4","Wtnaive","male",NA,0,NA,"300GS",450,50,1970,"BUV615-A","CCR5",1.48748283664127
"BM_Neu_013.fcs",13,"mature neutrophils","Comp-BUV661-A",2537,"MFI","Femur","mouse4","rep4","Wtnaive","male",NA,0,NA,"300GS",450,50,1970,"BUV661-A","CD74",3.52212224257598
"BM_Neu_013.fcs",13,"mature neutrophils","Comp-BUV737-A",4913,"MFI","Femur","mouse4","rep4","Wtnaive","male",NA,0,NA,"300GS",450,50,1970,"BUV737-A","Ly6G",4.18238487642313
"BM_Neu_013.fcs",13,"mature neutrophils","Comp-BUV805-A",12530,"MFI","Femur","mouse4","rep4","Wtnaive","male",NA,0,NA,"300GS",450,50,1970,"BUV805-A","CD45",5.1184287602486
"BM_Neu_013.fcs",13,"mature neutrophils","Comp-BV421-A",789,"MFI","Femur","mouse4","rep4","Wtnaive","male",NA,0,NA,"300GS",450,50,1970,"BV421-A","PDL1",2.3621939797587
"BM_Neu_013.fcs",13,"mature neutrophils","Comp-BV570-A",1039,"MFI","Femur","mouse4","rep4","Wtnaive","male",NA,0,NA,"300GS",450,50,1970,"BV570-A","CD44",2.63369626091422
"BM_Neu_013.fcs",13,"mature neutrophils","Comp-BV605-A",1229,"MFI","Femur","mouse4","rep4","Wtnaive","male",NA,0,NA,"300GS",450,50,1970,"BV605-A","CD115",2.80017144132583
"BM_Neu_013.fcs",13,"mature neutrophils","Comp-BV650-A",8645,"MFI","Femur","mouse4","rep4","Wtnaive","male",NA,0,NA,"300GS",450,50,1970,"BV650-A","Ly6C",4.74732354099268
"BM_Neu_013.fcs",13,"mature neutrophils","Comp-BV711-A",955,"MFI","Femur","mouse4","rep4","Wtnaive","male",NA,0,NA,"300GS",450,50,1970,"BV711-A","CD39",2.55033453180368
"BM_Neu_013.fcs",13,"mature neutrophils","Comp-BV786-A",4134,"MFI","Femur","mouse4","rep4","Wtnaive","male",NA,0,NA,"300GS",450,50,1970,"BV786-A","CD11b",4.00984160501903
"BM_Neu_013.fcs",13,"mature neutrophils","Comp-FITC-A",-48.1,"MFI","Femur","mouse4","rep4","Wtnaive","male",NA,0,NA,"300GS",450,50,1970,"FITC-A","CX3CR1",-0.315410867982687
"BM_Neu_013.fcs",13,"mature neutrophils","Comp-PE-A",458,"MFI","Femur","mouse4","rep4","Wtnaive","male",NA,0,NA,"300GS",450,50,1970,"PE-A","DC-Trail-R1",1.83517836122744
"BM_Neu_013.fcs",13,"mature neutrophils","Comp-PE-Cy5-A",-503,"MFI","Femur","mouse4","rep4","Wtnaive","male",NA,0,NA,"300GS",450,50,1970,"PE-Cy5-A","CD150",-1.9246276677217
"BM_Neu_013.fcs",13,"mature neutrophils","Comp-PE-Cy7-A",571,"MFI","Femur","mouse4","rep4","Wtnaive","male",NA,0,NA,"300GS",450,50,1970,"PE-Cy7-A","CD101",2.04672343645623
"BM_Neu_013.fcs",13,"mature neutrophils","Comp-PE-Texas Red-A",1594,"MFI","Femur","mouse4","rep4","Wtnaive","male",NA,0,NA,"300GS",450,50,1970,"PE-Texas Red-A","ICAM1",3.05872026843243
"BM_Neu_014.fcs",14,"mature neutrophils","Comp-APC-A",-62.2,"MFI","Lumbar","mouse4","rep4","Wtnaive","male",NA,0,NA,"300GS",450,40,1970,"APC-A","CD117",-0.40361829940734
"BM_Neu_014.fcs",14,"mature neutrophils","Comp-APC-Cy7-A",947,"MFI","Lumbar","mouse4","rep4","Wtnaive","male",NA,0,NA,"300GS",450,40,1970,"APC-Cy7-A","CD14",2.54202501597258
"BM_Neu_014.fcs",14,"mature neutrophils","Comp-BB700-A",639,"MFI","Lumbar","mouse4","rep4","Wtnaive","male",NA,0,NA,"300GS",450,40,1970,"BB700-A","CD16/32",2.15591601425802
"BM_Neu_014.fcs",14,"mature neutrophils","Comp-BUV395-A",-300,"MFI","Lumbar","mouse4","rep4","Wtnaive","male",NA,0,NA,"300GS",450,40,1970,"BUV395-A","Sca1",-1.44363547517881
"BM_Neu_014.fcs",14,"mature neutrophils","Comp-BUV496-A",1008,"MFI","Lumbar","mouse4","rep4","Wtnaive","male",NA,0,NA,"300GS",450,40,1970,"BUV496-A","MHCII",2.60372598908164
"BM_Neu_014.fcs",14,"mature neutrophils","Comp-BUV563-A",200,"MFI","Lumbar","mouse4","rep4","Wtnaive","male",NA,0,NA,"300GS",450,40,1970,"BUV563-A","CD106",1.09861228866811
"BM_Neu_014.fcs",14,"mature neutrophils","Comp-BUV615-A",299,"MFI","Lumbar","mouse4","rep4","Wtnaive","male",NA,0,NA,"300GS",450,40,1970,"BUV615-A","CCR5",1.44065006978431
"BM_Neu_014.fcs",14,"mature neutrophils","Comp-BUV661-A",2436,"MFI","Lumbar","mouse4","rep4","Wtnaive","male",NA,0,NA,"300GS",450,40,1970,"BUV661-A","CD74",3.48157108218411
"BM_Neu_014.fcs",14,"mature neutrophils","Comp-BUV737-A",5121,"MFI","Lumbar","mouse4","rep4","Wtnaive","male",NA,0,NA,"300GS",450,40,1970,"BUV737-A","Ly6G",4.223831321875
"BM_Neu_014.fcs",14,"mature neutrophils","Comp-BUV805-A",12636,"MFI","Lumbar","mouse4","rep4","Wtnaive","male",NA,0,NA,"300GS",450,40,1970,"BUV805-A","CD45",5.12685227576563
"BM_Neu_014.fcs",14,"mature neutrophils","Comp-BV421-A",807,"MFI","Lumbar","mouse4","rep4","Wtnaive","male",NA,0,NA,"300GS",450,40,1970,"BV421-A","PDL1",2.38436300130442
"BM_Neu_014.fcs",14,"mature neutrophils","Comp-BV570-A",1027,"MFI","Lumbar","mouse4","rep4","Wtnaive","male",NA,0,NA,"300GS",450,40,1970,"BV570-A","CD44",2.6222000552158
"BM_Neu_014.fcs",14,"mature neutrophils","Comp-BV605-A",1210,"MFI","Lumbar","mouse4","rep4","Wtnaive","male",NA,0,NA,"300GS",450,40,1970,"BV605-A","CD115",2.7847075220092
"BM_Neu_014.fcs",14,"mature neutrophils","Comp-BV650-A",8453,"MFI","Lumbar","mouse4","rep4","Wtnaive","male",NA,0,NA,"300GS",450,40,1970,"BV650-A","Ly6C",4.72486728694476
"BM_Neu_014.fcs",14,"mature neutrophils","Comp-BV711-A",898,"MFI","Lumbar","mouse4","rep4","Wtnaive","male",NA,0,NA,"300GS",450,40,1970,"BV711-A","CD39",2.48958549305869
"BM_Neu_014.fcs",14,"mature neutrophils","Comp-BV786-A",4366,"MFI","Lumbar","mouse4","rep4","Wtnaive","male",NA,0,NA,"300GS",450,40,1970,"BV786-A","CD11b",4.06440938343008
"BM_Neu_014.fcs",14,"mature neutrophils","Comp-FITC-A",-47.9,"MFI","Lumbar","mouse4","rep4","Wtnaive","male",NA,0,NA,"300GS",450,40,1970,"FITC-A","CX3CR1",-0.314140969181305
"BM_Neu_014.fcs",14,"mature neutrophils","Comp-PE-A",457,"MFI","Lumbar","mouse4","rep4","Wtnaive","male",NA,0,NA,"300GS",450,40,1970,"PE-A","DC-Trail-R1",1.83310135612834
"BM_Neu_014.fcs",14,"mature neutrophils","Comp-PE-Cy5-A",-484,"MFI","Lumbar","mouse4","rep4","Wtnaive","male",NA,0,NA,"300GS",450,40,1970,"PE-Cy5-A","CD150",-1.8877875357102
"BM_Neu_014.fcs",14,"mature neutrophils","Comp-PE-Cy7-A",576,"MFI","Lumbar","mouse4","rep4","Wtnaive","male",NA,0,NA,"300GS",450,40,1970,"PE-Cy7-A","CD101",2.05515814465946
"BM_Neu_014.fcs",14,"mature neutrophils","Comp-PE-Texas Red-A",1521,"MFI","Lumbar","mouse4","rep4","Wtnaive","male",NA,0,NA,"300GS",450,40,1970,"PE-Texas Red-A","ICAM1",3.01205780149367
"BM_Neu_015.fcs",15,"mature neutrophils","Comp-APC-A",-69,"MFI","Sternum","mouse4","rep4","Wtnaive","male",NA,0,NA,"300GS",150,80,1970,"APC-A","CD117",-0.445151759147682
"BM_Neu_015.fcs",15,"mature neutrophils","Comp-APC-Cy7-A",1028,"MFI","Sternum","mouse4","rep4","Wtnaive","male",NA,0,NA,"300GS",150,80,1970,"APC-Cy7-A","CD14",2.62316308349526
"BM_Neu_015.fcs",15,"mature neutrophils","Comp-BB700-A",638,"MFI","Sternum","mouse4","rep4","Wtnaive","male",NA,0,NA,"300GS",150,80,1970,"BB700-A","CD16/32",2.15439135135266
"BM_Neu_015.fcs",15,"mature neutrophils","Comp-BUV395-A",-361,"MFI","Sternum","mouse4","rep4","Wtnaive","male",NA,0,NA,"300GS",150,80,1970,"BUV395-A","Sca1",-1.61199898492346
"BM_Neu_015.fcs",15,"mature neutrophils","Comp-BUV496-A",1016,"MFI","Sternum","mouse4","rep4","Wtnaive","male",NA,0,NA,"300GS",150,80,1970,"BUV496-A","MHCII",2.61154573486544
"BM_Neu_015.fcs",15,"mature neutrophils","Comp-BUV563-A",204,"MFI","Sternum","mouse4","rep4","Wtnaive","male",NA,0,NA,"300GS",150,80,1970,"BUV563-A","CD106",1.11451051536296
"BM_Neu_015.fcs",15,"mature neutrophils","Comp-BUV615-A",246,"MFI","Sternum","mouse4","rep4","Wtnaive","male",NA,0,NA,"300GS",150,80,1970,"BUV615-A","CCR5",1.26999454910272
"BM_Neu_015.fcs",15,"mature neutrophils","Comp-BUV661-A",2290,"MFI","Sternum","mouse4","rep4","Wtnaive","male",NA,0,NA,"300GS",150,80,1970,"BUV661-A","CD74",3.41988989530631
"BM_Neu_015.fcs",15,"mature neutrophils","Comp-BUV737-A",6082,"MFI","Sternum","mouse4","rep4","Wtnaive","male",NA,0,NA,"300GS",150,80,1970,"BUV737-A","Ly6G",4.39575278517717
"BM_Neu_015.fcs",15,"mature neutrophils","Comp-BUV805-A",13175,"MFI","Sternum","mouse4","rep4","Wtnaive","male",NA,0,NA,"300GS",150,80,1970,"BUV805-A","CD45",5.16862066398861
"BM_Neu_015.fcs",15,"mature neutrophils","Comp-BV421-A",912,"MFI","Sternum","mouse4","rep4","Wtnaive","male",NA,0,NA,"300GS",150,80,1970,"BV421-A","PDL1",2.50484718263918
"BM_Neu_015.fcs",15,"mature neutrophils","Comp-BV570-A",985,"MFI","Sternum","mouse4","rep4","Wtnaive","male",NA,0,NA,"300GS",150,80,1970,"BV570-A","CD44",2.58090137307849
"BM_Neu_015.fcs",15,"mature neutrophils","Comp-BV605-A",1139,"MFI","Sternum","mouse4","rep4","Wtnaive","male",NA,0,NA,"300GS",150,80,1970,"BV605-A","CD115",2.72472577734518
"BM_Neu_015.fcs",15,"mature neutrophils","Comp-BV650-A",7719,"MFI","Sternum","mouse4","rep4","Wtnaive","male",NA,0,NA,"300GS",150,80,1970,"BV650-A","Ly6C",4.6340463802319
"BM_Neu_015.fcs",15,"mature neutrophils","Comp-BV711-A",931,"MFI","Sternum","mouse4","rep4","Wtnaive","male",NA,0,NA,"300GS",150,80,1970,"BV711-A","CD39",2.52519856392093
"BM_Neu_015.fcs",15,"mature neutrophils","Comp-BV786-A",4992,"MFI","Sternum","mouse4","rep4","Wtnaive","male",NA,0,NA,"300GS",150,80,1970,"BV786-A","CD11b",4.19832944185751
"BM_Neu_015.fcs",15,"mature neutrophils","Comp-FITC-A",-51.9,"MFI","Sternum","mouse4","rep4","Wtnaive","male",NA,0,NA,"300GS",150,80,1970,"FITC-A","CX3CR1",-0.339443773323187
"BM_Neu_015.fcs",15,"mature neutrophils","Comp-PE-A",475,"MFI","Sternum","mouse4","rep4","Wtnaive","male",NA,0,NA,"300GS",150,80,1970,"PE-A","DC-Trail-R1",1.86987362215714
"BM_Neu_015.fcs",15,"mature neutrophils","Comp-PE-Cy5-A",-476,"MFI","Sternum","mouse4","rep4","Wtnaive","male",NA,0,NA,"300GS",150,80,1970,"PE-Cy5-A","CD150",-1.87187924536002
"BM_Neu_015.fcs",15,"mature neutrophils","Comp-PE-Cy7-A",619,"MFI","Sternum","mouse4","rep4","Wtnaive","male",NA,0,NA,"300GS",150,80,1970,"PE-Cy7-A","CD101",2.12498455223656
"BM_Neu_015.fcs",15,"mature neutrophils","Comp-PE-Texas Red-A",1567,"MFI","Sternum","mouse4","rep4","Wtnaive","male",NA,0,NA,"300GS",150,80,1970,"PE-Texas Red-A","ICAM1",3.04171308317182
"BM_Neu_016.fcs",16,"mature neutrophils","Comp-APC-A",-78.3,"MFI","Calvaria","mouse4","rep4","Wtnaive","male",NA,0,NA,"300GS",300,80,1970,"APC-A","CD117",-0.500802151412414
"BM_Neu_016.fcs",16,"mature neutrophils","Comp-APC-Cy7-A",1121,"MFI","Calvaria","mouse4","rep4","Wtnaive","male",NA,0,NA,"300GS",300,80,1970,"APC-Cy7-A","CD14",2.7089347689711
"BM_Neu_016.fcs",16,"mature neutrophils","Comp-BB700-A",645,"MFI","Calvaria","mouse4","rep4","Wtnaive","male",NA,0,NA,"300GS",300,80,1970,"BB700-A","CD16/32",2.16501676414533
"BM_Neu_016.fcs",16,"mature neutrophils","Comp-BUV395-A",-340,"MFI","Calvaria","mouse4","rep4","Wtnaive","male",NA,0,NA,"300GS",300,80,1970,"BUV395-A","Sca1",-1.5569060738532
"BM_Neu_016.fcs",16,"mature neutrophils","Comp-BUV496-A",1027,"MFI","Calvaria","mouse4","rep4","Wtnaive","male",NA,0,NA,"300GS",300,80,1970,"BUV496-A","MHCII",2.6222000552158
"BM_Neu_016.fcs",16,"mature neutrophils","Comp-BUV563-A",177,"MFI","Calvaria","mouse4","rep4","Wtnaive","male",NA,0,NA,"300GS",300,80,1970,"BUV563-A","CD106",1.00310620783867
"BM_Neu_016.fcs",16,"mature neutrophils","Comp-BUV615-A",350,"MFI","Calvaria","mouse4","rep4","Wtnaive","male",NA,0,NA,"300GS",300,80,1970,"BUV615-A","CCR5",1.5834890066051
"BM_Neu_016.fcs",16,"mature neutrophils","Comp-BUV661-A",2754,"MFI","Calvaria","mouse4","rep4","Wtnaive","male",NA,0,NA,"300GS",300,80,1970,"BUV661-A","CD74",3.60406238463695
"BM_Neu_016.fcs",16,"mature neutrophils","Comp-BUV737-A",5638,"MFI","Calvaria","mouse4","rep4","Wtnaive","male",NA,0,NA,"300GS",300,80,1970,"BUV737-A","Ly6G",4.31997347007383
"BM_Neu_016.fcs",16,"mature neutrophils","Comp-BUV805-A",14807,"MFI","Calvaria","mouse4","rep4","Wtnaive","male",NA,0,NA,"300GS",300,80,1970,"BUV805-A","CD45",5.28539286235128
"BM_Neu_016.fcs",16,"mature neutrophils","Comp-BV421-A",1036,"MFI","Calvaria","mouse4","rep4","Wtnaive","male",NA,0,NA,"300GS",300,80,1970,"BV421-A","PDL1",2.63083444812414
"BM_Neu_016.fcs",16,"mature neutrophils","Comp-BV570-A",1163,"MFI","Calvaria","mouse4","rep4","Wtnaive","male",NA,0,NA,"300GS",300,80,1970,"BV570-A","CD44",2.74540308602924
"BM_Neu_016.fcs",16,"mature neutrophils","Comp-BV605-A",1381,"MFI","Calvaria","mouse4","rep4","Wtnaive","male",NA,0,NA,"300GS",300,80,1970,"BV605-A","CD115",2.91601148635357
"BM_Neu_016.fcs",16,"mature neutrophils","Comp-BV650-A",9605,"MFI","Calvaria","mouse4","rep4","Wtnaive","male",NA,0,NA,"300GS",300,80,1970,"BV650-A","Ly6C",4.85261192771839
"BM_Neu_016.fcs",16,"mature neutrophils","Comp-BV711-A",964,"MFI","Calvaria","mouse4","rep4","Wtnaive","male",NA,0,NA,"300GS",300,80,1970,"BV711-A","CD39",2.55960192024362
"BM_Neu_016.fcs",16,"mature neutrophils","Comp-BV786-A",5580,"MFI","Calvaria","mouse4","rep4","Wtnaive","male",NA,0,NA,"300GS",300,80,1970,"BV786-A","CD11b",4.30963654962673
"BM_Neu_016.fcs",16,"mature neutrophils","Comp-FITC-A",-56.4,"MFI","Calvaria","mouse4","rep4","Wtnaive","male",NA,0,NA,"300GS",300,80,1970,"FITC-A","CX3CR1",-0.367660779404449
"BM_Neu_016.fcs",16,"mature neutrophils","Comp-PE-A",490,"MFI","Calvaria","mouse4","rep4","Wtnaive","male",NA,0,NA,"300GS",300,80,1970,"PE-A","DC-Trail-R1",1.89956211945903
"BM_Neu_016.fcs",16,"mature neutrophils","Comp-PE-Cy5-A",-530,"MFI","Calvaria","mouse4","rep4","Wtnaive","male",NA,0,NA,"300GS",300,80,1970,"PE-Cy5-A","CD150",-1.97483775274027
"BM_Neu_016.fcs",16,"mature neutrophils","Comp-PE-Cy7-A",600,"MFI","Calvaria","mouse4","rep4","Wtnaive","male",NA,0,NA,"300GS",300,80,1970,"PE-Cy7-A","CD101",2.0947125472611
"BM_Neu_016.fcs",16,"mature neutrophils","Comp-PE-Texas Red-A",1686,"MFI","Calvaria","mouse4","rep4","Wtnaive","male",NA,0,NA,"300GS",300,80,1970,"PE-Texas Red-A","ICAM1",3.11459900208773
"BM_Neu_017.fcs",17,"mature neutrophils","Comp-APC-A",-52.1,"MFI","Femur","mouse5","rep1","5LOnaive","male",NA,0,NA,"300GS",450,50,1970,"APC-A","CD117",-0.340703554864692
"BM_Neu_017.fcs",17,"mature neutrophils","Comp-APC-Cy7-A",1043,"MFI","Femur","mouse5","rep1","5LOnaive","male",NA,0,NA,"300GS",450,50,1970,"APC-Cy7-A","CD14",2.63749944547636
"BM_Neu_017.fcs",17,"mature neutrophils","Comp-BB700-A",690,"MFI","Femur","mouse5","rep1","5LOnaive","male",NA,0,NA,"300GS",450,50,1970,"BB700-A","CD16/32",2.23081417900093
"BM_Neu_017.fcs",17,"mature neutrophils","Comp-BUV395-A",-295,"MFI","Femur","mouse5","rep1","5LOnaive","male",NA,0,NA,"300GS",450,50,1970,"BUV395-A","Sca1",-1.42862819602127
"BM_Neu_017.fcs",17,"mature neutrophils","Comp-BUV496-A",963,"MFI","Femur","mouse5","rep1","5LOnaive","male",NA,0,NA,"300GS",450,50,1970,"BUV496-A","MHCII",2.5585763909153
"BM_Neu_017.fcs",17,"mature neutrophils","Comp-BUV563-A",174,"MFI","Femur","mouse5","rep1","5LOnaive","male",NA,0,NA,"300GS",450,50,1970,"BUV563-A","CD106",0.9901117287927
"BM_Neu_017.fcs",17,"mature neutrophils","Comp-BUV615-A",302,"MFI","Femur","mouse5","rep1","5LOnaive","male",NA,0,NA,"300GS",450,50,1970,"BUV615-A","CCR5",1.44958247151945
"BM_Neu_017.fcs",17,"mature neutrophils","Comp-BUV661-A",2286,"MFI","Femur","mouse5","rep1","5LOnaive","male",NA,0,NA,"300GS",450,50,1970,"BUV661-A","CD74",3.41814538807898
"BM_Neu_017.fcs",17,"mature neutrophils","Comp-BUV737-A",5014,"MFI","Femur","mouse5","rep1","5LOnaive","male",NA,0,NA,"300GS",450,50,1970,"BUV737-A","Ly6G",4.20272483539864
"BM_Neu_017.fcs",17,"mature neutrophils","Comp-BUV805-A",13719,"MFI","Femur","mouse5","rep1","5LOnaive","male",NA,0,NA,"300GS",450,50,1970,"BUV805-A","CD45",5.20907878412606
"BM_Neu_017.fcs",17,"mature neutrophils","Comp-BV421-A",1024,"MFI","Femur","mouse5","rep1","5LOnaive","male",NA,0,NA,"300GS",450,50,1970,"BV421-A","PDL1",2.61930545205839
"BM_Neu_017.fcs",17,"mature neutrophils","Comp-BV570-A",952,"MFI","Femur","mouse5","rep1","5LOnaive","male",NA,0,NA,"300GS",450,50,1970,"BV570-A","CD44",2.54722645070448
"BM_Neu_017.fcs",17,"mature neutrophils","Comp-BV605-A",1091,"MFI","Femur","mouse5","rep1","5LOnaive","male",NA,0,NA,"300GS",450,50,1970,"BV605-A","CD115",2.68205449520908
"BM_Neu_017.fcs",17,"mature neutrophils","Comp-BV650-A",7977,"MFI","Femur","mouse5","rep1","5LOnaive","male",NA,0,NA,"300GS",450,50,1970,"BV650-A","Ly6C",4.66691795283965
"BM_Neu_017.fcs",17,"mature neutrophils","Comp-BV711-A",1144,"MFI","Femur","mouse5","rep1","5LOnaive","male",NA,0,NA,"300GS",450,50,1970,"BV711-A","CD39",2.72906865063658
"BM_Neu_017.fcs",17,"mature neutrophils","Comp-BV786-A",4945,"MFI","Femur","mouse5","rep1","5LOnaive","male",NA,0,NA,"300GS",450,50,1970,"BV786-A","CD11b",4.18887408407795
"BM_Neu_017.fcs",17,"mature neutrophils","Comp-FITC-A",-49.6,"MFI","Femur","mouse5","rep1","5LOnaive","male",NA,0,NA,"300GS",450,50,1970,"FITC-A","CX3CR1",-0.324919318073253
"BM_Neu_017.fcs",17,"mature neutrophils","Comp-PE-A",432,"MFI","Femur","mouse5","rep1","5LOnaive","male",NA,0,NA,"300GS",450,50,1970,"PE-A","DC-Trail-R1",1.77980021523709
"BM_Neu_017.fcs",17,"mature neutrophils","Comp-PE-Cy5-A",-477,"MFI","Femur","mouse5","rep1","5LOnaive","male",NA,0,NA,"300GS",450,50,1970,"PE-Cy5-A","CD150",-1.87388103934743
"BM_Neu_017.fcs",17,"mature neutrophils","Comp-PE-Cy7-A",478,"MFI","Femur","mouse5","rep1","5LOnaive","male",NA,0,NA,"300GS",450,50,1970,"PE-Cy7-A","CD101",1.87587901799282
"BM_Neu_017.fcs",17,"mature neutrophils","Comp-PE-Texas Red-A",1470,"MFI","Femur","mouse5","rep1","5LOnaive","male",NA,0,NA,"300GS",450,50,1970,"PE-Texas Red-A","ICAM1",2.97812254262788
"BM_Neu_018.fcs",18,"mature neutrophils","Comp-APC-A",-48.3,"MFI","Lumbar","mouse5","rep1","5LOnaive","male",NA,0,NA,"300GS",450,40,1970,"APC-A","CD117",-0.316680274552236
"BM_Neu_018.fcs",18,"mature neutrophils","Comp-APC-Cy7-A",985,"MFI","Lumbar","mouse5","rep1","5LOnaive","male",NA,0,NA,"300GS",450,40,1970,"APC-Cy7-A","CD14",2.58090137307849
"BM_Neu_018.fcs",18,"mature neutrophils","Comp-BB700-A",684,"MFI","Lumbar","mouse5","rep1","5LOnaive","male",NA,0,NA,"300GS",450,40,1970,"BB700-A","CD16/32",2.22228152430357
"BM_Neu_018.fcs",18,"mature neutrophils","Comp-BUV395-A",-298,"MFI","Lumbar","mouse5","rep1","5LOnaive","male",NA,0,NA,"300GS",450,40,1970,"BUV395-A","Sca1",-1.43765667669981
"BM_Neu_018.fcs",18,"mature neutrophils","Comp-BUV496-A",946,"MFI","Lumbar","mouse5","rep1","5LOnaive","male",NA,0,NA,"300GS",450,40,1970,"BUV496-A","MHCII",2.54098151459615
"BM_Neu_018.fcs",18,"mature neutrophils","Comp-BUV563-A",165,"MFI","Lumbar","mouse5","rep1","5LOnaive","male",NA,0,NA,"300GS",450,40,1970,"BUV563-A","CD106",0.950346929821134
"BM_Neu_018.fcs",18,"mature neutrophils","Comp-BUV615-A",285,"MFI","Lumbar","mouse5","rep1","5LOnaive","male",NA,0,NA,"300GS",450,40,1970,"BUV615-A","CCR5",1.39799836511143
"BM_Neu_018.fcs",18,"mature neutrophils","Comp-BUV661-A",2174,"MFI","Lumbar","mouse5","rep1","5LOnaive","male",NA,0,NA,"300GS",450,40,1970,"BUV661-A","CD74",3.36802398982983
"BM_Neu_018.fcs",18,"mature neutrophils","Comp-BUV737-A",5010,"MFI","Lumbar","mouse5","rep1","5LOnaive","male",NA,0,NA,"300GS",450,40,1970,"BUV737-A","Ly6G",4.20192710793989
"BM_Neu_018.fcs",18,"mature neutrophils","Comp-BUV805-A",13077,"MFI","Lumbar","mouse5","rep1","5LOnaive","male",NA,0,NA,"300GS",450,40,1970,"BUV805-A","CD45",5.161155018959
"BM_Neu_018.fcs",18,"mature neutrophils","Comp-BV421-A",965,"MFI","Lumbar","mouse5","rep1","5LOnaive","male",NA,0,NA,"300GS",450,40,1970,"BV421-A","PDL1",2.56062641141877
"BM_Neu_018.fcs",18,"mature neutrophils","Comp-BV570-A",898,"MFI","Lumbar","mouse5","rep1","5LOnaive","male",NA,0,NA,"300GS",450,40,1970,"BV570-A","CD44",2.48958549305869
"BM_Neu_018.fcs",18,"mature neutrophils","Comp-BV605-A",1012,"MFI","Lumbar","mouse5","rep1","5LOnaive","male",NA,0,NA,"300GS",450,40,1970,"BV605-A","CD115",2.60764342290252
"BM_Neu_018.fcs",18,"mature neutrophils","Comp-BV650-A",7684,"MFI","Lumbar","mouse5","rep1","5LOnaive","male",NA,0,NA,"300GS",450,40,1970,"BV650-A","Ly6C",4.62950266490911
"BM_Neu_018.fcs",18,"mature neutrophils","Comp-BV711-A",1058,"MFI","Lumbar","mouse5","rep1","5LOnaive","male",NA,0,NA,"300GS",450,40,1970,"BV711-A","CD39",2.65163521280817
"BM_Neu_018.fcs",18,"mature neutrophils","Comp-BV786-A",4773,"MFI","Lumbar","mouse5","rep1","5LOnaive","male",NA,0,NA,"300GS",450,40,1970,"BV786-A","CD11b",4.15348902262885
"BM_Neu_018.fcs",18,"mature neutrophils","Comp-FITC-A",-46.6,"MFI","Lumbar","mouse5","rep1","5LOnaive","male",NA,0,NA,"300GS",450,40,1970,"FITC-A","CX3CR1",-0.305874731413543
"BM_Neu_018.fcs",18,"mature neutrophils","Comp-PE-A",423,"MFI","Lumbar","mouse5","rep1","5LOnaive","male",NA,0,NA,"300GS",450,40,1970,"PE-A","DC-Trail-R1",1.75993440657083
"BM_Neu_018.fcs",18,"mature neutrophils","Comp-PE-Cy5-A",-458,"MFI","Lumbar","mouse5","rep1","5LOnaive","male",NA,0,NA,"300GS",450,40,1970,"PE-Cy5-A","CD150",-1.83517836122744
"BM_Neu_018.fcs",18,"mature neutrophils","Comp-PE-Cy7-A",510,"MFI","Lumbar","mouse5","rep1","5LOnaive","male",NA,0,NA,"300GS",450,40,1970,"PE-Cy7-A","CD101",1.9378792776645
"BM_Neu_018.fcs",18,"mature neutrophils","Comp-PE-Texas Red-A",1388,"MFI","Lumbar","mouse5","rep1","5LOnaive","male",NA,0,NA,"300GS",450,40,1970,"PE-Texas Red-A","ICAM1",2.92103805864584
"BM_Neu_019.fcs",19,"mature neutrophils","Comp-APC-A",-50.7,"MFI","Sternum","mouse5","rep1","5LOnaive","male",NA,0,NA,"300GS",150,80,1970,"APC-A","CD117",-0.33187422984386
"BM_Neu_019.fcs",19,"mature neutrophils","Comp-APC-Cy7-A",1108,"MFI","Sternum","mouse5","rep1","5LOnaive","male",NA,0,NA,"300GS",150,80,1970,"APC-Cy7-A","CD14",2.69737445282757
"BM_Neu_019.fcs",19,"mature neutrophils","Comp-BB700-A",660,"MFI","Sternum","mouse5","rep1","5LOnaive","male",NA,0,NA,"300GS",150,80,1970,"BB700-A","CD16/32",2.18742176068697
"BM_Neu_019.fcs",19,"mature neutrophils","Comp-BUV395-A",-339,"MFI","Sternum","mouse5","rep1","5LOnaive","male",NA,0,NA,"300GS",150,80,1970,"BUV395-A","Sca1",-1.55421182170858
"BM_Neu_019.fcs",19,"mature neutrophils","Comp-BUV496-A",963,"MFI","Sternum","mouse5","rep1","5LOnaive","male",NA,0,NA,"300GS",150,80,1970,"BUV496-A","MHCII",2.5585763909153
"BM_Neu_019.fcs",19,"mature neutrophils","Comp-BUV563-A",168,"MFI","Sternum","mouse5","rep1","5LOnaive","male",NA,0,NA,"300GS",150,80,1970,"BUV563-A","CD106",0.963733684325032
"BM_Neu_019.fcs",19,"mature neutrophils","Comp-BUV615-A",264,"MFI","Sternum","mouse5","rep1","5LOnaive","male",NA,0,NA,"300GS",150,80,1970,"BUV615-A","CCR5",1.33084849584258
"BM_Neu_019.fcs",19,"mature neutrophils","Comp-BUV661-A",2092,"MFI","Sternum","mouse5","rep1","5LOnaive","male",NA,0,NA,"300GS",150,80,1970,"BUV661-A","CD74",3.32967052496187
"BM_Neu_019.fcs",19,"mature neutrophils","Comp-BUV737-A",5838,"MFI","Sternum","mouse5","rep1","5LOnaive","male",NA,0,NA,"300GS",150,80,1970,"BUV737-A","Ly6G",4.35482043898416
"BM_Neu_019.fcs",19,"mature neutrophils","Comp-BUV805-A",13329,"MFI","Sternum","mouse5","rep1","5LOnaive","male",NA,0,NA,"300GS",150,80,1970,"BUV805-A","CD45",5.1802409377656
"BM_Neu_019.fcs",19,"mature neutrophils","Comp-BV421-A",1057,"MFI","Sternum","mouse5","rep1","5LOnaive","male",NA,0,NA,"300GS",150,80,1970,"BV421-A","PDL1",2.65069895794865
"BM_Neu_019.fcs",19,"mature neutrophils","Comp-BV570-A",881,"MFI","Sternum","mouse5","rep1","5LOnaive","male",NA,0,NA,"300GS",150,80,1970,"BV570-A","CD44",2.47073918225017
"BM_Neu_019.fcs",19,"mature neutrophils","Comp-BV605-A",996,"MFI","Sternum","mouse5","rep1","5LOnaive","male",NA,0,NA,"300GS",150,80,1970,"BV605-A","CD115",2.59188178632947
"BM_Neu_019.fcs",19,"mature neutrophils","Comp-BV650-A",7370,"MFI","Sternum","mouse5","rep1","5LOnaive","male",NA,0,NA,"300GS",150,80,1970,"BV650-A","Ly6C",4.58778841449327
"BM_Neu_019.fcs",19,"mature neutrophils","Comp-BV711-A",1144,"MFI","Sternum","mouse5","rep1","5LOnaive","male",NA,0,NA,"300GS",150,80,1970,"BV711-A","CD39",2.72906865063658
"BM_Neu_019.fcs",19,"mature neutrophils","Comp-BV786-A",5102,"MFI","Sternum","mouse5","rep1","5LOnaive","male",NA,0,NA,"300GS",150,80,1970,"BV786-A","CD11b",4.22011580861197
"BM_Neu_019.fcs",19,"mature neutrophils","Comp-FITC-A",-50.7,"MFI","Sternum","mouse5","rep1","5LOnaive","male",NA,0,NA,"300GS",150,80,1970,"FITC-A","CX3CR1",-0.33187422984386
"BM_Neu_019.fcs",19,"mature neutrophils","Comp-PE-A",429,"MFI","Sternum","mouse5","rep1","5LOnaive","male",NA,0,NA,"300GS",150,80,1970,"PE-A","DC-Trail-R1",1.77321957441161
"BM_Neu_019.fcs",19,"mature neutrophils","Comp-PE-Cy5-A",-458,"MFI","Sternum","mouse5","rep1","5LOnaive","male",NA,0,NA,"300GS",150,80,1970,"PE-Cy5-A","CD150",-1.83517836122744
"BM_Neu_019.fcs",19,"mature neutrophils","Comp-PE-Cy7-A",512,"MFI","Sternum","mouse5","rep1","5LOnaive","male",NA,0,NA,"300GS",150,80,1970,"PE-Cy7-A","CD101",1.94163472134517
"BM_Neu_019.fcs",19,"mature neutrophils","Comp-PE-Texas Red-A",1389,"MFI","Sternum","mouse5","rep1","5LOnaive","male",NA,0,NA,"300GS",150,80,1970,"PE-Texas Red-A","ICAM1",2.92175409419373
"BM_Neu_020.fcs",20,"mature neutrophils","Comp-APC-A",-72.1,"MFI","Calvaria","mouse5","rep1","5LOnaive","male",NA,0,NA,"300GS",300,80,1970,"APC-A","CD117",-0.463853057407789
"BM_Neu_020.fcs",20,"mature neutrophils","Comp-APC-Cy7-A",1021,"MFI","Calvaria","mouse5","rep1","5LOnaive","male",NA,0,NA,"300GS",300,80,1970,"APC-Cy7-A","CD14",2.61640253482932
"BM_Neu_020.fcs",20,"mature neutrophils","Comp-BB700-A",681,"MFI","Calvaria","mouse5","rep1","5LOnaive","male",NA,0,NA,"300GS",300,80,1970,"BB700-A","CD16/32",2.21798837755157
"BM_Neu_020.fcs",20,"mature neutrophils","Comp-BUV395-A",-314,"MFI","Calvaria","mouse5","rep1","5LOnaive","male",NA,0,NA,"300GS",300,80,1970,"BUV395-A","Sca1",-1.48461289848351
"BM_Neu_020.fcs",20,"mature neutrophils","Comp-BUV496-A",1023,"MFI","Calvaria","mouse5","rep1","5LOnaive","male",NA,0,NA,"300GS",300,80,1970,"BUV496-A","MHCII",2.61833873909929
"BM_Neu_020.fcs",20,"mature neutrophils","Comp-BUV563-A",168,"MFI","Calvaria","mouse5","rep1","5LOnaive","male",NA,0,NA,"300GS",300,80,1970,"BUV563-A","CD106",0.963733684325032
"BM_Neu_020.fcs",20,"mature neutrophils","Comp-BUV615-A",342,"MFI","Calvaria","mouse5","rep1","5LOnaive","male",NA,0,NA,"300GS",300,80,1970,"BUV615-A","CCR5",1.56227473234639
"BM_Neu_020.fcs",20,"mature neutrophils","Comp-BUV661-A",2580,"MFI","Calvaria","mouse5","rep1","5LOnaive","male",NA,0,NA,"300GS",300,80,1970,"BUV661-A","CD74",3.53890054659781
"BM_Neu_020.fcs",20,"mature neutrophils","Comp-BUV737-A",5391,"MFI","Calvaria","mouse5","rep1","5LOnaive","male",NA,0,NA,"300GS",300,80,1970,"BUV737-A","Ly6G",4.27519155159929
"BM_Neu_020.fcs",20,"mature neutrophils","Comp-BUV805-A",15213,"MFI","Calvaria","mouse5","rep1","5LOnaive","male",NA,0,NA,"300GS",300,80,1970,"BUV805-A","CD45",5.31244179488245
"BM_Neu_020.fcs",20,"mature neutrophils","Comp-BV421-A",1130,"MFI","Calvaria","mouse5","rep1","5LOnaive","male",NA,0,NA,"300GS",300,80,1970,"BV421-A","PDL1",2.71686117128298
"BM_Neu_020.fcs",20,"mature neutrophils","Comp-BV570-A",1080,"MFI","Calvaria","mouse5","rep1","5LOnaive","male",NA,0,NA,"300GS",300,80,1970,"BV570-A","CD44",2.67201622142785
"BM_Neu_020.fcs",20,"mature neutrophils","Comp-BV605-A",1257,"MFI","Calvaria","mouse5","rep1","5LOnaive","male",NA,0,NA,"300GS",300,80,1970,"BV605-A","CD115",2.82253624966212
"BM_Neu_020.fcs",20,"mature neutrophils","Comp-BV650-A",9043,"MFI","Calvaria","mouse5","rep1","5LOnaive","male",NA,0,NA,"300GS",300,80,1970,"BV650-A","Ly6C",4.79232692169781
"BM_Neu_020.fcs",20,"mature neutrophils","Comp-BV711-A",1141,"MFI","Calvaria","mouse5","rep1","5LOnaive","male",NA,0,NA,"300GS",300,80,1970,"BV711-A","CD39",2.72646517127348
"BM_Neu_020.fcs",20,"mature neutrophils","Comp-BV786-A",5622,"MFI","Calvaria","mouse5","rep1","5LOnaive","male",NA,0,NA,"300GS",300,80,1970,"BV786-A","CD11b",4.31713255799949
"BM_Neu_020.fcs",20,"mature neutrophils","Comp-FITC-A",-55.5,"MFI","Calvaria","mouse5","rep1","5LOnaive","male",NA,0,NA,"300GS",300,80,1970,"FITC-A","CX3CR1",-0.362039121240971
"BM_Neu_020.fcs",20,"mature neutrophils","Comp-PE-A",451,"MFI","Calvaria","mouse5","rep1","5LOnaive","male",NA,0,NA,"300GS",300,80,1970,"PE-A","DC-Trail-R1",1.82055253880498
"BM_Neu_020.fcs",20,"mature neutrophils","Comp-PE-Cy5-A",-510,"MFI","Calvaria","mouse5","rep1","5LOnaive","male",NA,0,NA,"300GS",300,80,1970,"PE-Cy5-A","CD150",-1.9378792776645
"BM_Neu_020.fcs",20,"mature neutrophils","Comp-PE-Cy7-A",497,"MFI","Calvaria","mouse5","rep1","5LOnaive","male",NA,0,NA,"300GS",300,80,1970,"PE-Cy7-A","CD101",1.91313364143118
"BM_Neu_020.fcs",20,"mature neutrophils","Comp-PE-Texas Red-A",1591,"MFI","Calvaria","mouse5","rep1","5LOnaive","male",NA,0,NA,"300GS",300,80,1970,"PE-Texas Red-A","ICAM1",3.05684473894912
"BM_Neu_021.fcs",21,"mature neutrophils","Comp-APC-A",-58.2,"MFI","Femur","mouse6","rep2","5LOnaive","male",NA,0,NA,"300GS",450,50,1970,"APC-A","CD117",-0.378870684431209
"BM_Neu_021.fcs",21,"mature neutrophils","Comp-APC-Cy7-A",1215,"MFI","Femur","mouse6","rep2","5LOnaive","male",NA,0,NA,"300GS",450,50,1970,"APC-Cy7-A","CD14",2.78880004092018
"BM_Neu_021.fcs",21,"mature neutrophils","Comp-BB700-A",660,"MFI","Femur","mouse6","rep2","5LOnaive","male",NA,0,NA,"300GS",450,50,1970,"BB700-A","CD16/32",2.18742176068697
"BM_Neu_021.fcs",21,"mature neutrophils","Comp-BUV395-A",-331,"MFI","Femur","mouse6","rep2","5LOnaive","male",NA,0,NA,"300GS",450,50,1970,"BUV395-A","Sca1",-1.53241572247513
"BM_Neu_021.fcs",21,"mature neutrophils","Comp-BUV496-A",987,"MFI","Femur","mouse6","rep2","5LOnaive","male",NA,0,NA,"300GS",450,50,1970,"BUV496-A","MHCII",2.58290669892071
"BM_Neu_021.fcs",21,"mature neutrophils","Comp-BUV563-A",193,"MFI","Femur","mouse6","rep2","5LOnaive","male",NA,0,NA,"300GS",450,50,1970,"BUV563-A","CD106",1.07029531123651
"BM_Neu_021.fcs",21,"mature neutrophils","Comp-BUV615-A",295,"MFI","Femur","mouse6","rep2","5LOnaive","male",NA,0,NA,"300GS",450,50,1970,"BUV615-A","CCR5",1.42862819602127
"BM_Neu_021.fcs",21,"mature neutrophils","Comp-BUV661-A",2271,"MFI","Femur","mouse6","rep2","5LOnaive","male",NA,0,NA,"300GS",450,50,1970,"BUV661-A","CD74",3.41157630575082
"BM_Neu_021.fcs",21,"mature neutrophils","Comp-BUV737-A",5242,"MFI","Femur","mouse6","rep2","5LOnaive","male",NA,0,NA,"300GS",450,50,1970,"BUV737-A","Ly6G",4.24717491253965
"BM_Neu_021.fcs",21,"mature neutrophils","Comp-BUV805-A",13972,"MFI","Femur","mouse6","rep2","5LOnaive","male",NA,0,NA,"300GS",450,50,1970,"BUV805-A","CD45",5.22735130526593
"BM_Neu_021.fcs",21,"mature neutrophils","Comp-BV421-A",1110,"MFI","Femur","mouse6","rep2","5LOnaive","male",NA,0,NA,"300GS",450,50,1970,"BV421-A","PDL1",2.69916160639756
"BM_Neu_021.fcs",21,"mature neutrophils","Comp-BV570-A",968,"MFI","Femur","mouse6","rep2","5LOnaive","male",NA,0,NA,"300GS",450,50,1970,"BV570-A","CD44",2.5636936767385
"BM_Neu_021.fcs",21,"mature neutrophils","Comp-BV605-A",1114,"MFI","Femur","mouse6","rep2","5LOnaive","male",NA,0,NA,"300GS",450,50,1970,"BV605-A","CD115",2.7027264459279
"BM_Neu_021.fcs",21,"mature neutrophils","Comp-BV650-A",7771,"MFI","Femur","mouse6","rep2","5LOnaive","male",NA,0,NA,"300GS",450,50,1970,"BV650-A","Ly6C",4.64075915562609
"BM_Neu_021.fcs",21,"mature neutrophils","Comp-BV711-A",1188,"MFI","Femur","mouse6","rep2","5LOnaive","male",NA,0,NA,"300GS",450,50,1970,"BV711-A","CD39",2.76650033086783
"BM_Neu_021.fcs",21,"mature neutrophils","Comp-BV786-A",5436,"MFI","Femur","mouse6","rep2","5LOnaive","male",NA,0,NA,"300GS",450,50,1970,"BV786-A","CD11b",4.28350096211687
"BM_Neu_021.fcs",21,"mature neutrophils","Comp-FITC-A",-50.2,"MFI","Femur","mouse6","rep2","5LOnaive","male",NA,0,NA,"300GS",450,50,1970,"FITC-A","CX3CR1",-0.328714808083249
"BM_Neu_021.fcs",21,"mature neutrophils","Comp-PE-A",458,"MFI","Femur","mouse6","rep2","5LOnaive","male",NA,0,NA,"300GS",450,50,1970,"PE-A","DC-Trail-R1",1.83517836122744
"BM_Neu_021.fcs",21,"mature neutrophils","Comp-PE-Cy5-A",-485,"MFI","Femur","mouse6","rep2","5LOnaive","male",NA,0,NA,"300GS",450,50,1970,"PE-Cy5-A","CD150",-1.889759189513
"BM_Neu_021.fcs",21,"mature neutrophils","Comp-PE-Cy7-A",406,"MFI","Femur","mouse6","rep2","5LOnaive","male",NA,0,NA,"300GS",450,50,1970,"PE-Cy7-A","CD101",1.7213647698974
"BM_Neu_021.fcs",21,"mature neutrophils","Comp-PE-Texas Red-A",1512,"MFI","Femur","mouse6","rep2","5LOnaive","male",NA,0,NA,"300GS",450,50,1970,"PE-Texas Red-A","ICAM1",3.00615188656199
"BM_Neu_022.fcs",22,"mature neutrophils","Comp-APC-A",-61.8,"MFI","Lumbar","mouse6","rep2","5LOnaive","male",NA,0,NA,"300GS",450,40,1970,"APC-A","CD117",-0.40115385474551
"BM_Neu_022.fcs",22,"mature neutrophils","Comp-APC-Cy7-A",1048,"MFI","Lumbar","mouse6","rep2","5LOnaive","male",NA,0,NA,"300GS",450,40,1970,"APC-Cy7-A","CD14",2.64223338089452
"BM_Neu_022.fcs",22,"mature neutrophils","Comp-BB700-A",652,"MFI","Lumbar","mouse6","rep2","5LOnaive","male",NA,0,NA,"300GS",450,40,1970,"BB700-A","CD16/32",2.17553333772048
"BM_Neu_022.fcs",22,"mature neutrophils","Comp-BUV395-A",-369,"MFI","Lumbar","mouse6","rep2","5LOnaive","male",NA,0,NA,"300GS",450,40,1970,"BUV395-A","Sca1",-1.63227219252705
"BM_Neu_022.fcs",22,"mature neutrophils","Comp-BUV496-A",967,"MFI","Lumbar","mouse6","rep2","5LOnaive","male",NA,0,NA,"300GS",450,40,1970,"BUV496-A","MHCII",2.562672287601
"BM_Neu_022.fcs",22,"mature neutrophils","Comp-BUV563-A",155,"MFI","Lumbar","mouse6","rep2","5LOnaive","male",NA,0,NA,"300GS",450,40,1970,"BUV563-A","CD106",0.904748498782685
"BM_Neu_022.fcs",22,"mature neutrophils","Comp-BUV615-A",310,"MFI","Lumbar","mouse6","rep2","5LOnaive","male",NA,0,NA,"300GS",450,40,1970,"BUV615-A","CCR5",1.47305828787109
"BM_Neu_022.fcs",22,"mature neutrophils","Comp-BUV661-A",2181,"MFI","Lumbar","mouse6","rep2","5LOnaive","male",NA,0,NA,"300GS",450,40,1970,"BUV661-A","CD74",3.37123108795811
"BM_Neu_022.fcs",22,"mature neutrophils","Comp-BUV737-A",5501,"MFI","Lumbar","mouse6","rep2","5LOnaive","male",NA,0,NA,"300GS",450,40,1970,"BUV737-A","Ly6G",4.29538289034524
"BM_Neu_022.fcs",22,"mature neutrophils","Comp-BUV805-A",14756,"MFI","Lumbar","mouse6","rep2","5LOnaive","male",NA,0,NA,"300GS",450,40,1970,"BUV805-A","CD45",5.28194277779727
"BM_Neu_022.fcs",22,"mature neutrophils","Comp-BV421-A",1154,"MFI","Lumbar","mouse6","rep2","5LOnaive","male",NA,0,NA,"300GS",450,40,1970,"BV421-A","PDL1",2.73769869387216
"BM_Neu_022.fcs",22,"mature neutrophils","Comp-BV570-A",921,"MFI","Lumbar","mouse6","rep2","5LOnaive","male",NA,0,NA,"300GS",450,40,1970,"BV570-A","CD44",2.51453828565492
"BM_Neu_022.fcs",22,"mature neutrophils","Comp-BV605-A",1028,"MFI","Lumbar","mouse6","rep2","5LOnaive","male",NA,0,NA,"300GS",450,40,1970,"BV605-A","CD115",2.62316308349526
"BM_Neu_022.fcs",22,"mature neutrophils","Comp-BV650-A",7603,"MFI","Lumbar","mouse6","rep2","5LOnaive","male",NA,0,NA,"300GS",450,40,1970,"BV650-A","Ly6C",4.61890736638776
"BM_Neu_022.fcs",22,"mature neutrophils","Comp-BV711-A",1057,"MFI","Lumbar","mouse6","rep2","5LOnaive","male",NA,0,NA,"300GS",450,40,1970,"BV711-A","CD39",2.65069895794865
"BM_Neu_022.fcs",22,"mature neutrophils","Comp-BV786-A",5909,"MFI","Lumbar","mouse6","rep2","5LOnaive","male",NA,0,NA,"300GS",450,40,1970,"BV786-A","CD11b",4.36690483852509
"BM_Neu_022.fcs",22,"mature neutrophils","Comp-FITC-A",-49.6,"MFI","Lumbar","mouse6","rep2","5LOnaive","male",NA,0,NA,"300GS",450,40,1970,"FITC-A","CX3CR1",-0.324919318073253
"BM_Neu_022.fcs",22,"mature neutrophils","Comp-PE-A",457,"MFI","Lumbar","mouse6","rep2","5LOnaive","male",NA,0,NA,"300GS",450,40,1970,"PE-A","DC-Trail-R1",1.83310135612834
"BM_Neu_022.fcs",22,"mature neutrophils","Comp-PE-Cy5-A",-465,"MFI","Lumbar","mouse6","rep2","5LOnaive","male",NA,0,NA,"300GS",450,40,1970,"PE-Cy5-A","CD150",-1.84960367947318
"BM_Neu_022.fcs",22,"mature neutrophils","Comp-PE-Cy7-A",415,"MFI","Lumbar","mouse6","rep2","5LOnaive","male",NA,0,NA,"300GS",450,40,1970,"PE-Cy7-A","CD101",1.74195811079419
"BM_Neu_022.fcs",22,"mature neutrophils","Comp-PE-Texas Red-A",1416,"MFI","Lumbar","mouse6","rep2","5LOnaive","male",NA,0,NA,"300GS",450,40,1970,"PE-Texas Red-A","ICAM1",2.94089683623613
"BM_Neu_023.fcs",23,"mature neutrophils","Comp-APC-A",-64.3,"MFI","Sternum","mouse6","rep2","5LOnaive","male",NA,0,NA,"300GS",150,80,1970,"APC-A","CD117",-0.41651831101249
"BM_Neu_023.fcs",23,"mature neutrophils","Comp-APC-Cy7-A",1062,"MFI","Sternum","mouse6","rep2","5LOnaive","male",NA,0,NA,"300GS",150,80,1970,"APC-Cy7-A","CD14",2.65537157720774
"BM_Neu_023.fcs",23,"mature neutrophils","Comp-BB700-A",655,"MFI","Sternum","mouse6","rep2","5LOnaive","male",NA,0,NA,"300GS",150,80,1970,"BB700-A","CD16/32",2.18000765736508
"BM_Neu_023.fcs",23,"mature neutrophils","Comp-BUV395-A",-417,"MFI","Sternum","mouse6","rep2","5LOnaive","male",NA,0,NA,"300GS",150,80,1970,"BUV395-A","Sca1",-1.74648078220208
"BM_Neu_023.fcs",23,"mature neutrophils","Comp-BUV496-A",1058,"MFI","Sternum","mouse6","rep2","5LOnaive","male",NA,0,NA,"300GS",150,80,1970,"BUV496-A","MHCII",2.65163521280817
"BM_Neu_023.fcs",23,"mature neutrophils","Comp-BUV563-A",187,"MFI","Sternum","mouse6","rep2","5LOnaive","male",NA,0,NA,"300GS",150,80,1970,"BUV563-A","CD106",1.04550900163557
"BM_Neu_023.fcs",23,"mature neutrophils","Comp-BUV615-A",330,"MFI","Sternum","mouse6","rep2","5LOnaive","male",NA,0,NA,"300GS",150,80,1970,"BUV615-A","CCR5",1.5296604950904
"BM_Neu_023.fcs",23,"mature neutrophils","Comp-BUV661-A",2307,"MFI","Sternum","mouse6","rep2","5LOnaive","male",NA,0,NA,"300GS",150,80,1970,"BUV661-A","CD74",3.42727035709121
"BM_Neu_023.fcs",23,"mature neutrophils","Comp-BUV737-A",6780,"MFI","Sternum","mouse6","rep2","5LOnaive","male",NA,0,NA,"300GS",150,80,1970,"BUV737-A","Ly6G",4.50436661161311
"BM_Neu_023.fcs",23,"mature neutrophils","Comp-BUV805-A",16546,"MFI","Sternum","mouse6","rep2","5LOnaive","male",NA,0,NA,"300GS",150,80,1970,"BUV805-A","CD45",5.396432092016
"BM_Neu_023.fcs",23,"mature neutrophils","Comp-BV421-A",1346,"MFI","Sternum","mouse6","rep2","5LOnaive","male",NA,0,NA,"300GS",150,80,1970,"BV421-A","PDL1",2.8904948272925
"BM_Neu_023.fcs",23,"mature neutrophils","Comp-BV570-A",977,"MFI","Sternum","mouse6","rep2","5LOnaive","male",NA,0,NA,"300GS",150,80,1970,"BV570-A","CD44",2.57284007856117
"BM_Neu_023.fcs",23,"mature neutrophils","Comp-BV605-A",1086,"MFI","Sternum","mouse6","rep2","5LOnaive","male",NA,0,NA,"300GS",150,80,1970,"BV605-A","CD115",2.67750401392987
"BM_Neu_023.fcs",23,"mature neutrophils","Comp-BV650-A",7893,"MFI","Sternum","mouse6","rep2","5LOnaive","male",NA,0,NA,"300GS",150,80,1970,"BV650-A","Ly6C",4.6563337336693
"BM_Neu_023.fcs",23,"mature neutrophils","Comp-BV711-A",1116,"MFI","Sternum","mouse6","rep2","5LOnaive","male",NA,0,NA,"300GS",150,80,1970,"BV711-A","CD39",2.70450415393233
"BM_Neu_023.fcs",23,"mature neutrophils","Comp-BV786-A",6865,"MFI","Sternum","mouse6","rep2","5LOnaive","male",NA,0,NA,"300GS",150,80,1970,"BV786-A","CD11b",4.51682253853007
"BM_Neu_023.fcs",23,"mature neutrophils","Comp-FITC-A",-52.7,"MFI","Sternum","mouse6","rep2","5LOnaive","male",NA,0,NA,"300GS",150,80,1970,"FITC-A","CX3CR1",-0.344479771072303
"BM_Neu_023.fcs",23,"mature neutrophils","Comp-PE-A",481,"MFI","Sternum","mouse6","rep2","5LOnaive","male",NA,0,NA,"300GS",150,80,1970,"PE-A","DC-Trail-R1",1.88185019954947
"BM_Neu_023.fcs",23,"mature neutrophils","Comp-PE-Cy5-A",-485,"MFI","Sternum","mouse6","rep2","5LOnaive","male",NA,0,NA,"300GS",150,80,1970,"PE-Cy5-A","CD150",-1.889759189513
"BM_Neu_023.fcs",23,"mature neutrophils","Comp-PE-Cy7-A",439,"MFI","Sternum","mouse6","rep2","5LOnaive","male",NA,0,NA,"300GS",150,80,1970,"PE-Cy7-A","CD101",1.79499774700319
"BM_Neu_023.fcs",23,"mature neutrophils","Comp-PE-Texas Red-A",1501,"MFI","Sternum","mouse6","rep2","5LOnaive","male",NA,0,NA,"300GS",150,80,1970,"PE-Texas Red-A","ICAM1",2.99888608959051
"BM_Neu_024.fcs",24,"mature neutrophils","Comp-APC-A",-87.1,"MFI","Calvaria","mouse6","rep2","5LOnaive","male",NA,0,NA,"300GS",300,80,1970,"APC-A","CD117",-0.552176165601214
"BM_Neu_024.fcs",24,"mature neutrophils","Comp-APC-Cy7-A",836,"MFI","Calvaria","mouse6","rep2","5LOnaive","male",NA,0,NA,"300GS",300,80,1970,"APC-Cy7-A","CD14",2.41909344397213
"BM_Neu_024.fcs",24,"mature neutrophils","Comp-BB700-A",697,"MFI","Calvaria","mouse6","rep2","5LOnaive","male",NA,0,NA,"300GS",300,80,1970,"BB700-A","CD16/32",2.24067984700239
"BM_Neu_024.fcs",24,"mature neutrophils","Comp-BUV395-A",-302,"MFI","Calvaria","mouse6","rep2","5LOnaive","male",NA,0,NA,"300GS",300,80,1970,"BUV395-A","Sca1",-1.44958247151945
"BM_Neu_024.fcs",24,"mature neutrophils","Comp-BUV496-A",1145,"MFI","Calvaria","mouse6","rep2","5LOnaive","male",NA,0,NA,"300GS",300,80,1970,"BUV496-A","MHCII",2.72993498578211
"BM_Neu_024.fcs",24,"mature neutrophils","Comp-BUV563-A",160,"MFI","Calvaria","mouse6","rep2","5LOnaive","male",NA,0,NA,"300GS",300,80,1970,"BUV563-A","CD106",0.927737294614871
"BM_Neu_024.fcs",24,"mature neutrophils","Comp-BUV615-A",340,"MFI","Calvaria","mouse6","rep2","5LOnaive","male",NA,0,NA,"300GS",300,80,1970,"BUV615-A","CCR5",1.5569060738532
"BM_Neu_024.fcs",24,"mature neutrophils","Comp-BUV661-A",2420,"MFI","Calvaria","mouse6","rep2","5LOnaive","male",NA,0,NA,"300GS",300,80,1970,"BUV661-A","CD74",3.47499381242737
"BM_Neu_024.fcs",24,"mature neutrophils","Comp-BUV737-A",6193,"MFI","Calvaria","mouse6","rep2","5LOnaive","male",NA,0,NA,"300GS",300,80,1970,"BUV737-A","Ly6G",4.41383341808054
"BM_Neu_024.fcs",24,"mature neutrophils","Comp-BUV805-A",15263,"MFI","Calvaria","mouse6","rep2","5LOnaive","male",NA,0,NA,"300GS",300,80,1970,"BUV805-A","CD45",5.31572290936655
"BM_Neu_024.fcs",24,"mature neutrophils","Comp-BV421-A",975,"MFI","Calvaria","mouse6","rep2","5LOnaive","male",NA,0,NA,"300GS",300,80,1970,"BV421-A","PDL1",2.5708146780957
"BM_Neu_024.fcs",24,"mature neutrophils","Comp-BV570-A",917,"MFI","Calvaria","mouse6","rep2","5LOnaive","male",NA,0,NA,"300GS",300,80,1970,"BV570-A","CD44",2.51024256722538
"BM_Neu_024.fcs",24,"mature neutrophils","Comp-BV605-A",869,"MFI","Calvaria","mouse6","rep2","5LOnaive","male",NA,0,NA,"300GS",300,80,1970,"BV605-A","CD115",2.45722188003835
"BM_Neu_024.fcs",24,"mature neutrophils","Comp-BV650-A",8234,"MFI","Calvaria","mouse6","rep2","5LOnaive","male",NA,0,NA,"300GS",300,80,1970,"BV650-A","Ly6C",4.69862204459442
"BM_Neu_024.fcs",24,"mature neutrophils","Comp-BV711-A",780,"MFI","Calvaria","mouse6","rep2","5LOnaive","male",NA,0,NA,"300GS",300,80,1970,"BV711-A","CD39",2.35092571975091
"BM_Neu_024.fcs",24,"mature neutrophils","Comp-BV786-A",5226,"MFI","Calvaria","mouse6","rep2","5LOnaive","male",NA,0,NA,"300GS",300,80,1970,"BV786-A","CD11b",4.2441192293388
"BM_Neu_024.fcs",24,"mature neutrophils","Comp-FITC-A",-51.2,"MFI","Calvaria","mouse6","rep2","5LOnaive","male",NA,0,NA,"300GS",300,80,1970,"FITC-A","CX3CR1",-0.335030458588862
"BM_Neu_024.fcs",24,"mature neutrophils","Comp-PE-A",558,"MFI","Calvaria","mouse6","rep2","5LOnaive","male",NA,0,NA,"300GS",300,80,1970,"PE-A","DC-Trail-R1",2.02446573589956
"BM_Neu_024.fcs",24,"mature neutrophils","Comp-PE-Cy5-A",-493,"MFI","Calvaria","mouse6","rep2","5LOnaive","male",NA,0,NA,"300GS",300,80,1970,"PE-Cy5-A","CD150",-1.90540007720903
"BM_Neu_024.fcs",24,"mature neutrophils","Comp-PE-Cy7-A",495,"MFI","Calvaria","mouse6","rep2","5LOnaive","male",NA,0,NA,"300GS",300,80,1970,"PE-Cy7-A","CD101",1.90927401401634
"BM_Neu_024.fcs",24,"mature neutrophils","Comp-PE-Texas Red-A",1659,"MFI","Calvaria","mouse6","rep2","5LOnaive","male",NA,0,NA,"300GS",300,80,1970,"PE-Texas Red-A","ICAM1",3.0985196988696
"BM_Neu_025.fcs",25,"mature neutrophils","Comp-APC-A",-157,"MFI","Femur","mouse7","rep3","5LOnaive","male",NA,0,NA,"300GS",450,50,1970,"APC-A","CD117",-0.91398996670902
"BM_Neu_025.fcs",25,"mature neutrophils","Comp-APC-Cy7-A",706,"MFI","Femur","mouse7","rep3","5LOnaive","male",NA,0,NA,"300GS",450,50,1970,"APC-Cy7-A","CD14",2.2532260408132
"BM_Neu_025.fcs",25,"mature neutrophils","Comp-BB700-A",716,"MFI","Femur","mouse7","rep3","5LOnaive","male",NA,0,NA,"300GS",450,50,1970,"BB700-A","CD16/32",2.26698801752195
"BM_Neu_025.fcs",25,"mature neutrophils","Comp-BUV395-A",-216,"MFI","Femur","mouse7","rep3","5LOnaive","male",NA,0,NA,"300GS",450,50,1970,"BUV395-A","Sca1",-1.16101370283877
"BM_Neu_025.fcs",25,"mature neutrophils","Comp-BUV496-A",1124,"MFI","Femur","mouse7","rep3","5LOnaive","male",NA,0,NA,"300GS",450,50,1970,"BUV496-A","MHCII",2.7115838287388
"BM_Neu_025.fcs",25,"mature neutrophils","Comp-BUV563-A",158,"MFI","Femur","mouse7","rep3","5LOnaive","male",NA,0,NA,"300GS",450,50,1970,"BUV563-A","CD106",0.918587670179365
"BM_Neu_025.fcs",25,"mature neutrophils","Comp-BUV615-A",488,"MFI","Femur","mouse7","rep3","5LOnaive","male",NA,0,NA,"300GS",450,50,1970,"BUV615-A","CCR5",1.89565196262577
"BM_Neu_025.fcs",25,"mature neutrophils","Comp-BUV661-A",3512,"MFI","Femur","mouse7","rep3","5LOnaive","male",NA,0,NA,"300GS",450,50,1970,"BUV661-A","CD74",3.84690858066554
"BM_Neu_025.fcs",25,"mature neutrophils","Comp-BUV737-A",6209,"MFI","Femur","mouse7","rep3","5LOnaive","male",NA,0,NA,"300GS",450,50,1970,"BUV737-A","Ly6G",4.41641289393966
"BM_Neu_025.fcs",25,"mature neutrophils","Comp-BUV805-A",17394,"MFI","Femur","mouse7","rep3","5LOnaive","male",NA,0,NA,"300GS",450,50,1970,"BUV805-A","CD45",5.44641107598725
"BM_Neu_025.fcs",25,"mature neutrophils","Comp-BV421-A",1072,"MFI","Femur","mouse7","rep3","5LOnaive","male",NA,0,NA,"300GS",450,50,1970,"BV421-A","PDL1",2.66465245329358
"BM_Neu_025.fcs",25,"mature neutrophils","Comp-BV570-A",1240,"MFI","Femur","mouse7","rep3","5LOnaive","male",NA,0,NA,"300GS",450,50,1970,"BV570-A","CD44",2.80901693063417
"BM_Neu_025.fcs",25,"mature neutrophils","Comp-BV605-A",1314,"MFI","Femur","mouse7","rep3","5LOnaive","male",NA,0,NA,"300GS",450,50,1970,"BV605-A","CD115",2.8665851346992
"BM_Neu_025.fcs",25,"mature neutrophils","Comp-BV650-A",11504,"MFI","Femur","mouse7","rep3","5LOnaive","male",NA,0,NA,"300GS",450,50,1970,"BV650-A","Ly6C",5.03300446722344
"BM_Neu_025.fcs",25,"mature neutrophils","Comp-BV711-A",765,"MFI","Femur","mouse7","rep3","5LOnaive","male",NA,0,NA,"300GS",450,50,1970,"BV711-A","CD39",2.33186371852127
"BM_Neu_025.fcs",25,"mature neutrophils","Comp-BV786-A",5638,"MFI","Femur","mouse7","rep3","5LOnaive","male",NA,0,NA,"300GS",450,50,1970,"BV786-A","CD11b",4.31997347007383
"BM_Neu_025.fcs",25,"mature neutrophils","Comp-FITC-A",-60.9,"MFI","Femur","mouse7","rep3","5LOnaive","male",NA,0,NA,"300GS",450,50,1970,"FITC-A","CX3CR1",-0.395600400169062
"BM_Neu_025.fcs",25,"mature neutrophils","Comp-PE-A",614,"MFI","Femur","mouse7","rep3","5LOnaive","male",NA,0,NA,"300GS",450,50,1970,"PE-A","DC-Trail-R1",2.11710411805747
"BM_Neu_025.fcs",25,"mature neutrophils","Comp-PE-Cy5-A",-562,"MFI","Femur","mouse7","rep3","5LOnaive","male",NA,0,NA,"300GS",450,50,1970,"PE-Cy5-A","CD150",-2.0313653894618
"BM_Neu_025.fcs",25,"mature neutrophils","Comp-PE-Cy7-A",707,"MFI","Femur","mouse7","rep3","5LOnaive","male",NA,0,NA,"300GS",450,50,1970,"PE-Cy7-A","CD101",2.25461060688482
"BM_Neu_025.fcs",25,"mature neutrophils","Comp-PE-Texas Red-A",2025,"MFI","Femur","mouse7","rep3","5LOnaive","male",NA,0,NA,"300GS",450,50,1970,"PE-Texas Red-A","ICAM1",3.29720579417523
"BM_Neu_026.fcs",26,"mature neutrophils","Comp-APC-A",-114,"MFI","Lumbar","mouse7","rep3","5LOnaive","male",NA,0,NA,"300GS",450,40,1970,"APC-A","CD117",-0.701127987752585
"BM_Neu_026.fcs",26,"mature neutrophils","Comp-APC-Cy7-A",578,"MFI","Lumbar","mouse7","rep3","5LOnaive","male",NA,0,NA,"300GS",450,40,1970,"APC-Cy7-A","CD14",2.05851284655786
"BM_Neu_026.fcs",26,"mature neutrophils","Comp-BB700-A",751,"MFI","Lumbar","mouse7","rep3","5LOnaive","male",NA,0,NA,"300GS",450,40,1970,"BB700-A","CD16/32",2.31374494477189
"BM_Neu_026.fcs",26,"mature neutrophils","Comp-BUV395-A",-158,"MFI","Lumbar","mouse7","rep3","5LOnaive","male",NA,0,NA,"300GS",450,40,1970,"BUV395-A","Sca1",-0.918587670179365
"BM_Neu_026.fcs",26,"mature neutrophils","Comp-BUV496-A",1125,"MFI","Lumbar","mouse7","rep3","5LOnaive","male",NA,0,NA,"300GS",450,40,1970,"BUV496-A","MHCII",2.71246530518434
"BM_Neu_026.fcs",26,"mature neutrophils","Comp-BUV563-A",180,"MFI","Lumbar","mouse7","rep3","5LOnaive","male",NA,0,NA,"300GS",450,40,1970,"BUV563-A","CD106",1.01597313417969
"BM_Neu_026.fcs",26,"mature neutrophils","Comp-BUV615-A",425,"MFI","Lumbar","mouse7","rep3","5LOnaive","male",NA,0,NA,"300GS",450,40,1970,"BUV615-A","CCR5",1.7643813173238
"BM_Neu_026.fcs",26,"mature neutrophils","Comp-BUV661-A",3049,"MFI","Lumbar","mouse7","rep3","5LOnaive","male",NA,0,NA,"300GS",450,40,1970,"BUV661-A","CD74",3.7056853578858
"BM_Neu_026.fcs",26,"mature neutrophils","Comp-BUV737-A",5100,"MFI","Lumbar","mouse7","rep3","5LOnaive","male",NA,0,NA,"300GS",450,40,1970,"BUV737-A","Ly6G",4.21972389803107
"BM_Neu_026.fcs",26,"mature neutrophils","Comp-BUV805-A",14955,"MFI","Lumbar","mouse7","rep3","5LOnaive","male",NA,0,NA,"300GS",450,40,1970,"BUV805-A","CD45",5.29533800725667
"BM_Neu_026.fcs",26,"mature neutrophils","Comp-BV421-A",805,"MFI","Lumbar","mouse7","rep3","5LOnaive","male",NA,0,NA,"300GS",450,40,1970,"BV421-A","PDL1",2.38192349681498
"BM_Neu_026.fcs",26,"mature neutrophils","Comp-BV570-A",1113,"MFI","Lumbar","mouse7","rep3","5LOnaive","male",NA,0,NA,"300GS",450,40,1970,"BV570-A","CD44",2.70183641604542
"BM_Neu_026.fcs",26,"mature neutrophils","Comp-BV605-A",1149,"MFI","Lumbar","mouse7","rep3","5LOnaive","male",NA,0,NA,"300GS",450,40,1970,"BV605-A","CD115",2.73339290359862
"BM_Neu_026.fcs",26,"mature neutrophils","Comp-BV650-A",10111,"MFI","Lumbar","mouse7","rep3","5LOnaive","male",NA,0,NA,"300GS",450,40,1970,"BV650-A","Ly6C",4.90394612275274
"BM_Neu_026.fcs",26,"mature neutrophils","Comp-BV711-A",693,"MFI","Lumbar","mouse7","rep3","5LOnaive","male",NA,0,NA,"300GS",450,40,1970,"BV711-A","CD39",2.23505397636867
"BM_Neu_026.fcs",26,"mature neutrophils","Comp-BV786-A",4247,"MFI","Lumbar","mouse7","rep3","5LOnaive","male",NA,0,NA,"300GS",450,40,1970,"BV786-A","CD11b",4.03679172979509
"BM_Neu_026.fcs",26,"mature neutrophils","Comp-FITC-A",-52.7,"MFI","Lumbar","mouse7","rep3","5LOnaive","male",NA,0,NA,"300GS",450,40,1970,"FITC-A","CX3CR1",-0.344479771072303
"BM_Neu_026.fcs",26,"mature neutrophils","Comp-PE-A",559,"MFI","Lumbar","mouse7","rep3","5LOnaive","male",NA,0,NA,"300GS",450,40,1970,"PE-A","DC-Trail-R1",2.02619496491868
"BM_Neu_026.fcs",26,"mature neutrophils","Comp-PE-Cy5-A",-526,"MFI","Lumbar","mouse7","rep3","5LOnaive","male",NA,0,NA,"300GS",450,40,1970,"PE-Cy5-A","CD150",-1.96755033503061
"BM_Neu_026.fcs",26,"mature neutrophils","Comp-PE-Cy7-A",641,"MFI","Lumbar","mouse7","rep3","5LOnaive","male",NA,0,NA,"300GS",450,40,1970,"PE-Cy7-A","CD101",2.15895856739233
"BM_Neu_026.fcs",26,"mature neutrophils","Comp-PE-Texas Red-A",1851,"MFI","Lumbar","mouse7","rep3","5LOnaive","male",NA,0,NA,"300GS",450,40,1970,"PE-Texas Red-A","ICAM1",3.20763093073212
"BM_Neu_027.fcs",27,"mature neutrophils","Comp-APC-A",-74.2,"MFI","Sternum","mouse7","rep3","5LOnaive","male",NA,0,NA,"300GS",150,80,1970,"APC-A","CD117",-0.476436465705376
"BM_Neu_027.fcs",27,"mature neutrophils","Comp-APC-Cy7-A",611,"MFI","Sternum","mouse7","rep3","5LOnaive","male",NA,0,NA,"300GS",150,80,1970,"APC-Cy7-A","CD14",2.11234673525874
"BM_Neu_027.fcs",27,"mature neutrophils","Comp-BB700-A",710,"MFI","Sternum","mouse7","rep3","5LOnaive","male",NA,0,NA,"300GS",150,80,1970,"BB700-A","CD16/32",2.2587530883943
"BM_Neu_027.fcs",27,"mature neutrophils","Comp-BUV395-A",-257,"MFI","Sternum","mouse7","rep3","5LOnaive","male",NA,0,NA,"300GS",150,80,1970,"BUV395-A","Sca1",-1.30756106258094
"BM_Neu_027.fcs",27,"mature neutrophils","Comp-BUV496-A",952,"MFI","Sternum","mouse7","rep3","5LOnaive","male",NA,0,NA,"300GS",150,80,1970,"BUV496-A","MHCII",2.54722645070448
"BM_Neu_027.fcs",27,"mature neutrophils","Comp-BUV563-A",95.1,"MFI","Sternum","mouse7","rep3","5LOnaive","male",NA,0,NA,"300GS",150,80,1970,"BUV563-A","CD106",0.5977602237455
"BM_Neu_027.fcs",27,"mature neutrophils","Comp-BUV615-A",305,"MFI","Sternum","mouse7","rep3","5LOnaive","male",NA,0,NA,"300GS",150,80,1970,"BUV615-A","CCR5",1.45844398169632
"BM_Neu_027.fcs",27,"mature neutrophils","Comp-BUV661-A",2123,"MFI","Sternum","mouse7","rep3","5LOnaive","male",NA,0,NA,"300GS",150,80,1970,"BUV661-A","CD74",3.34434304113826
"BM_Neu_027.fcs",27,"mature neutrophils","Comp-BUV737-A",5510,"MFI","Sternum","mouse7","rep3","5LOnaive","male",NA,0,NA,"300GS",150,80,1970,"BUV737-A","Ly6G",4.29701701321058
"BM_Neu_027.fcs",27,"mature neutrophils","Comp-BUV805-A",12547,"MFI","Sternum","mouse7","rep3","5LOnaive","male",NA,0,NA,"300GS",150,80,1970,"BUV805-A","CD45",5.11978448750775
"BM_Neu_027.fcs",27,"mature neutrophils","Comp-BV421-A",684,"MFI","Sternum","mouse7","rep3","5LOnaive","male",NA,0,NA,"300GS",150,80,1970,"BV421-A","PDL1",2.22228152430357
"BM_Neu_027.fcs",27,"mature neutrophils","Comp-BV570-A",785,"MFI","Sternum","mouse7","rep3","5LOnaive","male",NA,0,NA,"300GS",150,80,1970,"BV570-A","CD44",2.35720125476243
"BM_Neu_027.fcs",27,"mature neutrophils","Comp-BV605-A",709,"MFI","Sternum","mouse7","rep3","5LOnaive","male",NA,0,NA,"300GS",150,80,1970,"BV605-A","CD115",2.25737412573907
"BM_Neu_027.fcs",27,"mature neutrophils","Comp-BV650-A",7677,"MFI","Sternum","mouse7","rep3","5LOnaive","male",NA,0,NA,"300GS",150,80,1970,"BV650-A","Ly6C",4.62859143961185
"BM_Neu_027.fcs",27,"mature neutrophils","Comp-BV711-A",541,"MFI","Sternum","mouse7","rep3","5LOnaive","male",NA,0,NA,"300GS",150,80,1970,"BV711-A","CD39",1.99461852527734
"BM_Neu_027.fcs",27,"mature neutrophils","Comp-BV786-A",3837,"MFI","Sternum","mouse7","rep3","5LOnaive","male",NA,0,NA,"300GS",150,80,1970,"BV786-A","CD11b",3.93533982440641
"BM_Neu_027.fcs",27,"mature neutrophils","Comp-FITC-A",-46.5,"MFI","Sternum","mouse7","rep3","5LOnaive","male",NA,0,NA,"300GS",150,80,1970,"FITC-A","CX3CR1",-0.305238019925228
"BM_Neu_027.fcs",27,"mature neutrophils","Comp-PE-A",524,"MFI","Sternum","mouse7","rep3","5LOnaive","male",NA,0,NA,"300GS",150,80,1970,"PE-A","DC-Trail-R1",1.96388738302674
"BM_Neu_027.fcs",27,"mature neutrophils","Comp-PE-Cy5-A",-439,"MFI","Sternum","mouse7","rep3","5LOnaive","male",NA,0,NA,"300GS",150,80,1970,"PE-Cy5-A","CD150",-1.79499774700319
"BM_Neu_027.fcs",27,"mature neutrophils","Comp-PE-Cy7-A",689,"MFI","Sternum","mouse7","rep3","5LOnaive","male",NA,0,NA,"300GS",150,80,1970,"PE-Cy7-A","CD101",2.22939700056835
"BM_Neu_027.fcs",27,"mature neutrophils","Comp-PE-Texas Red-A",1409,"MFI","Sternum","mouse7","rep3","5LOnaive","male",NA,0,NA,"300GS",150,80,1970,"PE-Texas Red-A","ICAM1",2.93596878385107
"BM_Neu_028.fcs",28,"mature neutrophils","Comp-APC-A",-135,"MFI","Calvaria","mouse7","rep3","5LOnaive","male",NA,0,NA,"300GS",300,80,1970,"APC-A","CD117",-0.808866935652782
"BM_Neu_028.fcs",28,"mature neutrophils","Comp-APC-Cy7-A",703,"MFI","Calvaria","mouse7","rep3","5LOnaive","male",NA,0,NA,"300GS",300,80,1970,"APC-Cy7-A","CD14",2.24906105638169
"BM_Neu_028.fcs",28,"mature neutrophils","Comp-BB700-A",726,"MFI","Calvaria","mouse7","rep3","5LOnaive","male",NA,0,NA,"300GS",300,80,1970,"BB700-A","CD16/32",2.28056708789997
"BM_Neu_028.fcs",28,"mature neutrophils","Comp-BUV395-A",-243,"MFI","Calvaria","mouse7","rep3","5LOnaive","male",NA,0,NA,"300GS",300,80,1970,"BUV395-A","Sca1",-1.25953589527878
"BM_Neu_028.fcs",28,"mature neutrophils","Comp-BUV496-A",1119,"MFI","Calvaria","mouse7","rep3","5LOnaive","male",NA,0,NA,"300GS",300,80,1970,"BUV496-A","MHCII",2.70716485701685
"BM_Neu_028.fcs",28,"mature neutrophils","Comp-BUV563-A",151,"MFI","Calvaria","mouse7","rep3","5LOnaive","male",NA,0,NA,"300GS",300,80,1970,"BUV563-A","CD106",0.886079784236789
"BM_Neu_028.fcs",28,"mature neutrophils","Comp-BUV615-A",451,"MFI","Calvaria","mouse7","rep3","5LOnaive","male",NA,0,NA,"300GS",300,80,1970,"BUV615-A","CCR5",1.82055253880498
"BM_Neu_028.fcs",28,"mature neutrophils","Comp-BUV661-A",3277,"MFI","Calvaria","mouse7","rep3","5LOnaive","male",NA,0,NA,"300GS",300,80,1970,"BUV661-A","CD74",3.77771892908861
"BM_Neu_028.fcs",28,"mature neutrophils","Comp-BUV737-A",6146,"MFI","Calvaria","mouse7","rep3","5LOnaive","male",NA,0,NA,"300GS",300,80,1970,"BUV737-A","Ly6G",4.40621751054828
"BM_Neu_028.fcs",28,"mature neutrophils","Comp-BUV805-A",16847,"MFI","Calvaria","mouse7","rep3","5LOnaive","male",NA,0,NA,"300GS",300,80,1970,"BUV805-A","CD45",5.41445958306166
"BM_Neu_028.fcs",28,"mature neutrophils","Comp-BV421-A",980,"MFI","Calvaria","mouse7","rep3","5LOnaive","male",NA,0,NA,"300GS",300,80,1970,"BV421-A","PDL1",2.57587059680323
"BM_Neu_028.fcs",28,"mature neutrophils","Comp-BV570-A",1158,"MFI","Calvaria","mouse7","rep3","5LOnaive","male",NA,0,NA,"300GS",300,80,1970,"BV570-A","CD44",2.74113013762744
"BM_Neu_028.fcs",28,"mature neutrophils","Comp-BV605-A",1196,"MFI","Calvaria","mouse7","rep3","5LOnaive","male",NA,0,NA,"300GS",300,80,1970,"BV605-A","CD115",2.77315924814439
"BM_Neu_028.fcs",28,"mature neutrophils","Comp-BV650-A",10838,"MFI","Calvaria","mouse7","rep3","5LOnaive","male",NA,0,NA,"300GS",300,80,1970,"BV650-A","Ly6C",4.97337352687834
"BM_Neu_028.fcs",28,"mature neutrophils","Comp-BV711-A",728,"MFI","Calvaria","mouse7","rep3","5LOnaive","male",NA,0,NA,"300GS",300,80,1970,"BV711-A","CD39",2.28326136968089
"BM_Neu_028.fcs",28,"mature neutrophils","Comp-BV786-A",5349,"MFI","Calvaria","mouse7","rep3","5LOnaive","male",NA,0,NA,"300GS",300,80,1970,"BV786-A","CD11b",4.26737333224584
"BM_Neu_028.fcs",28,"mature neutrophils","Comp-FITC-A",-58.1,"MFI","Calvaria","mouse7","rep3","5LOnaive","male",NA,0,NA,"300GS",300,80,1970,"FITC-A","CX3CR1",-0.378249091703909
"BM_Neu_028.fcs",28,"mature neutrophils","Comp-PE-A",595,"MFI","Calvaria","mouse7","rep3","5LOnaive","male",NA,0,NA,"300GS",300,80,1970,"PE-A","DC-Trail-R1",2.08659616094239
"BM_Neu_028.fcs",28,"mature neutrophils","Comp-PE-Cy5-A",-545,"MFI","Calvaria","mouse7","rep3","5LOnaive","male",NA,0,NA,"300GS",300,80,1970,"PE-Cy5-A","CD150",-2.0017190926887
"BM_Neu_028.fcs",28,"mature neutrophils","Comp-PE-Cy7-A",710,"MFI","Calvaria","mouse7","rep3","5LOnaive","male",NA,0,NA,"300GS",300,80,1970,"PE-Cy7-A","CD101",2.2587530883943
"BM_Neu_028.fcs",28,"mature neutrophils","Comp-PE-Texas Red-A",1926,"MFI","Calvaria","mouse7","rep3","5LOnaive","male",NA,0,NA,"300GS",300,80,1970,"PE-Texas Red-A","ICAM1",3.24722542793662
"BM_Neu_029.fcs",29,"mature neutrophils","Comp-APC-A",-96.9,"MFI","Femur","mouse8","rep4","5LOnaive","male",NA,0,NA,"300GS",450,50,1970,"APC-A","CD117",-0.607867475034862
"BM_Neu_029.fcs",29,"mature neutrophils","Comp-APC-Cy7-A",614,"MFI","Femur","mouse8","rep4","5LOnaive","male",NA,0,NA,"300GS",450,50,1970,"APC-Cy7-A","CD14",2.11710411805747
"BM_Neu_029.fcs",29,"mature neutrophils","Comp-BB700-A",785,"MFI","Femur","mouse8","rep4","5LOnaive","male",NA,0,NA,"300GS",450,50,1970,"BB700-A","CD16/32",2.35720125476243
"BM_Neu_029.fcs",29,"mature neutrophils","Comp-BUV395-A",-201,"MFI","Femur","mouse8","rep4","5LOnaive","male",NA,0,NA,"300GS",450,50,1970,"BUV395-A","Sca1",-1.10260589847628
"BM_Neu_029.fcs",29,"mature neutrophils","Comp-BUV496-A",1081,"MFI","Femur","mouse8","rep4","5LOnaive","male",NA,0,NA,"300GS",450,50,1970,"BUV496-A","MHCII",2.67293292759441
"BM_Neu_029.fcs",29,"mature neutrophils","Comp-BUV563-A",171,"MFI","Femur","mouse8","rep4","5LOnaive","male",NA,0,NA,"300GS",450,50,1970,"BUV563-A","CD106",0.976988087791336
"BM_Neu_029.fcs",29,"mature neutrophils","Comp-BUV615-A",408,"MFI","Femur","mouse8","rep4","5LOnaive","male",NA,0,NA,"300GS",450,50,1970,"BUV615-A","CCR5",1.72597560583918
"BM_Neu_029.fcs",29,"mature neutrophils","Comp-BUV661-A",2893,"MFI","Femur","mouse8","rep4","5LOnaive","male",NA,0,NA,"300GS",450,50,1970,"BUV661-A","CD74",3.65323260215256
"BM_Neu_029.fcs",29,"mature neutrophils","Comp-BUV737-A",5019,"MFI","Femur","mouse8","rep4","5LOnaive","male",NA,0,NA,"300GS",450,50,1970,"BUV737-A","Ly6G",4.20372110105943
"BM_Neu_029.fcs",29,"mature neutrophils","Comp-BUV805-A",14459,"MFI","Femur","mouse8","rep4","5LOnaive","male",NA,0,NA,"300GS",450,50,1970,"BUV805-A","CD45",5.2616111282123
"BM_Neu_029.fcs",29,"mature neutrophils","Comp-BV421-A",802,"MFI","Femur","mouse8","rep4","5LOnaive","male",NA,0,NA,"300GS",450,50,1970,"BV421-A","PDL1",2.37825323538136
"BM_Neu_029.fcs",29,"mature neutrophils","Comp-BV570-A",1106,"MFI","Femur","mouse8","rep4","5LOnaive","male",NA,0,NA,"300GS",450,50,1970,"BV570-A","CD44",2.69558412859569
"BM_Neu_029.fcs",29,"mature neutrophils","Comp-BV605-A",1166,"MFI","Femur","mouse8","rep4","5LOnaive","male",NA,0,NA,"300GS",450,50,1970,"BV605-A","CD115",2.74795819019108
"BM_Neu_029.fcs",29,"mature neutrophils","Comp-BV650-A",10138,"MFI","Femur","mouse8","rep4","5LOnaive","male",NA,0,NA,"300GS",450,50,1970,"BV650-A","Ly6C",4.90661263005909
"BM_Neu_029.fcs",29,"mature neutrophils","Comp-BV711-A",745,"MFI","Femur","mouse8","rep4","5LOnaive","male",NA,0,NA,"300GS",450,50,1970,"BV711-A","CD39",2.30588009603288
"BM_Neu_029.fcs",29,"mature neutrophils","Comp-BV786-A",4244,"MFI","Femur","mouse8","rep4","5LOnaive","male",NA,0,NA,"300GS",450,50,1970,"BV786-A","CD11b",4.03608553985271
"BM_Neu_029.fcs",29,"mature neutrophils","Comp-FITC-A",-51.2,"MFI","Femur","mouse8","rep4","5LOnaive","male",NA,0,NA,"300GS",450,50,1970,"FITC-A","CX3CR1",-0.335030458588862
"BM_Neu_029.fcs",29,"mature neutrophils","Comp-PE-A",476,"MFI","Femur","mouse8","rep4","5LOnaive","male",NA,0,NA,"300GS",450,50,1970,"PE-A","DC-Trail-R1",1.87187924536002
"BM_Neu_029.fcs",29,"mature neutrophils","Comp-PE-Cy5-A",-518,"MFI","Femur","mouse8","rep4","5LOnaive","male",NA,0,NA,"300GS",450,50,1970,"PE-Cy5-A","CD150",-1.95282050584403
"BM_Neu_029.fcs",29,"mature neutrophils","Comp-PE-Cy7-A",579,"MFI","Femur","mouse8","rep4","5LOnaive","male",NA,0,NA,"300GS",450,50,1970,"PE-Cy7-A","CD101",2.06018612153565
"BM_Neu_029.fcs",29,"mature neutrophils","Comp-PE-Texas Red-A",1747,"MFI","Femur","mouse8","rep4","5LOnaive","male",NA,0,NA,"300GS",450,50,1970,"PE-Texas Red-A","ICAM1",3.15000517042547
"BM_Neu_030.fcs",30,"mature neutrophils","Comp-APC-A",-103,"MFI","Lumbar","mouse8","rep4","5LOnaive","male",NA,0,NA,"300GS",450,40,1970,"APC-A","CD117",-0.641709267092569
"BM_Neu_030.fcs",30,"mature neutrophils","Comp-APC-Cy7-A",734,"MFI","Lumbar","mouse8","rep4","5LOnaive","male",NA,0,NA,"300GS",450,40,1970,"APC-Cy7-A","CD14",2.29130181396408
"BM_Neu_030.fcs",30,"mature neutrophils","Comp-BB700-A",744,"MFI","Lumbar","mouse8","rep4","5LOnaive","male",NA,0,NA,"300GS",450,40,1970,"BB700-A","CD16/32",2.30456337167797
"BM_Neu_030.fcs",30,"mature neutrophils","Comp-BUV395-A",-290,"MFI","Lumbar","mouse8","rep4","5LOnaive","male",NA,0,NA,"300GS",450,40,1970,"BUV395-A","Sca1",-1.41341743943541
"BM_Neu_030.fcs",30,"mature neutrophils","Comp-BUV496-A",1012,"MFI","Lumbar","mouse8","rep4","5LOnaive","male",NA,0,NA,"300GS",450,40,1970,"BUV496-A","MHCII",2.60764342290252
"BM_Neu_030.fcs",30,"mature neutrophils","Comp-BUV563-A",110,"MFI","Lumbar","mouse8","rep4","5LOnaive","male",NA,0,NA,"300GS",450,40,1970,"BUV563-A","CD106",0.679760485167312
"BM_Neu_030.fcs",30,"mature neutrophils","Comp-BUV615-A",393,"MFI","Lumbar","mouse8","rep4","5LOnaive","male",NA,0,NA,"300GS",450,40,1970,"BUV615-A","CCR5",1.69089876938123
"BM_Neu_030.fcs",30,"mature neutrophils","Comp-BUV661-A",2726,"MFI","Lumbar","mouse8","rep4","5LOnaive","male",NA,0,NA,"300GS",450,40,1970,"BUV661-A","CD74",3.59385859701645
"BM_Neu_030.fcs",30,"mature neutrophils","Comp-BUV737-A",5899,"MFI","Lumbar","mouse8","rep4","5LOnaive","male",NA,0,NA,"300GS",450,40,1970,"BUV737-A","Ly6G",4.36521161757396
"BM_Neu_030.fcs",30,"mature neutrophils","Comp-BUV805-A",15031,"MFI","Lumbar","mouse8","rep4","5LOnaive","male",NA,0,NA,"300GS",450,40,1970,"BUV805-A","CD45",5.3004067966533
"BM_Neu_030.fcs",30,"mature neutrophils","Comp-BV421-A",872,"MFI","Lumbar","mouse8","rep4","5LOnaive","male",NA,0,NA,"300GS",450,40,1970,"BV421-A","PDL1",2.4606181259595
"BM_Neu_030.fcs",30,"mature neutrophils","Comp-BV570-A",974,"MFI","Lumbar","mouse8","rep4","5LOnaive","male",NA,0,NA,"300GS",450,40,1970,"BV570-A","CD44",2.56980045536468
"BM_Neu_030.fcs",30,"mature neutrophils","Comp-BV605-A",962,"MFI","Lumbar","mouse8","rep4","5LOnaive","male",NA,0,NA,"300GS",450,40,1970,"BV605-A","CD115",2.55754982135326
"BM_Neu_030.fcs",30,"mature neutrophils","Comp-BV650-A",9590,"MFI","Lumbar","mouse8","rep4","5LOnaive","male",NA,0,NA,"300GS",450,40,1970,"BV650-A","Ly6C",4.85104921124244
"BM_Neu_030.fcs",30,"mature neutrophils","Comp-BV711-A",686,"MFI","Lumbar","mouse8","rep4","5LOnaive","male",NA,0,NA,"300GS",450,40,1970,"BV711-A","CD39",2.22513365304658
"BM_Neu_030.fcs",30,"mature neutrophils","Comp-BV786-A",4816,"MFI","Lumbar","mouse8","rep4","5LOnaive","male",NA,0,NA,"300GS",450,40,1970,"BV786-A","CD11b",4.16245330639796
"BM_Neu_030.fcs",30,"mature neutrophils","Comp-FITC-A",-51.9,"MFI","Lumbar","mouse8","rep4","5LOnaive","male",NA,0,NA,"300GS",450,40,1970,"FITC-A","CX3CR1",-0.339443773323187
"BM_Neu_030.fcs",30,"mature neutrophils","Comp-PE-A",521,"MFI","Lumbar","mouse8","rep4","5LOnaive","male",NA,0,NA,"300GS",450,40,1970,"PE-A","DC-Trail-R1",1.95836865622015
"BM_Neu_030.fcs",30,"mature neutrophils","Comp-PE-Cy5-A",-497,"MFI","Lumbar","mouse8","rep4","5LOnaive","male",NA,0,NA,"300GS",450,40,1970,"PE-Cy5-A","CD150",-1.91313364143118
"BM_Neu_030.fcs",30,"mature neutrophils","Comp-PE-Cy7-A",657,"MFI","Lumbar","mouse8","rep4","5LOnaive","male",NA,0,NA,"300GS",450,40,1970,"PE-Cy7-A","CD101",2.18297973273572
"BM_Neu_030.fcs",30,"mature neutrophils","Comp-PE-Texas Red-A",1615,"MFI","Lumbar","mouse8","rep4","5LOnaive","male",NA,0,NA,"300GS",450,40,1970,"PE-Texas Red-A","ICAM1",3.07175181782345
"BM_Neu_031.fcs",31,"mature neutrophils","Comp-APC-A",-85.5,"MFI","Sternum","mouse8","rep4","5LOnaive","male",NA,0,NA,"300GS",150,80,1970,"APC-A","CD117",-0.542930505457726
"BM_Neu_031.fcs",31,"mature neutrophils","Comp-APC-Cy7-A",720,"MFI","Sternum","mouse8","rep4","5LOnaive","male",NA,0,NA,"300GS",150,80,1970,"APC-Cy7-A","CD14",2.2724413273866
"BM_Neu_031.fcs",31,"mature neutrophils","Comp-BB700-A",762,"MFI","Sternum","mouse8","rep4","5LOnaive","male",NA,0,NA,"300GS",150,80,1970,"BB700-A","CD16/32",2.32800814501649
"BM_Neu_031.fcs",31,"mature neutrophils","Comp-BUV395-A",-251,"MFI","Sternum","mouse8","rep4","5LOnaive","male",NA,0,NA,"300GS",150,80,1970,"BUV395-A","Sca1",-1.28722059847005
"BM_Neu_031.fcs",31,"mature neutrophils","Comp-BUV496-A",1086,"MFI","Sternum","mouse8","rep4","5LOnaive","male",NA,0,NA,"300GS",150,80,1970,"BUV496-A","MHCII",2.67750401392987
"BM_Neu_031.fcs",31,"mature neutrophils","Comp-BUV563-A",134,"MFI","Sternum","mouse8","rep4","5LOnaive","male",NA,0,NA,"300GS",150,80,1970,"BUV563-A","CD106",0.803903421241612
"BM_Neu_031.fcs",31,"mature neutrophils","Comp-BUV615-A",362,"MFI","Sternum","mouse8","rep4","5LOnaive","male",NA,0,NA,"300GS",150,80,1970,"BUV615-A","CCR5",1.61455401467789
"BM_Neu_031.fcs",31,"mature neutrophils","Comp-BUV661-A",2549,"MFI","Sternum","mouse8","rep4","5LOnaive","male",NA,0,NA,"300GS",150,80,1970,"BUV661-A","CD74",3.5268328995376
"BM_Neu_031.fcs",31,"mature neutrophils","Comp-BUV737-A",6254,"MFI","Sternum","mouse8","rep4","5LOnaive","male",NA,0,NA,"300GS",150,80,1970,"BUV737-A","Ly6G",4.42363220932368
"BM_Neu_031.fcs",31,"mature neutrophils","Comp-BUV805-A",14143,"MFI","Sternum","mouse8","rep4","5LOnaive","male",NA,0,NA,"300GS",150,80,1970,"BUV805-A","CD45",5.23951508786031
"BM_Neu_031.fcs",31,"mature neutrophils","Comp-BV421-A",869,"MFI","Sternum","mouse8","rep4","5LOnaive","male",NA,0,NA,"300GS",150,80,1970,"BV421-A","PDL1",2.45722188003835
"BM_Neu_031.fcs",31,"mature neutrophils","Comp-BV570-A",997,"MFI","Sternum","mouse8","rep4","5LOnaive","male",NA,0,NA,"300GS",150,80,1970,"BV570-A","CD44",2.59287411936855
"BM_Neu_031.fcs",31,"mature neutrophils","Comp-BV605-A",991,"MFI","Sternum","mouse8","rep4","5LOnaive","male",NA,0,NA,"300GS",150,80,1970,"BV605-A","CD115",2.58690546264753
"BM_Neu_031.fcs",31,"mature neutrophils","Comp-BV650-A",9250,"MFI","Sternum","mouse8","rep4","5LOnaive","male",NA,0,NA,"300GS",150,80,1970,"BV650-A","Ly6C",4.8149564519053
"BM_Neu_031.fcs",31,"mature neutrophils","Comp-BV711-A",707,"MFI","Sternum","mouse8","rep4","5LOnaive","male",NA,0,NA,"300GS",150,80,1970,"BV711-A","CD39",2.25461060688482
"BM_Neu_031.fcs",31,"mature neutrophils","Comp-BV786-A",4671,"MFI","Sternum","mouse8","rep4","5LOnaive","male",NA,0,NA,"300GS",150,80,1970,"BV786-A","CD11b",4.13189805912318
"BM_Neu_031.fcs",31,"mature neutrophils","Comp-FITC-A",-52.8,"MFI","Sternum","mouse8","rep4","5LOnaive","male",NA,0,NA,"300GS",150,80,1970,"FITC-A","CX3CR1",-0.34510868244824
"BM_Neu_031.fcs",31,"mature neutrophils","Comp-PE-A",506,"MFI","Sternum","mouse8","rep4","5LOnaive","male",NA,0,NA,"300GS",150,80,1970,"PE-A","DC-Trail-R1",1.93032755843526
"BM_Neu_031.fcs",31,"mature neutrophils","Comp-PE-Cy5-A",-504,"MFI","Sternum","mouse8","rep4","5LOnaive","male",NA,0,NA,"300GS",150,80,1970,"PE-Cy5-A","CD150",-1.92653109345478
"BM_Neu_031.fcs",31,"mature neutrophils","Comp-PE-Cy7-A",687,"MFI","Sternum","mouse8","rep4","5LOnaive","male",NA,0,NA,"300GS",150,80,1970,"PE-Cy7-A","CD101",2.22655674292944
"BM_Neu_031.fcs",31,"mature neutrophils","Comp-PE-Texas Red-A",1602,"MFI","Sternum","mouse8","rep4","5LOnaive","male",NA,0,NA,"300GS",150,80,1970,"PE-Texas Red-A","ICAM1",3.06370462586452
"BM_Neu_032.fcs",32,"mature neutrophils","Comp-APC-A",-114,"MFI","Calvaria","mouse8","rep4","5LOnaive","male",NA,0,NA,"300GS",300,80,1970,"APC-A","CD117",-0.701127987752585
"BM_Neu_032.fcs",32,"mature neutrophils","Comp-APC-Cy7-A",796,"MFI","Calvaria","mouse8","rep4","5LOnaive","male",NA,0,NA,"300GS",300,80,1970,"APC-Cy7-A","CD14",2.37087275013189
"BM_Neu_032.fcs",32,"mature neutrophils","Comp-BB700-A",748,"MFI","Calvaria","mouse8","rep4","5LOnaive","male",NA,0,NA,"300GS",300,80,1970,"BB700-A","CD16/32",2.30982010143196
"BM_Neu_032.fcs",32,"mature neutrophils","Comp-BUV395-A",-246,"MFI","Calvaria","mouse8","rep4","5LOnaive","male",NA,0,NA,"300GS",300,80,1970,"BUV395-A","Sca1",-1.26999454910272
"BM_Neu_032.fcs",32,"mature neutrophils","Comp-BUV496-A",1118,"MFI","Calvaria","mouse8","rep4","5LOnaive","male",NA,0,NA,"300GS",300,80,1970,"BUV496-A","MHCII",2.70627873536381
"BM_Neu_032.fcs",32,"mature neutrophils","Comp-BUV563-A",136,"MFI","Calvaria","mouse8","rep4","5LOnaive","male",NA,0,NA,"300GS",300,80,1970,"BUV563-A","CD106",0.813814023750864
"BM_Neu_032.fcs",32,"mature neutrophils","Comp-BUV615-A",442,"MFI","Calvaria","mouse8","rep4","5LOnaive","male",NA,0,NA,"300GS",300,80,1970,"BUV615-A","CCR5",1.80144468075651
"BM_Neu_032.fcs",32,"mature neutrophils","Comp-BUV661-A",3074,"MFI","Calvaria","mouse8","rep4","5LOnaive","male",NA,0,NA,"300GS",300,80,1970,"BUV661-A","CD74",3.71384155084558
"BM_Neu_032.fcs",32,"mature neutrophils","Comp-BUV737-A",6374,"MFI","Calvaria","mouse8","rep4","5LOnaive","male",NA,0,NA,"300GS",300,80,1970,"BUV737-A","Ly6G",4.44263280443342
"BM_Neu_032.fcs",32,"mature neutrophils","Comp-BUV805-A",16059,"MFI","Calvaria","mouse8","rep4","5LOnaive","male",NA,0,NA,"300GS",300,80,1970,"BUV805-A","CD45",5.36655841631146
"BM_Neu_032.fcs",32,"mature neutrophils","Comp-BV421-A",1057,"MFI","Calvaria","mouse8","rep4","5LOnaive","male",NA,0,NA,"300GS",300,80,1970,"BV421-A","PDL1",2.65069895794865
"BM_Neu_032.fcs",32,"mature neutrophils","Comp-BV570-A",1148,"MFI","Calvaria","mouse8","rep4","5LOnaive","male",NA,0,NA,"300GS",300,80,1970,"BV570-A","CD44",2.73252953503714
"BM_Neu_032.fcs",32,"mature neutrophils","Comp-BV605-A",1203,"MFI","Calvaria","mouse8","rep4","5LOnaive","male",NA,0,NA,"300GS",300,80,1970,"BV605-A","CD115",2.77894992721496
"BM_Neu_032.fcs",32,"mature neutrophils","Comp-BV650-A",10933,"MFI","Calvaria","mouse8","rep4","5LOnaive","male",NA,0,NA,"300GS",300,80,1970,"BV650-A","Ly6C",4.98209995969981
"BM_Neu_032.fcs",32,"mature neutrophils","Comp-BV711-A",819,"MFI","Calvaria","mouse8","rep4","5LOnaive","male",NA,0,NA,"300GS",300,80,1970,"BV711-A","CD39",2.39887840384652
"BM_Neu_032.fcs",32,"mature neutrophils","Comp-BV786-A",5333,"MFI","Calvaria","mouse8","rep4","5LOnaive","male",NA,0,NA,"300GS",300,80,1970,"BV786-A","CD11b",4.26437881704329
"BM_Neu_032.fcs",32,"mature neutrophils","Comp-FITC-A",-55.7,"MFI","Calvaria","mouse8","rep4","5LOnaive","male",NA,0,NA,"300GS",300,80,1970,"FITC-A","CX3CR1",-0.363289332179965
"BM_Neu_032.fcs",32,"mature neutrophils","Comp-PE-A",522,"MFI","Calvaria","mouse8","rep4","5LOnaive","male",NA,0,NA,"300GS",300,80,1970,"PE-A","DC-Trail-R1",1.96021148631373
"BM_Neu_032.fcs",32,"mature neutrophils","Comp-PE-Cy5-A",-537,"MFI","Calvaria","mouse8","rep4","5LOnaive","male",NA,0,NA,"300GS",300,80,1970,"PE-Cy5-A","CD150",-1.98746903788718
"BM_Neu_032.fcs",32,"mature neutrophils","Comp-PE-Cy7-A",718,"MFI","Calvaria","mouse8","rep4","5LOnaive","male",NA,0,NA,"300GS",300,80,1970,"PE-Cy7-A","CD101",2.26971831121427
"BM_Neu_032.fcs",32,"mature neutrophils","Comp-PE-Texas Red-A",1777,"MFI","Calvaria","mouse8","rep4","5LOnaive","male",NA,0,NA,"300GS",300,80,1970,"PE-Texas Red-A","ICAM1",3.16697031708635
"BM_Neu_033.fcs",33,"mature neutrophils","Comp-APC-A",-59.2,"MFI","Femur","mouse9","rep1","15LOnaive","male",NA,0,NA,"300GS",450,50,1970,"APC-A","CD117",-0.385078902565005
"BM_Neu_033.fcs",33,"mature neutrophils","Comp-APC-Cy7-A",645,"MFI","Femur","mouse9","rep1","15LOnaive","male",NA,0,NA,"300GS",450,50,1970,"APC-Cy7-A","CD14",2.16501676414533
"BM_Neu_033.fcs",33,"mature neutrophils","Comp-BB700-A",784,"MFI","Femur","mouse9","rep1","15LOnaive","male",NA,0,NA,"300GS",450,50,1970,"BB700-A","CD16/32",2.35594923826463
"BM_Neu_033.fcs",33,"mature neutrophils","Comp-BUV395-A",-165,"MFI","Femur","mouse9","rep1","15LOnaive","male",NA,0,NA,"300GS",450,50,1970,"BUV395-A","Sca1",-0.950346929821134
"BM_Neu_033.fcs",33,"mature neutrophils","Comp-BUV496-A",1086,"MFI","Femur","mouse9","rep1","15LOnaive","male",NA,0,NA,"300GS",450,50,1970,"BUV496-A","MHCII",2.67750401392987
"BM_Neu_033.fcs",33,"mature neutrophils","Comp-BUV563-A",155,"MFI","Femur","mouse9","rep1","15LOnaive","male",NA,0,NA,"300GS",450,50,1970,"BUV563-A","CD106",0.904748498782685
"BM_Neu_033.fcs",33,"mature neutrophils","Comp-BUV615-A",329,"MFI","Femur","mouse9","rep1","15LOnaive","male",NA,0,NA,"300GS",450,50,1970,"BUV615-A","CCR5",1.52689833948301
"BM_Neu_033.fcs",33,"mature neutrophils","Comp-BUV661-A",2379,"MFI","Femur","mouse9","rep1","15LOnaive","male",NA,0,NA,"300GS",450,50,1970,"BUV661-A","CD74",3.45793979763032
"BM_Neu_033.fcs",33,"mature neutrophils","Comp-BUV737-A",5257,"MFI","Femur","mouse9","rep1","15LOnaive","male",NA,0,NA,"300GS",450,50,1970,"BUV737-A","Ly6G",4.25003116367082
"BM_Neu_033.fcs",33,"mature neutrophils","Comp-BUV805-A",12139,"MFI","Femur","mouse9","rep1","15LOnaive","male",NA,0,NA,"300GS",450,50,1970,"BUV805-A","CD45",5.08672874621209
"BM_Neu_033.fcs",33,"mature neutrophils","Comp-BV421-A",696,"MFI","Femur","mouse9","rep1","15LOnaive","male",NA,0,NA,"300GS",450,50,1970,"BV421-A","PDL1",2.23927627718837
"BM_Neu_033.fcs",33,"mature neutrophils","Comp-BV570-A",960,"MFI","Femur","mouse9","rep1","15LOnaive","male",NA,0,NA,"300GS",450,50,1970,"BV570-A","CD44",2.55549355317483
"BM_Neu_033.fcs",33,"mature neutrophils","Comp-BV605-A",960,"MFI","Femur","mouse9","rep1","15LOnaive","male",NA,0,NA,"300GS",450,50,1970,"BV605-A","CD115",2.55549355317483
"BM_Neu_033.fcs",33,"mature neutrophils","Comp-BV650-A",8866,"MFI","Femur","mouse9","rep1","15LOnaive","male",NA,0,NA,"300GS",450,50,1970,"BV650-A","Ly6C",4.77256245355178
"BM_Neu_033.fcs",33,"mature neutrophils","Comp-BV711-A",699,"MFI","Femur","mouse9","rep1","15LOnaive","male",NA,0,NA,"300GS",450,50,1970,"BV711-A","CD39",2.24348122194669
"BM_Neu_033.fcs",33,"mature neutrophils","Comp-BV786-A",3565,"MFI","Femur","mouse9","rep1","15LOnaive","male",NA,0,NA,"300GS",450,50,1970,"BV786-A","CD11b",3.86187351766619
"BM_Neu_033.fcs",33,"mature neutrophils","Comp-FITC-A",-47.6,"MFI","Femur","mouse9","rep1","15LOnaive","male",NA,0,NA,"300GS",450,50,1970,"FITC-A","CX3CR1",-0.312235201277607
"BM_Neu_033.fcs",33,"mature neutrophils","Comp-PE-A",466,"MFI","Femur","mouse9","rep1","15LOnaive","male",NA,0,NA,"300GS",450,50,1970,"PE-A","DC-Trail-R1",1.85164837380748
"BM_Neu_033.fcs",33,"mature neutrophils","Comp-PE-Cy5-A",-494,"MFI","Femur","mouse9","rep1","15LOnaive","male",NA,0,NA,"300GS",450,50,1970,"PE-Cy5-A","CD150",-1.90733884060991
"BM_Neu_033.fcs",33,"mature neutrophils","Comp-PE-Cy7-A",619,"MFI","Femur","mouse9","rep1","15LOnaive","male",NA,0,NA,"300GS",450,50,1970,"PE-Cy7-A","CD101",2.12498455223656
"BM_Neu_033.fcs",33,"mature neutrophils","Comp-PE-Texas Red-A",1529,"MFI","Femur","mouse9","rep1","15LOnaive","male",NA,0,NA,"300GS",450,50,1970,"PE-Texas Red-A","ICAM1",3.01727852091034
"BM_Neu_034.fcs",34,"mature neutrophils","Comp-APC-A",-87.4,"MFI","Lumbar","mouse9","rep1","15LOnaive","male",NA,0,NA,"300GS",450,40,1970,"APC-A","CD117",-0.553904976072802
"BM_Neu_034.fcs",34,"mature neutrophils","Comp-APC-Cy7-A",771,"MFI","Lumbar","mouse9","rep1","15LOnaive","male",NA,0,NA,"300GS",450,40,1970,"APC-Cy7-A","CD14",2.33953137451023
"BM_Neu_034.fcs",34,"mature neutrophils","Comp-BB700-A",754,"MFI","Lumbar","mouse9","rep1","15LOnaive","male",NA,0,NA,"300GS",450,40,1970,"BB700-A","CD16/32",2.31765473998912
"BM_Neu_034.fcs",34,"mature neutrophils","Comp-BUV395-A",-227,"MFI","Lumbar","mouse9","rep1","15LOnaive","male",NA,0,NA,"300GS",450,40,1970,"BUV395-A","Sca1",-1.20213653544285
"BM_Neu_034.fcs",34,"mature neutrophils","Comp-BUV496-A",1006,"MFI","Lumbar","mouse9","rep1","15LOnaive","male",NA,0,NA,"300GS",450,40,1970,"BUV496-A","MHCII",2.60176156516815
"BM_Neu_034.fcs",34,"mature neutrophils","Comp-BUV563-A",101,"MFI","Lumbar","mouse9","rep1","15LOnaive","male",NA,0,NA,"300GS",450,40,1970,"BUV563-A","CD106",0.63068358327089
"BM_Neu_034.fcs",34,"mature neutrophils","Comp-BUV615-A",379,"MFI","Lumbar","mouse9","rep1","15LOnaive","male",NA,0,NA,"300GS",450,40,1970,"BUV615-A","CCR5",1.65708961860343
"BM_Neu_034.fcs",34,"mature neutrophils","Comp-BUV661-A",2632,"MFI","Lumbar","mouse9","rep1","15LOnaive","male",NA,0,NA,"300GS",450,40,1970,"BUV661-A","CD74",3.55882218184004
"BM_Neu_034.fcs",34,"mature neutrophils","Comp-BUV737-A",5952,"MFI","Lumbar","mouse9","rep1","15LOnaive","male",NA,0,NA,"300GS",450,40,1970,"BUV737-A","Ly6G",4.3741532054964
"BM_Neu_034.fcs",34,"mature neutrophils","Comp-BUV805-A",14007,"MFI","Lumbar","mouse9","rep1","15LOnaive","male",NA,0,NA,"300GS",450,40,1970,"BUV805-A","CD45",5.22985303917196
"BM_Neu_034.fcs",34,"mature neutrophils","Comp-BV421-A",828,"MFI","Lumbar","mouse9","rep1","15LOnaive","male",NA,0,NA,"300GS",450,40,1970,"BV421-A","PDL1",2.40963055178979
"BM_Neu_034.fcs",34,"mature neutrophils","Comp-BV570-A",1055,"MFI","Lumbar","mouse9","rep1","15LOnaive","male",NA,0,NA,"300GS",450,40,1970,"BV570-A","CD44",2.64882384058332
"BM_Neu_034.fcs",34,"mature neutrophils","Comp-BV605-A",1084,"MFI","Lumbar","mouse9","rep1","15LOnaive","male",NA,0,NA,"300GS",450,40,1970,"BV605-A","CD115",2.67567806234292
"BM_Neu_034.fcs",34,"mature neutrophils","Comp-BV650-A",9714,"MFI","Lumbar","mouse9","rep1","15LOnaive","male",NA,0,NA,"300GS",450,40,1970,"BV650-A","Ly6C",4.86389491502906
"BM_Neu_034.fcs",34,"mature neutrophils","Comp-BV711-A",712,"MFI","Lumbar","mouse9","rep1","15LOnaive","male",NA,0,NA,"300GS",450,40,1970,"BV711-A","CD39",2.26150544469981
"BM_Neu_034.fcs",34,"mature neutrophils","Comp-BV786-A",4461,"MFI","Lumbar","mouse9","rep1","15LOnaive","male",NA,0,NA,"300GS",450,40,1970,"BV786-A","CD11b",4.08592265774202
"BM_Neu_034.fcs",34,"mature neutrophils","Comp-FITC-A",-53.2,"MFI","Lumbar","mouse9","rep1","15LOnaive","male",NA,0,NA,"300GS",450,40,1970,"FITC-A","CX3CR1",-0.347623013287
"BM_Neu_034.fcs",34,"mature neutrophils","Comp-PE-A",521,"MFI","Lumbar","mouse9","rep1","15LOnaive","male",NA,0,NA,"300GS",450,40,1970,"PE-A","DC-Trail-R1",1.95836865622015
"BM_Neu_034.fcs",34,"mature neutrophils","Comp-PE-Cy5-A",-515,"MFI","Lumbar","mouse9","rep1","15LOnaive","male",NA,0,NA,"300GS",450,40,1970,"PE-Cy5-A","CD150",-1.94724262975191
"BM_Neu_034.fcs",34,"mature neutrophils","Comp-PE-Cy7-A",696,"MFI","Lumbar","mouse9","rep1","15LOnaive","male",NA,0,NA,"300GS",450,40,1970,"PE-Cy7-A","CD101",2.23927627718837
"BM_Neu_034.fcs",34,"mature neutrophils","Comp-PE-Texas Red-A",1600,"MFI","Lumbar","mouse9","rep1","15LOnaive","male",NA,0,NA,"300GS",450,40,1970,"PE-Texas Red-A","ICAM1",3.0624608535107
"BM_Neu_035.fcs",35,"mature neutrophils","Comp-APC-A",-75.8,"MFI","Sternum","mouse9","rep1","15LOnaive","male",NA,0,NA,"300GS",150,80,1970,"APC-A","CD117",-0.4859770079358
"BM_Neu_035.fcs",35,"mature neutrophils","Comp-APC-Cy7-A",727,"MFI","Sternum","mouse9","rep1","15LOnaive","male",NA,0,NA,"300GS",150,80,1970,"APC-Cy7-A","CD14",2.28191511746568
"BM_Neu_035.fcs",35,"mature neutrophils","Comp-BB700-A",777,"MFI","Sternum","mouse9","rep1","15LOnaive","male",NA,0,NA,"300GS",150,80,1970,"BB700-A","CD16/32",2.34714175050764
"BM_Neu_035.fcs",35,"mature neutrophils","Comp-BUV395-A",-224,"MFI","Sternum","mouse9","rep1","15LOnaive","male",NA,0,NA,"300GS",150,80,1970,"BUV395-A","Sca1",-1.19105951766036
"BM_Neu_035.fcs",35,"mature neutrophils","Comp-BUV496-A",1122,"MFI","Sternum","mouse9","rep1","15LOnaive","male",NA,0,NA,"300GS",150,80,1970,"BUV496-A","MHCII",2.70981856197124
"BM_Neu_035.fcs",35,"mature neutrophils","Comp-BUV563-A",154,"MFI","Sternum","mouse9","rep1","15LOnaive","male",NA,0,NA,"300GS",150,80,1970,"BUV563-A","CD106",0.900104624076757
"BM_Neu_035.fcs",35,"mature neutrophils","Comp-BUV615-A",329,"MFI","Sternum","mouse9","rep1","15LOnaive","male",NA,0,NA,"300GS",150,80,1970,"BUV615-A","CCR5",1.52689833948301
"BM_Neu_035.fcs",35,"mature neutrophils","Comp-BUV661-A",2476,"MFI","Sternum","mouse9","rep1","15LOnaive","male",NA,0,NA,"300GS",150,80,1970,"BUV661-A","CD74",3.49782779209489
"BM_Neu_035.fcs",35,"mature neutrophils","Comp-BUV737-A",6474,"MFI","Sternum","mouse9","rep1","15LOnaive","male",NA,0,NA,"300GS",150,80,1970,"BUV737-A","Ly6G",4.45819550154863
"BM_Neu_035.fcs",35,"mature neutrophils","Comp-BUV805-A",13466,"MFI","Sternum","mouse9","rep1","15LOnaive","male",NA,0,NA,"300GS",150,80,1970,"BUV805-A","CD45",5.19046617437656
"BM_Neu_035.fcs",35,"mature neutrophils","Comp-BV421-A",839,"MFI","Sternum","mouse9","rep1","15LOnaive","male",NA,0,NA,"300GS",150,80,1970,"BV421-A","PDL1",2.42261942946056
"BM_Neu_035.fcs",35,"mature neutrophils","Comp-BV570-A",1021,"MFI","Sternum","mouse9","rep1","15LOnaive","male",NA,0,NA,"300GS",150,80,1970,"BV570-A","CD44",2.61640253482932
"BM_Neu_035.fcs",35,"mature neutrophils","Comp-BV605-A",1053,"MFI","Sternum","mouse9","rep1","15LOnaive","male",NA,0,NA,"300GS",150,80,1970,"BV605-A","CD115",2.64694523568658
"BM_Neu_035.fcs",35,"mature neutrophils","Comp-BV650-A",8860,"MFI","Sternum","mouse9","rep1","15LOnaive","male",NA,0,NA,"300GS",150,80,1970,"BV650-A","Ly6C",4.77188557877816
"BM_Neu_035.fcs",35,"mature neutrophils","Comp-BV711-A",723,"MFI","Sternum","mouse9","rep1","15LOnaive","male",NA,0,NA,"300GS",150,80,1970,"BV711-A","CD39",2.2765122890247
"BM_Neu_035.fcs",35,"mature neutrophils","Comp-BV786-A",4395,"MFI","Sternum","mouse9","rep1","15LOnaive","male",NA,0,NA,"300GS",150,80,1970,"BV786-A","CD11b",4.07102577844443
"BM_Neu_035.fcs",35,"mature neutrophils","Comp-FITC-A",-52.6,"MFI","Sternum","mouse9","rep1","15LOnaive","male",NA,0,NA,"300GS",150,80,1970,"FITC-A","CX3CR1",-0.343850728562537
"BM_Neu_035.fcs",35,"mature neutrophils","Comp-PE-A",528,"MFI","Sternum","mouse9","rep1","15LOnaive","male",NA,0,NA,"300GS",150,80,1970,"PE-A","DC-Trail-R1",1.97120042949205
"BM_Neu_035.fcs",35,"mature neutrophils","Comp-PE-Cy5-A",-510,"MFI","Sternum","mouse9","rep1","15LOnaive","male",NA,0,NA,"300GS",150,80,1970,"PE-Cy5-A","CD150",-1.9378792776645
"BM_Neu_035.fcs",35,"mature neutrophils","Comp-PE-Cy7-A",765,"MFI","Sternum","mouse9","rep1","15LOnaive","male",NA,0,NA,"300GS",150,80,1970,"PE-Cy7-A","CD101",2.33186371852127
"BM_Neu_035.fcs",35,"mature neutrophils","Comp-PE-Texas Red-A",1624,"MFI","Sternum","mouse9","rep1","15LOnaive","male",NA,0,NA,"300GS",150,80,1970,"PE-Texas Red-A","ICAM1",3.07728541777384
"BM_Neu_036.fcs",36,"mature neutrophils","Comp-APC-A",-80,"MFI","Calvaria","mouse9","rep1","15LOnaive","male",NA,0,NA,"300GS",300,80,1970,"APC-A","CD117",-0.510825623765991
"BM_Neu_036.fcs",36,"mature neutrophils","Comp-APC-Cy7-A",784,"MFI","Calvaria","mouse9","rep1","15LOnaive","male",NA,0,NA,"300GS",300,80,1970,"APC-Cy7-A","CD14",2.35594923826463
"BM_Neu_036.fcs",36,"mature neutrophils","Comp-BB700-A",771,"MFI","Calvaria","mouse9","rep1","15LOnaive","male",NA,0,NA,"300GS",300,80,1970,"BB700-A","CD16/32",2.33953137451023
"BM_Neu_036.fcs",36,"mature neutrophils","Comp-BUV395-A",-200,"MFI","Calvaria","mouse9","rep1","15LOnaive","male",NA,0,NA,"300GS",300,80,1970,"BUV395-A","Sca1",-1.09861228866811
"BM_Neu_036.fcs",36,"mature neutrophils","Comp-BUV496-A",1184,"MFI","Calvaria","mouse9","rep1","15LOnaive","male",NA,0,NA,"300GS",300,80,1970,"BUV496-A","MHCII",2.76315430198756
"BM_Neu_036.fcs",36,"mature neutrophils","Comp-BUV563-A",141,"MFI","Calvaria","mouse9","rep1","15LOnaive","male",NA,0,NA,"300GS",300,80,1970,"BUV563-A","CD106",0.838304574812323
"BM_Neu_036.fcs",36,"mature neutrophils","Comp-BUV615-A",393,"MFI","Calvaria","mouse9","rep1","15LOnaive","male",NA,0,NA,"300GS",300,80,1970,"BUV615-A","CCR5",1.69089876938123
"BM_Neu_036.fcs",36,"mature neutrophils","Comp-BUV661-A",2750,"MFI","Calvaria","mouse9","rep1","15LOnaive","male",NA,0,NA,"300GS",300,80,1970,"BUV661-A","CD74",3.60261105028485
"BM_Neu_036.fcs",36,"mature neutrophils","Comp-BUV737-A",5972,"MFI","Calvaria","mouse9","rep1","15LOnaive","male",NA,0,NA,"300GS",300,80,1970,"BUV737-A","Ly6G",4.37750672642866
"BM_Neu_036.fcs",36,"mature neutrophils","Comp-BUV805-A",13646,"MFI","Calvaria","mouse9","rep1","15LOnaive","male",NA,0,NA,"300GS",300,80,1970,"BUV805-A","CD45",5.20374380976237
"BM_Neu_036.fcs",36,"mature neutrophils","Comp-BV421-A",743,"MFI","Calvaria","mouse9","rep1","15LOnaive","male",NA,0,NA,"300GS",300,80,1970,"BV421-A","PDL1",2.30324494556099
"BM_Neu_036.fcs",36,"mature neutrophils","Comp-BV570-A",1091,"MFI","Calvaria","mouse9","rep1","15LOnaive","male",NA,0,NA,"300GS",300,80,1970,"BV570-A","CD44",2.68205449520908
"BM_Neu_036.fcs",36,"mature neutrophils","Comp-BV605-A",1105,"MFI","Calvaria","mouse9","rep1","15LOnaive","male",NA,0,NA,"300GS",300,80,1970,"BV605-A","CD115",2.69468777399427
"BM_Neu_036.fcs",36,"mature neutrophils","Comp-BV650-A",10067,"MFI","Calvaria","mouse9","rep1","15LOnaive","male",NA,0,NA,"300GS",300,80,1970,"BV650-A","Ly6C",4.89958541233076
"BM_Neu_036.fcs",36,"mature neutrophils","Comp-BV711-A",664,"MFI","Calvaria","mouse9","rep1","15LOnaive","male",NA,0,NA,"300GS",300,80,1970,"BV711-A","CD39",2.19331469108837
"BM_Neu_036.fcs",36,"mature neutrophils","Comp-BV786-A",4069,"MFI","Calvaria","mouse9","rep1","15LOnaive","male",NA,0,NA,"300GS",300,80,1970,"BV786-A","CD11b",3.99400400182417
"BM_Neu_036.fcs",36,"mature neutrophils","Comp-FITC-A",-53.8,"MFI","Calvaria","mouse9","rep1","15LOnaive","male",NA,0,NA,"300GS",300,80,1970,"FITC-A","CX3CR1",-0.351390547379254
"BM_Neu_036.fcs",36,"mature neutrophils","Comp-PE-A",527,"MFI","Calvaria","mouse9","rep1","15LOnaive","male",NA,0,NA,"300GS",300,80,1970,"PE-A","DC-Trail-R1",1.96937698403905
"BM_Neu_036.fcs",36,"mature neutrophils","Comp-PE-Cy5-A",-534,"MFI","Calvaria","mouse9","rep1","15LOnaive","male",NA,0,NA,"300GS",300,80,1970,"PE-Cy5-A","CD150",-1.98207442678672
"BM_Neu_036.fcs",36,"mature neutrophils","Comp-PE-Cy7-A",725,"MFI","Calvaria","mouse9","rep1","15LOnaive","male",NA,0,NA,"300GS",300,80,1970,"PE-Cy7-A","CD101",2.27921727638499
"BM_Neu_036.fcs",36,"mature neutrophils","Comp-PE-Texas Red-A",1675,"MFI","Calvaria","mouse9","rep1","15LOnaive","male",NA,0,NA,"300GS",300,80,1970,"PE-Texas Red-A","ICAM1",3.10807922887302
"BM_Neu_037.fcs",37,"mature neutrophils","Comp-APC-A",-51.1,"MFI","Femur","mouse10","rep2","15LOnaive","male",NA,0,NA,"300GS",450,50,1970,"APC-A","CD117",-0.334399469325401
"BM_Neu_037.fcs",37,"mature neutrophils","Comp-APC-Cy7-A",878,"MFI","Femur","mouse10","rep2","15LOnaive","male",NA,0,NA,"300GS",450,50,1970,"APC-Cy7-A","CD14",2.46737670318885
"BM_Neu_037.fcs",37,"mature neutrophils","Comp-BB700-A",728,"MFI","Femur","mouse10","rep2","15LOnaive","male",NA,0,NA,"300GS",450,50,1970,"BB700-A","CD16/32",2.28326136968089
"BM_Neu_037.fcs",37,"mature neutrophils","Comp-BUV395-A",-288,"MFI","Femur","mouse10","rep2","15LOnaive","male",NA,0,NA,"300GS",450,50,1970,"BUV395-A","Sca1",-1.40727508351238
"BM_Neu_037.fcs",37,"mature neutrophils","Comp-BUV496-A",1021,"MFI","Femur","mouse10","rep2","15LOnaive","male",NA,0,NA,"300GS",450,50,1970,"BUV496-A","MHCII",2.61640253482932
"BM_Neu_037.fcs",37,"mature neutrophils","Comp-BUV563-A",126,"MFI","Femur","mouse10","rep2","15LOnaive","male",NA,0,NA,"300GS",450,50,1970,"BUV563-A","CD106",0.763599221720576
"BM_Neu_037.fcs",37,"mature neutrophils","Comp-BUV615-A",336,"MFI","Femur","mouse10","rep2","15LOnaive","male",NA,0,NA,"300GS",450,50,1970,"BUV615-A","CCR5",1.54608901877631
"BM_Neu_037.fcs",37,"mature neutrophils","Comp-BUV661-A",2320,"MFI","Femur","mouse10","rep2","15LOnaive","male",NA,0,NA,"300GS",450,50,1970,"BUV661-A","CD74",3.43287778948246
"BM_Neu_037.fcs",37,"mature neutrophils","Comp-BUV737-A",5309,"MFI","Femur","mouse10","rep2","15LOnaive","male",NA,0,NA,"300GS",450,50,1970,"BUV737-A","Ly6G",4.25987017016684
"BM_Neu_037.fcs",37,"mature neutrophils","Comp-BUV805-A",14575,"MFI","Femur","mouse10","rep2","15LOnaive","male",NA,0,NA,"300GS",450,50,1970,"BUV805-A","CD45",5.26960137586365
"BM_Neu_037.fcs",37,"mature neutrophils","Comp-BV421-A",1032,"MFI","Femur","mouse10","rep2","15LOnaive","male",NA,0,NA,"300GS",450,50,1970,"BV421-A","PDL1",2.62700604552574
"BM_Neu_037.fcs",37,"mature neutrophils","Comp-BV570-A",1028,"MFI","Femur","mouse10","rep2","15LOnaive","male",NA,0,NA,"300GS",450,50,1970,"BV570-A","CD44",2.62316308349526
"BM_Neu_037.fcs",37,"mature neutrophils","Comp-BV605-A",1061,"MFI","Femur","mouse10","rep2","15LOnaive","male",NA,0,NA,"300GS",450,50,1970,"BV605-A","CD115",2.65443878119525
"BM_Neu_037.fcs",37,"mature neutrophils","Comp-BV650-A",8689,"MFI","Femur","mouse10","rep2","15LOnaive","male",NA,0,NA,"300GS",450,50,1970,"BV650-A","Ly6C",4.75239951955127
"BM_Neu_037.fcs",37,"mature neutrophils","Comp-BV711-A",830,"MFI","Femur","mouse10","rep2","15LOnaive","male",NA,0,NA,"300GS",450,50,1970,"BV711-A","CD39",2.41200454921118
"BM_Neu_037.fcs",37,"mature neutrophils","Comp-BV786-A",5313,"MFI","Femur","mouse10","rep2","15LOnaive","male",NA,0,NA,"300GS",450,50,1970,"BV786-A","CD11b",4.26062302382491
"BM_Neu_037.fcs",37,"mature neutrophils","Comp-FITC-A",-51.9,"MFI","Femur","mouse10","rep2","15LOnaive","male",NA,0,NA,"300GS",450,50,1970,"FITC-A","CX3CR1",-0.339443773323187
"BM_Neu_037.fcs",37,"mature neutrophils","Comp-PE-A",516,"MFI","Femur","mouse10","rep2","15LOnaive","male",NA,0,NA,"300GS",450,50,1970,"PE-A","DC-Trail-R1",1.94910524347328
"BM_Neu_037.fcs",37,"mature neutrophils","Comp-PE-Cy5-A",-517,"MFI","Femur","mouse10","rep2","15LOnaive","male",NA,0,NA,"300GS",450,50,1970,"PE-Cy5-A","CD150",-1.95096453171894
"BM_Neu_037.fcs",37,"mature neutrophils","Comp-PE-Cy7-A",582,"MFI","Femur","mouse10","rep2","15LOnaive","male",NA,0,NA,"300GS",450,50,1970,"PE-Cy7-A","CD101",2.06518974428283
"BM_Neu_037.fcs",37,"mature neutrophils","Comp-PE-Texas Red-A",1588,"MFI","Femur","mouse10","rep2","15LOnaive","male",NA,0,NA,"300GS",450,50,1970,"PE-Texas Red-A","ICAM1",3.05496570083268
"BM_Neu_038.fcs",38,"mature neutrophils","Comp-APC-A",-76.7,"MFI","Lumbar","mouse10","rep2","15LOnaive","male",NA,0,NA,"300GS",450,40,1970,"APC-A","CD117",-0.491325621451938
"BM_Neu_038.fcs",38,"mature neutrophils","Comp-APC-Cy7-A",817,"MFI","Lumbar","mouse10","rep2","15LOnaive","male",NA,0,NA,"300GS",450,40,1970,"APC-Cy7-A","CD14",2.39647351411983
"BM_Neu_038.fcs",38,"mature neutrophils","Comp-BB700-A",723,"MFI","Lumbar","mouse10","rep2","15LOnaive","male",NA,0,NA,"300GS",450,40,1970,"BB700-A","CD16/32",2.2765122890247
"BM_Neu_038.fcs",38,"mature neutrophils","Comp-BUV395-A",-312,"MFI","Lumbar","mouse10","rep2","15LOnaive","male",NA,0,NA,"300GS",450,40,1970,"BUV395-A","Sca1",-1.47885063373679
"BM_Neu_038.fcs",38,"mature neutrophils","Comp-BUV496-A",959,"MFI","Lumbar","mouse10","rep2","15LOnaive","male",NA,0,NA,"300GS",450,40,1970,"BUV496-A","MHCII",2.55446385036633
"BM_Neu_038.fcs",38,"mature neutrophils","Comp-BUV563-A",78.3,"MFI","Lumbar","mouse10","rep2","15LOnaive","male",NA,0,NA,"300GS",450,40,1970,"BUV563-A","CD106",0.500802151412414
"BM_Neu_038.fcs",38,"mature neutrophils","Comp-BUV615-A",370,"MFI","Lumbar","mouse10","rep2","15LOnaive","male",NA,0,NA,"300GS",450,40,1970,"BUV615-A","CCR5",1.63477980434798
"BM_Neu_038.fcs",38,"mature neutrophils","Comp-BUV661-A",2464,"MFI","Lumbar","mouse10","rep2","15LOnaive","male",NA,0,NA,"300GS",450,40,1970,"BUV661-A","CD74",3.4929784170022
"BM_Neu_038.fcs",38,"mature neutrophils","Comp-BUV737-A",6023,"MFI","Lumbar","mouse10","rep2","15LOnaive","male",NA,0,NA,"300GS",450,40,1970,"BUV737-A","Ly6G",4.38600766239124
"BM_Neu_038.fcs",38,"mature neutrophils","Comp-BUV805-A",16793,"MFI","Lumbar","mouse10","rep2","15LOnaive","male",NA,0,NA,"300GS",450,40,1970,"BUV805-A","CD45",5.41124924422746
"BM_Neu_038.fcs",38,"mature neutrophils","Comp-BV421-A",1228,"MFI","Lumbar","mouse10","rep2","15LOnaive","male",NA,0,NA,"300GS",450,40,1970,"BV421-A","PDL1",2.79936344119654
"BM_Neu_038.fcs",38,"mature neutrophils","Comp-BV570-A",1111,"MFI","Lumbar","mouse10","rep2","15LOnaive","male",NA,0,NA,"300GS",450,40,1970,"BV570-A","CD44",2.700053997658
"BM_Neu_038.fcs",38,"mature neutrophils","Comp-BV605-A",1171,"MFI","Lumbar","mouse10","rep2","15LOnaive","male",NA,0,NA,"300GS",450,40,1970,"BV605-A","CD115",2.75220236013089
"BM_Neu_038.fcs",38,"mature neutrophils","Comp-BV650-A",9260,"MFI","Lumbar","mouse10","rep2","15LOnaive","male",NA,0,NA,"300GS",450,40,1970,"BV650-A","Ly6C",4.81603680715357
"BM_Neu_038.fcs",38,"mature neutrophils","Comp-BV711-A",831,"MFI","Lumbar","mouse10","rep2","15LOnaive","male",NA,0,NA,"300GS",450,40,1970,"BV711-A","CD39",2.41318947142367
"BM_Neu_038.fcs",38,"mature neutrophils","Comp-BV786-A",6586,"MFI","Lumbar","mouse10","rep2","15LOnaive","male",NA,0,NA,"300GS",450,40,1970,"BV786-A","CD11b",4.47534300599437
"BM_Neu_038.fcs",38,"mature neutrophils","Comp-FITC-A",-56.4,"MFI","Lumbar","mouse10","rep2","15LOnaive","male",NA,0,NA,"300GS",450,40,1970,"FITC-A","CX3CR1",-0.367660779404449
"BM_Neu_038.fcs",38,"mature neutrophils","Comp-PE-A",554,"MFI","Lumbar","mouse10","rep2","15LOnaive","male",NA,0,NA,"300GS",450,40,1970,"PE-A","DC-Trail-R1",2.01751980072859
"BM_Neu_038.fcs",38,"mature neutrophils","Comp-PE-Cy5-A",-535,"MFI","Lumbar","mouse10","rep2","15LOnaive","male",NA,0,NA,"300GS",450,40,1970,"PE-Cy5-A","CD150",-1.98387574589913
"BM_Neu_038.fcs",38,"mature neutrophils","Comp-PE-Cy7-A",597,"MFI","Lumbar","mouse10","rep2","15LOnaive","male",NA,0,NA,"300GS",450,40,1970,"PE-Cy7-A","CD101",2.08985038651637
"BM_Neu_038.fcs",38,"mature neutrophils","Comp-PE-Texas Red-A",1633,"MFI","Lumbar","mouse10","rep2","15LOnaive","male",NA,0,NA,"300GS",450,40,1970,"PE-Texas Red-A","ICAM1",3.08278869379806
"BM_Neu_039.fcs",39,"mature neutrophils","Comp-APC-A",-79.6,"MFI","Sternum","mouse10","rep2","15LOnaive","male",NA,0,NA,"300GS",150,80,1970,"APC-A","CD117",-0.508471380655253
"BM_Neu_039.fcs",39,"mature neutrophils","Comp-APC-Cy7-A",885,"MFI","Sternum","mouse10","rep2","15LOnaive","male",NA,0,NA,"300GS",150,80,1970,"APC-Cy7-A","CD14",2.47520521940257
"BM_Neu_039.fcs",39,"mature neutrophils","Comp-BB700-A",705,"MFI","Sternum","mouse10","rep2","15LOnaive","male",NA,0,NA,"300GS",150,80,1970,"BB700-A","CD16/32",2.2518395970316
"BM_Neu_039.fcs",39,"mature neutrophils","Comp-BUV395-A",-289,"MFI","Sternum","mouse10","rep2","15LOnaive","male",NA,0,NA,"300GS",150,80,1970,"BUV395-A","Sca1",-1.4103504472979
"BM_Neu_039.fcs",39,"mature neutrophils","Comp-BUV496-A",1033,"MFI","Sternum","mouse10","rep2","15LOnaive","male",NA,0,NA,"300GS",150,80,1970,"BUV496-A","MHCII",2.62796450685314
"BM_Neu_039.fcs",39,"mature neutrophils","Comp-BUV563-A",97.6,"MFI","Sternum","mouse10","rep2","15LOnaive","male",NA,0,NA,"300GS",150,80,1970,"BUV563-A","CD106",0.611783191032668
"BM_Neu_039.fcs",39,"mature neutrophils","Comp-BUV615-A",383,"MFI","Sternum","mouse10","rep2","15LOnaive","male",NA,0,NA,"300GS",150,80,1970,"BUV615-A","CCR5",1.66685854244321
"BM_Neu_039.fcs",39,"mature neutrophils","Comp-BUV661-A",2577,"MFI","Sternum","mouse10","rep2","15LOnaive","male",NA,0,NA,"300GS",150,80,1970,"BUV661-A","CD74",3.5377390430207
"BM_Neu_039.fcs",39,"mature neutrophils","Comp-BUV737-A",6644,"MFI","Sternum","mouse10","rep2","15LOnaive","male",NA,0,NA,"300GS",150,80,1970,"BUV737-A","Ly6G",4.48410876038128
"BM_Neu_039.fcs",39,"mature neutrophils","Comp-BUV805-A",17223,"MFI","Sternum","mouse10","rep2","15LOnaive","male",NA,0,NA,"300GS",150,80,1970,"BUV805-A","CD45",5.43653182766744
"BM_Neu_039.fcs",39,"mature neutrophils","Comp-BV421-A",1240,"MFI","Sternum","mouse10","rep2","15LOnaive","male",NA,0,NA,"300GS",150,80,1970,"BV421-A","PDL1",2.80901693063417
"BM_Neu_039.fcs",39,"mature neutrophils","Comp-BV570-A",1176,"MFI","Sternum","mouse10","rep2","15LOnaive","male",NA,0,NA,"300GS",150,80,1970,"BV570-A","CD44",2.75642873795771
"BM_Neu_039.fcs",39,"mature neutrophils","Comp-BV605-A",1250,"MFI","Sternum","mouse10","rep2","15LOnaive","male",NA,0,NA,"300GS",150,80,1970,"BV605-A","CD115",2.81699143082544
"BM_Neu_039.fcs",39,"mature neutrophils","Comp-BV650-A",9603,"MFI","Sternum","mouse10","rep2","15LOnaive","male",NA,0,NA,"300GS",150,80,1970,"BV650-A","Ly6C",4.85240370654861
"BM_Neu_039.fcs",39,"mature neutrophils","Comp-BV711-A",836,"MFI","Sternum","mouse10","rep2","15LOnaive","male",NA,0,NA,"300GS",150,80,1970,"BV711-A","CD39",2.41909344397213
"BM_Neu_039.fcs",39,"mature neutrophils","Comp-BV786-A",6631,"MFI","Sternum","mouse10","rep2","15LOnaive","male",NA,0,NA,"300GS",150,80,1970,"BV786-A","CD11b",4.4821506909557
"BM_Neu_039.fcs",39,"mature neutrophils","Comp-FITC-A",-60.3,"MFI","Sternum","mouse10","rep2","15LOnaive","male",NA,0,NA,"300GS",150,80,1970,"FITC-A","CX3CR1",-0.3918916321994
"BM_Neu_039.fcs",39,"mature neutrophils","Comp-PE-A",567,"MFI","Sternum","mouse10","rep2","15LOnaive","male",NA,0,NA,"300GS",150,80,1970,"PE-A","DC-Trail-R1",2.03992577218952
"BM_Neu_039.fcs",39,"mature neutrophils","Comp-PE-Cy5-A",-557,"MFI","Sternum","mouse10","rep2","15LOnaive","male",NA,0,NA,"300GS",150,80,1970,"PE-Cy5-A","CD150",-2.02273361433393
"BM_Neu_039.fcs",39,"mature neutrophils","Comp-PE-Cy7-A",637,"MFI","Sternum","mouse10","rep2","15LOnaive","male",NA,0,NA,"300GS",150,80,1970,"PE-Cy7-A","CD101",2.15286442218783
"BM_Neu_039.fcs",39,"mature neutrophils","Comp-PE-Texas Red-A",1717,"MFI","Sternum","mouse10","rep2","15LOnaive","male",NA,0,NA,"300GS",150,80,1970,"PE-Texas Red-A","ICAM1",3.13274832528117
"BM_Neu_040.fcs",40,"mature neutrophils","Comp-APC-A",-111,"MFI","Calvaria","mouse10","rep2","15LOnaive","male",NA,0,NA,"300GS",300,80,1970,"APC-A","CD117",-0.685127974104599
"BM_Neu_040.fcs",40,"mature neutrophils","Comp-APC-Cy7-A",947,"MFI","Calvaria","mouse10","rep2","15LOnaive","male",NA,0,NA,"300GS",300,80,1970,"APC-Cy7-A","CD14",2.54202501597258
"BM_Neu_040.fcs",40,"mature neutrophils","Comp-BB700-A",710,"MFI","Calvaria","mouse10","rep2","15LOnaive","male",NA,0,NA,"300GS",300,80,1970,"BB700-A","CD16/32",2.2587530883943
"BM_Neu_040.fcs",40,"mature neutrophils","Comp-BUV395-A",-217,"MFI","Calvaria","mouse10","rep2","15LOnaive","male",NA,0,NA,"300GS",300,80,1970,"BUV395-A","Sca1",-1.16481041241452
"BM_Neu_040.fcs",40,"mature neutrophils","Comp-BUV496-A",1103,"MFI","Calvaria","mouse10","rep2","15LOnaive","male",NA,0,NA,"300GS",300,80,1970,"BUV496-A","MHCII",2.69289267281397
"BM_Neu_040.fcs",40,"mature neutrophils","Comp-BUV563-A",130,"MFI","Calvaria","mouse10","rep2","15LOnaive","male",NA,0,NA,"300GS",300,80,1970,"BUV563-A","CD106",0.78388429075048
"BM_Neu_040.fcs",40,"mature neutrophils","Comp-BUV615-A",463,"MFI","Calvaria","mouse10","rep2","15LOnaive","male",NA,0,NA,"300GS",300,80,1970,"BUV615-A","CCR5",1.8455023161297
"BM_Neu_040.fcs",40,"mature neutrophils","Comp-BUV661-A",3301,"MFI","Calvaria","mouse10","rep2","15LOnaive","male",NA,0,NA,"300GS",300,80,1970,"BUV661-A","CD74",3.78500843507635
"BM_Neu_040.fcs",40,"mature neutrophils","Comp-BUV737-A",6025,"MFI","Calvaria","mouse10","rep2","15LOnaive","male",NA,0,NA,"300GS",300,80,1970,"BUV737-A","Ly6G",4.38633956482761
"BM_Neu_040.fcs",40,"mature neutrophils","Comp-BUV805-A",18000,"MFI","Calvaria","mouse10","rep2","15LOnaive","male",NA,0,NA,"300GS",300,80,1970,"BUV805-A","CD45",5.48065628400101
"BM_Neu_040.fcs",40,"mature neutrophils","Comp-BV421-A",1279,"MFI","Calvaria","mouse10","rep2","15LOnaive","male",NA,0,NA,"300GS",300,80,1970,"BV421-A","PDL1",2.83976668467054
"BM_Neu_040.fcs",40,"mature neutrophils","Comp-BV570-A",1434,"MFI","Calvaria","mouse10","rep2","15LOnaive","male",NA,0,NA,"300GS",300,80,1970,"BV570-A","CD44",2.95345917286755
"BM_Neu_040.fcs",40,"mature neutrophils","Comp-BV605-A",1626,"MFI","Calvaria","mouse10","rep2","15LOnaive","male",NA,0,NA,"300GS",300,80,1970,"BV605-A","CD115",3.07851097691485
"BM_Neu_040.fcs",40,"mature neutrophils","Comp-BV650-A",11812,"MFI","Calvaria","mouse10","rep2","15LOnaive","male",NA,0,NA,"300GS",300,80,1970,"BV650-A","Ly6C",5.05942344272384
"BM_Neu_040.fcs",40,"mature neutrophils","Comp-BV711-A",909,"MFI","Calvaria","mouse10","rep2","15LOnaive","male",NA,0,NA,"300GS",300,80,1970,"BV711-A","CD39",2.5015961099333
"BM_Neu_040.fcs",40,"mature neutrophils","Comp-BV786-A",6584,"MFI","Calvaria","mouse10","rep2","15LOnaive","male",NA,0,NA,"300GS",300,80,1970,"BV786-A","CD11b",4.47503936418232
"BM_Neu_040.fcs",40,"mature neutrophils","Comp-FITC-A",-55.3,"MFI","Calvaria","mouse10","rep2","15LOnaive","male",NA,0,NA,"300GS",300,80,1970,"FITC-A","CX3CR1",-0.360788367682486
"BM_Neu_040.fcs",40,"mature neutrophils","Comp-PE-A",564,"MFI","Calvaria","mouse10","rep2","15LOnaive","male",NA,0,NA,"300GS",300,80,1970,"PE-A","DC-Trail-R1",2.0347980457459
"BM_Neu_040.fcs",40,"mature neutrophils","Comp-PE-Cy5-A",-623,"MFI","Calvaria","mouse10","rep2","15LOnaive","male",NA,0,NA,"300GS",300,80,1970,"PE-Cy5-A","CD150",-2.13124573211198
"BM_Neu_040.fcs",40,"mature neutrophils","Comp-PE-Cy7-A",594,"MFI","Calvaria","mouse10","rep2","15LOnaive","male",NA,0,NA,"300GS",300,80,1970,"PE-Cy7-A","CD101",2.08496518914671
"BM_Neu_040.fcs",40,"mature neutrophils","Comp-PE-Texas Red-A",1998,"MFI","Calvaria","mouse10","rep2","15LOnaive","male",NA,0,NA,"300GS",300,80,1970,"PE-Texas Red-A","ICAM1",3.28381994348419
"BM_Neu_041.fcs",41,"mature neutrophils","Comp-APC-A",-52.6,"MFI","Femur","mouse11","rep3","15LOnaive","male",NA,0,NA,"300GS",450,50,1970,"APC-A","CD117",-0.343850728562537
"BM_Neu_041.fcs",41,"mature neutrophils","Comp-APC-Cy7-A",887,"MFI","Femur","mouse11","rep3","15LOnaive","male",NA,0,NA,"300GS",450,50,1970,"APC-Cy7-A","CD14",2.47743088533171
"BM_Neu_041.fcs",41,"mature neutrophils","Comp-BB700-A",727,"MFI","Femur","mouse11","rep3","15LOnaive","male",NA,0,NA,"300GS",450,50,1970,"BB700-A","CD16/32",2.28191511746568
"BM_Neu_041.fcs",41,"mature neutrophils","Comp-BUV395-A",-177,"MFI","Femur","mouse11","rep3","15LOnaive","male",NA,0,NA,"300GS",450,50,1970,"BUV395-A","Sca1",-1.00310620783867
"BM_Neu_041.fcs",41,"mature neutrophils","Comp-BUV496-A",1136,"MFI","Femur","mouse11","rep3","15LOnaive","male",NA,0,NA,"300GS",450,50,1970,"BUV496-A","MHCII",2.7221110492823
"BM_Neu_041.fcs",41,"mature neutrophils","Comp-BUV563-A",149,"MFI","Femur","mouse11","rep3","15LOnaive","male",NA,0,NA,"300GS",450,50,1970,"BUV563-A","CD106",0.87665167636192
"BM_Neu_041.fcs",41,"mature neutrophils","Comp-BUV615-A",315,"MFI","Femur","mouse11","rep3","15LOnaive","male",NA,0,NA,"300GS",450,50,1970,"BUV615-A","CCR5",1.48748283664127
"BM_Neu_041.fcs",41,"mature neutrophils","Comp-BUV661-A",2408,"MFI","Femur","mouse11","rep3","15LOnaive","male",NA,0,NA,"300GS",450,50,1970,"BUV661-A","CD74",3.47003236882317
"BM_Neu_041.fcs",41,"mature neutrophils","Comp-BUV737-A",5853,"MFI","Femur","mouse11","rep3","15LOnaive","male",NA,0,NA,"300GS",450,50,1970,"BUV737-A","Ly6G",4.35738567242715
"BM_Neu_041.fcs",41,"mature neutrophils","Comp-BUV805-A",15276,"MFI","Femur","mouse11","rep3","15LOnaive","male",NA,0,NA,"300GS",450,50,1970,"BUV805-A","CD45",5.31657423872065
"BM_Neu_041.fcs",41,"mature neutrophils","Comp-BV421-A",1100,"MFI","Femur","mouse11","rep3","15LOnaive","male",NA,0,NA,"300GS",450,50,1970,"BV421-A","PDL1",2.69019401996999
"BM_Neu_041.fcs",41,"mature neutrophils","Comp-BV570-A",1093,"MFI","Femur","mouse11","rep3","15LOnaive","male",NA,0,NA,"300GS",450,50,1970,"BV570-A","CD44",2.68386895942071
"BM_Neu_041.fcs",41,"mature neutrophils","Comp-BV605-A",1118,"MFI","Femur","mouse11","rep3","15LOnaive","male",NA,0,NA,"300GS",450,50,1970,"BV605-A","CD115",2.70627873536381
"BM_Neu_041.fcs",41,"mature neutrophils","Comp-BV650-A",8824,"MFI","Femur","mouse11","rep3","15LOnaive","male",NA,0,NA,"300GS",450,50,1970,"BV650-A","Ly6C",4.76781468186381
"BM_Neu_041.fcs",41,"mature neutrophils","Comp-BV711-A",806,"MFI","Femur","mouse11","rep3","15LOnaive","male",NA,0,NA,"300GS",450,50,1970,"BV711-A","CD39",2.38314398040017
"BM_Neu_041.fcs",41,"mature neutrophils","Comp-BV786-A",5549,"MFI","Femur","mouse11","rep3","15LOnaive","male",NA,0,NA,"300GS",450,50,1970,"BV786-A","CD11b",4.30406752762395
"BM_Neu_041.fcs",41,"mature neutrophils","Comp-FITC-A",-54.5,"MFI","Femur","mouse11","rep3","15LOnaive","male",NA,0,NA,"300GS",450,50,1970,"FITC-A","CX3CR1",-0.355779952386493
"BM_Neu_041.fcs",41,"mature neutrophils","Comp-PE-A",521,"MFI","Femur","mouse11","rep3","15LOnaive","male",NA,0,NA,"300GS",450,50,1970,"PE-A","DC-Trail-R1",1.95836865622015
"BM_Neu_041.fcs",41,"mature neutrophils","Comp-PE-Cy5-A",-528,"MFI","Femur","mouse11","rep3","15LOnaive","male",NA,0,NA,"300GS",450,50,1970,"PE-Cy5-A","CD150",-1.97120042949205
"BM_Neu_041.fcs",41,"mature neutrophils","Comp-PE-Cy7-A",630,"MFI","Femur","mouse11","rep3","15LOnaive","male",NA,0,NA,"300GS",450,50,1970,"PE-Cy7-A","CD101",2.14211190823691
"BM_Neu_041.fcs",41,"mature neutrophils","Comp-PE-Texas Red-A",1770,"MFI","Femur","mouse11","rep3","15LOnaive","male",NA,0,NA,"300GS",450,50,1970,"PE-Texas Red-A","ICAM1",3.16303735678811
"BM_Neu_042.fcs",42,"mature neutrophils","Comp-APC-A",-57.9,"MFI","Lumbar","mouse11","rep3","15LOnaive","male",NA,0,NA,"300GS",450,40,1970,"APC-A","CD117",-0.377005487639385
"BM_Neu_042.fcs",42,"mature neutrophils","Comp-APC-Cy7-A",839,"MFI","Lumbar","mouse11","rep3","15LOnaive","male",NA,0,NA,"300GS",450,40,1970,"APC-Cy7-A","CD14",2.42261942946056
"BM_Neu_042.fcs",42,"mature neutrophils","Comp-BB700-A",714,"MFI","Lumbar","mouse11","rep3","15LOnaive","male",NA,0,NA,"300GS",450,40,1970,"BB700-A","CD16/32",2.26425040816365
"BM_Neu_042.fcs",42,"mature neutrophils","Comp-BUV395-A",-293,"MFI","Lumbar","mouse11","rep3","15LOnaive","male",NA,0,NA,"300GS",450,40,1970,"BUV395-A","Sca1",-1.42256857866815
"BM_Neu_042.fcs",42,"mature neutrophils","Comp-BUV496-A",1060,"MFI","Lumbar","mouse11","rep3","15LOnaive","male",NA,0,NA,"300GS",450,40,1970,"BUV496-A","MHCII",2.65350512284513
"BM_Neu_042.fcs",42,"mature neutrophils","Comp-BUV563-A",111,"MFI","Lumbar","mouse11","rep3","15LOnaive","male",NA,0,NA,"300GS",450,40,1970,"BUV563-A","CD106",0.685127974104599
"BM_Neu_042.fcs",42,"mature neutrophils","Comp-BUV615-A",360,"MFI","Lumbar","mouse11","rep3","15LOnaive","male",NA,0,NA,"300GS",450,40,1970,"BUV615-A","CCR5",1.6094379124341
"BM_Neu_042.fcs",42,"mature neutrophils","Comp-BUV661-A",2311,"MFI","Lumbar","mouse11","rep3","15LOnaive","male",NA,0,NA,"300GS",450,40,1970,"BUV661-A","CD74",3.42899906526706
"BM_Neu_042.fcs",42,"mature neutrophils","Comp-BUV737-A",5940,"MFI","Lumbar","mouse11","rep3","15LOnaive","male",NA,0,NA,"300GS",450,40,1970,"BUV737-A","Ly6G",4.37213568321848
"BM_Neu_042.fcs",42,"mature neutrophils","Comp-BUV805-A",16378,"MFI","Lumbar","mouse11","rep3","15LOnaive","male",NA,0,NA,"300GS",450,40,1970,"BUV805-A","CD45",5.38622710574832
"BM_Neu_042.fcs",42,"mature neutrophils","Comp-BV421-A",1211,"MFI","Lumbar","mouse11","rep3","15LOnaive","male",NA,0,NA,"300GS",450,40,1970,"BV421-A","PDL1",2.78552735662319
"BM_Neu_042.fcs",42,"mature neutrophils","Comp-BV570-A",1037,"MFI","Lumbar","mouse11","rep3","15LOnaive","male",NA,0,NA,"300GS",450,40,1970,"BV570-A","CD44",2.6317892866338
"BM_Neu_042.fcs",42,"mature neutrophils","Comp-BV605-A",1047,"MFI","Lumbar","mouse11","rep3","15LOnaive","male",NA,0,NA,"300GS",450,40,1970,"BV605-A","CD115",2.64128836680463
"BM_Neu_042.fcs",42,"mature neutrophils","Comp-BV650-A",8678,"MFI","Lumbar","mouse11","rep3","15LOnaive","male",NA,0,NA,"300GS",450,40,1970,"BV650-A","Ly6C",4.75113293802778
"BM_Neu_042.fcs",42,"mature neutrophils","Comp-BV711-A",737,"MFI","Lumbar","mouse11","rep3","15LOnaive","male",NA,0,NA,"300GS",450,40,1970,"BV711-A","CD39",2.29529840910806
"BM_Neu_042.fcs",42,"mature neutrophils","Comp-BV786-A",6412,"MFI","Lumbar","mouse11","rep3","15LOnaive","male",NA,0,NA,"300GS",450,40,1970,"BV786-A","CD11b",4.44857518768613
"BM_Neu_042.fcs",42,"mature neutrophils","Comp-FITC-A",-52.5,"MFI","Lumbar","mouse11","rep3","15LOnaive","male",NA,0,NA,"300GS",450,40,1970,"FITC-A","CX3CR1",-0.343221555085944
"BM_Neu_042.fcs",42,"mature neutrophils","Comp-PE-A",535,"MFI","Lumbar","mouse11","rep3","15LOnaive","male",NA,0,NA,"300GS",450,40,1970,"PE-A","DC-Trail-R1",1.98387574589913
"BM_Neu_042.fcs",42,"mature neutrophils","Comp-PE-Cy5-A",-517,"MFI","Lumbar","mouse11","rep3","15LOnaive","male",NA,0,NA,"300GS",450,40,1970,"PE-Cy5-A","CD150",-1.95096453171894
"BM_Neu_042.fcs",42,"mature neutrophils","Comp-PE-Cy7-A",610,"MFI","Lumbar","mouse11","rep3","15LOnaive","male",NA,0,NA,"300GS",450,40,1970,"PE-Cy7-A","CD101",2.11075604367267
"BM_Neu_042.fcs",42,"mature neutrophils","Comp-PE-Texas Red-A",1579,"MFI","Lumbar","mouse11","rep3","15LOnaive","male",NA,0,NA,"300GS",450,40,1970,"PE-Texas Red-A","ICAM1",3.04930740338529
"BM_Neu_043.fcs",43,"mature neutrophils","Comp-APC-A",-55.7,"MFI","Sternum","mouse11","rep3","15LOnaive","male",NA,0,NA,"300GS",150,80,1970,"APC-A","CD117",-0.363289332179965
"BM_Neu_043.fcs",43,"mature neutrophils","Comp-APC-Cy7-A",924,"MFI","Sternum","mouse11","rep3","15LOnaive","male",NA,0,NA,"300GS",150,80,1970,"APC-Cy7-A","CD14",2.51774816423614
"BM_Neu_043.fcs",43,"mature neutrophils","Comp-BB700-A",696,"MFI","Sternum","mouse11","rep3","15LOnaive","male",NA,0,NA,"300GS",150,80,1970,"BB700-A","CD16/32",2.23927627718837
"BM_Neu_043.fcs",43,"mature neutrophils","Comp-BUV395-A",-269,"MFI","Sternum","mouse11","rep3","15LOnaive","male",NA,0,NA,"300GS",150,80,1970,"BUV395-A","Sca1",-1.34719853187644
"BM_Neu_043.fcs",43,"mature neutrophils","Comp-BUV496-A",1150,"MFI","Sternum","mouse11","rep3","15LOnaive","male",NA,0,NA,"300GS",150,80,1970,"BUV496-A","MHCII",2.7342555336589
"BM_Neu_043.fcs",43,"mature neutrophils","Comp-BUV563-A",137,"MFI","Sternum","mouse11","rep3","15LOnaive","male",NA,0,NA,"300GS",150,80,1970,"BUV563-A","CD106",0.818744727668938
"BM_Neu_043.fcs",43,"mature neutrophils","Comp-BUV615-A",375,"MFI","Sternum","mouse11","rep3","15LOnaive","male",NA,0,NA,"300GS",150,80,1970,"BUV615-A","CCR5",1.6472311463711
"BM_Neu_043.fcs",43,"mature neutrophils","Comp-BUV661-A",2379,"MFI","Sternum","mouse11","rep3","15LOnaive","male",NA,0,NA,"300GS",150,80,1970,"BUV661-A","CD74",3.45793979763032
"BM_Neu_043.fcs",43,"mature neutrophils","Comp-BUV737-A",6603,"MFI","Sternum","mouse11","rep3","15LOnaive","male",NA,0,NA,"300GS",150,80,1970,"BUV737-A","Ly6G",4.4779202466166
"BM_Neu_043.fcs",43,"mature neutrophils","Comp-BUV805-A",15956,"MFI","Sternum","mouse11","rep3","15LOnaive","male",NA,0,NA,"300GS",150,80,1970,"BUV805-A","CD45",5.360124192763
"BM_Neu_043.fcs",43,"mature neutrophils","Comp-BV421-A",1202,"MFI","Sternum","mouse11","rep3","15LOnaive","male",NA,0,NA,"300GS",150,80,1970,"BV421-A","PDL1",2.77812472169487
"BM_Neu_043.fcs",43,"mature neutrophils","Comp-BV570-A",1080,"MFI","Sternum","mouse11","rep3","15LOnaive","male",NA,0,NA,"300GS",150,80,1970,"BV570-A","CD44",2.67201622142785
"BM_Neu_043.fcs",43,"mature neutrophils","Comp-BV605-A",1103,"MFI","Sternum","mouse11","rep3","15LOnaive","male",NA,0,NA,"300GS",150,80,1970,"BV605-A","CD115",2.69289267281397
"BM_Neu_043.fcs",43,"mature neutrophils","Comp-BV650-A",8913,"MFI","Sternum","mouse11","rep3","15LOnaive","male",NA,0,NA,"300GS",150,80,1970,"BV650-A","Ly6C",4.77784884983381
"BM_Neu_043.fcs",43,"mature neutrophils","Comp-BV711-A",748,"MFI","Sternum","mouse11","rep3","15LOnaive","male",NA,0,NA,"300GS",150,80,1970,"BV711-A","CD39",2.30982010143196
"BM_Neu_043.fcs",43,"mature neutrophils","Comp-BV786-A",6205,"MFI","Sternum","mouse11","rep3","15LOnaive","male",NA,0,NA,"300GS",150,80,1970,"BV786-A","CD11b",4.41576864830846
"BM_Neu_043.fcs",43,"mature neutrophils","Comp-FITC-A",-55.3,"MFI","Sternum","mouse11","rep3","15LOnaive","male",NA,0,NA,"300GS",150,80,1970,"FITC-A","CX3CR1",-0.360788367682486
"BM_Neu_043.fcs",43,"mature neutrophils","Comp-PE-A",519,"MFI","Sternum","mouse11","rep3","15LOnaive","male",NA,0,NA,"300GS",150,80,1970,"PE-A","DC-Trail-R1",1.95467317714844
"BM_Neu_043.fcs",43,"mature neutrophils","Comp-PE-Cy5-A",-528,"MFI","Sternum","mouse11","rep3","15LOnaive","male",NA,0,NA,"300GS",150,80,1970,"PE-Cy5-A","CD150",-1.97120042949205
"BM_Neu_043.fcs",43,"mature neutrophils","Comp-PE-Cy7-A",620,"MFI","Sternum","mouse11","rep3","15LOnaive","male",NA,0,NA,"300GS",150,80,1970,"PE-Cy7-A","CD101",2.12655342320355
"BM_Neu_043.fcs",43,"mature neutrophils","Comp-PE-Texas Red-A",1616,"MFI","Sternum","mouse11","rep3","15LOnaive","male",NA,0,NA,"300GS",150,80,1970,"PE-Texas Red-A","ICAM1",3.07236817009565
"BM_Neu_044.fcs",44,"mature neutrophils","Comp-APC-A",-82,"MFI","Calvaria","mouse11","rep3","15LOnaive","male",NA,0,NA,"300GS",300,80,1970,"APC-A","CD117",-0.522557674021425
"BM_Neu_044.fcs",44,"mature neutrophils","Comp-APC-Cy7-A",915,"MFI","Calvaria","mouse11","rep3","15LOnaive","male",NA,0,NA,"300GS",300,80,1970,"APC-Cy7-A","CD14",2.50808785933768
"BM_Neu_044.fcs",44,"mature neutrophils","Comp-BB700-A",725,"MFI","Calvaria","mouse11","rep3","15LOnaive","male",NA,0,NA,"300GS",300,80,1970,"BB700-A","CD16/32",2.27921727638499
"BM_Neu_044.fcs",44,"mature neutrophils","Comp-BUV395-A",-248,"MFI","Calvaria","mouse11","rep3","15LOnaive","male",NA,0,NA,"300GS",300,80,1970,"BUV395-A","Sca1",-1.27691547799218
"BM_Neu_044.fcs",44,"mature neutrophils","Comp-BUV496-A",1181,"MFI","Calvaria","mouse11","rep3","15LOnaive","male",NA,0,NA,"300GS",300,80,1970,"BUV496-A","MHCII",2.76063747101918
"BM_Neu_044.fcs",44,"mature neutrophils","Comp-BUV563-A",142,"MFI","Calvaria","mouse11","rep3","15LOnaive","male",NA,0,NA,"300GS",300,80,1970,"BUV563-A","CD106",0.84315402002665
"BM_Neu_044.fcs",44,"mature neutrophils","Comp-BUV615-A",431,"MFI","Calvaria","mouse11","rep3","15LOnaive","male",NA,0,NA,"300GS",300,80,1970,"BUV615-A","CCR5",1.77761120907218
"BM_Neu_044.fcs",44,"mature neutrophils","Comp-BUV661-A",2871,"MFI","Calvaria","mouse11","rep3","15LOnaive","male",NA,0,NA,"300GS",300,80,1970,"BUV661-A","CD74",3.64560929598912
"BM_Neu_044.fcs",44,"mature neutrophils","Comp-BUV737-A",6235,"MFI","Calvaria","mouse11","rep3","15LOnaive","male",NA,0,NA,"300GS",300,80,1970,"BUV737-A","Ly6G",4.42059040687983
"BM_Neu_044.fcs",44,"mature neutrophils","Comp-BUV805-A",17633,"MFI","Calvaria","mouse11","rep3","15LOnaive","male",NA,0,NA,"300GS",300,80,1970,"BUV805-A","CD45",5.4600574026947
"BM_Neu_044.fcs",44,"mature neutrophils","Comp-BV421-A",1240,"MFI","Calvaria","mouse11","rep3","15LOnaive","male",NA,0,NA,"300GS",300,80,1970,"BV421-A","PDL1",2.80901693063417
"BM_Neu_044.fcs",44,"mature neutrophils","Comp-BV570-A",1250,"MFI","Calvaria","mouse11","rep3","15LOnaive","male",NA,0,NA,"300GS",300,80,1970,"BV570-A","CD44",2.81699143082544
"BM_Neu_044.fcs",44,"mature neutrophils","Comp-BV605-A",1323,"MFI","Calvaria","mouse11","rep3","15LOnaive","male",NA,0,NA,"300GS",300,80,1970,"BV605-A","CD115",2.87336735020613
"BM_Neu_044.fcs",44,"mature neutrophils","Comp-BV650-A",10435,"MFI","Calvaria","mouse11","rep3","15LOnaive","male",NA,0,NA,"300GS",300,80,1970,"BV650-A","Ly6C",4.93548435997644
"BM_Neu_044.fcs",44,"mature neutrophils","Comp-BV711-A",797,"MFI","Calvaria","mouse11","rep3","15LOnaive","male",NA,0,NA,"300GS",300,80,1970,"BV711-A","CD39",2.37210655469458
"BM_Neu_044.fcs",44,"mature neutrophils","Comp-BV786-A",6530,"MFI","Calvaria","mouse11","rep3","15LOnaive","male",NA,0,NA,"300GS",300,80,1970,"BV786-A","CD11b",4.46680599824138
"BM_Neu_044.fcs",44,"mature neutrophils","Comp-FITC-A",-54.5,"MFI","Calvaria","mouse11","rep3","15LOnaive","male",NA,0,NA,"300GS",300,80,1970,"FITC-A","CX3CR1",-0.355779952386493
"BM_Neu_044.fcs",44,"mature neutrophils","Comp-PE-A",549,"MFI","Calvaria","mouse11","rep3","15LOnaive","male",NA,0,NA,"300GS",300,80,1970,"PE-A","DC-Trail-R1",2.00877137999804
"BM_Neu_044.fcs",44,"mature neutrophils","Comp-PE-Cy5-A",-581,"MFI","Calvaria","mouse11","rep3","15LOnaive","male",NA,0,NA,"300GS",300,80,1970,"PE-Cy5-A","CD150",-2.06352456197095
"BM_Neu_044.fcs",44,"mature neutrophils","Comp-PE-Cy7-A",639,"MFI","Calvaria","mouse11","rep3","15LOnaive","male",NA,0,NA,"300GS",300,80,1970,"PE-Cy7-A","CD101",2.15591601425802
"BM_Neu_044.fcs",44,"mature neutrophils","Comp-PE-Texas Red-A",1869,"MFI","Calvaria","mouse11","rep3","15LOnaive","male",NA,0,NA,"300GS",300,80,1970,"PE-Texas Red-A","ICAM1",3.21727710759394
"BM_Neu_045.fcs",45,"mature neutrophils","Comp-APC-A",-64.5,"MFI","Femur","mouse12","rep4","15LOnaive","male",NA,0,NA,"300GS",450,50,1970,"APC-A","CD117",-0.417743499441563
"BM_Neu_045.fcs",45,"mature neutrophils","Comp-APC-Cy7-A",822,"MFI","Femur","mouse12","rep4","15LOnaive","male",NA,0,NA,"300GS",450,50,1970,"APC-Cy7-A","CD14",2.40247510519724
"BM_Neu_045.fcs",45,"mature neutrophils","Comp-BB700-A",875,"MFI","Femur","mouse12","rep4","15LOnaive","male",NA,0,NA,"300GS",450,50,1970,"BB700-A","CD16/32",2.46400304226479
"BM_Neu_045.fcs",45,"mature neutrophils","Comp-BUV395-A",-200,"MFI","Femur","mouse12","rep4","15LOnaive","male",NA,0,NA,"300GS",450,50,1970,"BUV395-A","Sca1",-1.09861228866811
"BM_Neu_045.fcs",45,"mature neutrophils","Comp-BUV496-A",1051,"MFI","Femur","mouse12","rep4","15LOnaive","male",NA,0,NA,"300GS",450,50,1970,"BUV496-A","MHCII",2.64506313039344
"BM_Neu_045.fcs",45,"mature neutrophils","Comp-BUV563-A",129,"MFI","Femur","mouse12","rep4","15LOnaive","male",NA,0,NA,"300GS",450,50,1970,"BUV563-A","CD106",0.778838046163972
"BM_Neu_045.fcs",45,"mature neutrophils","Comp-BUV615-A",357,"MFI","Femur","mouse12","rep4","15LOnaive","male",NA,0,NA,"300GS",450,50,1970,"BUV615-A","CCR5",1.60171817620665
"BM_Neu_045.fcs",45,"mature neutrophils","Comp-BUV661-A",2612,"MFI","Femur","mouse12","rep4","15LOnaive","male",NA,0,NA,"300GS",450,50,1970,"BUV661-A","CD74",3.5512068316052
"BM_Neu_045.fcs",45,"mature neutrophils","Comp-BUV737-A",5581,"MFI","Femur","mouse12","rep4","15LOnaive","male",NA,0,NA,"300GS",450,50,1970,"BUV737-A","Ly6G",4.30981568034076
"BM_Neu_045.fcs",45,"mature neutrophils","Comp-BUV805-A",13586,"MFI","Femur","mouse12","rep4","15LOnaive","male",NA,0,NA,"300GS",450,50,1970,"BUV805-A","CD45",5.19933748951266
"BM_Neu_045.fcs",45,"mature neutrophils","Comp-BV421-A",860,"MFI","Femur","mouse12","rep4","15LOnaive","male",NA,0,NA,"300GS",450,50,1970,"BV421-A","PDL1",2.44696441129708
"BM_Neu_045.fcs",45,"mature neutrophils","Comp-BV570-A",1020,"MFI","Femur","mouse12","rep4","15LOnaive","male",NA,0,NA,"300GS",450,50,1970,"BV570-A","CD44",2.61543304000393
"BM_Neu_045.fcs",45,"mature neutrophils","Comp-BV605-A",1029,"MFI","Femur","mouse12","rep4","15LOnaive","male",NA,0,NA,"300GS",450,50,1970,"BV605-A","CD115",2.62412519494286
"BM_Neu_045.fcs",45,"mature neutrophils","Comp-BV650-A",9774,"MFI","Femur","mouse12","rep4","15LOnaive","male",NA,0,NA,"300GS",450,50,1970,"BV650-A","Ly6C",4.87005184045733
"BM_Neu_045.fcs",45,"mature neutrophils","Comp-BV711-A",783,"MFI","Femur","mouse12","rep4","15LOnaive","male",NA,0,NA,"300GS",450,50,1970,"BV711-A","CD39",2.354695680252
"BM_Neu_045.fcs",45,"mature neutrophils","Comp-BV786-A",4485,"MFI","Femur","mouse12","rep4","15LOnaive","male",NA,0,NA,"300GS",450,50,1970,"BV786-A","CD11b",4.09128518266274
"BM_Neu_045.fcs",45,"mature neutrophils","Comp-FITC-A",-50.5,"MFI","Femur","mouse12","rep4","15LOnaive","male",NA,0,NA,"300GS",450,50,1970,"FITC-A","CX3CR1",-0.330610843079158
"BM_Neu_045.fcs",45,"mature neutrophils","Comp-PE-A",485,"MFI","Femur","mouse12","rep4","15LOnaive","male",NA,0,NA,"300GS",450,50,1970,"PE-A","DC-Trail-R1",1.889759189513
"BM_Neu_045.fcs",45,"mature neutrophils","Comp-PE-Cy5-A",-524,"MFI","Femur","mouse12","rep4","15LOnaive","male",NA,0,NA,"300GS",450,50,1970,"PE-Cy5-A","CD150",-1.96388738302674
"BM_Neu_045.fcs",45,"mature neutrophils","Comp-PE-Cy7-A",628,"MFI","Femur","mouse12","rep4","15LOnaive","male",NA,0,NA,"300GS",450,50,1970,"PE-Cy7-A","CD101",2.13901898645456
"BM_Neu_045.fcs",45,"mature neutrophils","Comp-PE-Texas Red-A",1575,"MFI","Femur","mouse12","rep4","15LOnaive","male",NA,0,NA,"300GS",450,50,1970,"PE-Texas Red-A","ICAM1",3.04678233721941
"BM_Neu_046.fcs",46,"mature neutrophils","Comp-APC-A",-5.19,"MFI","Lumbar","mouse12","rep4","15LOnaive","male",NA,0,NA,"300GS",450,40,1970,"APC-A","CD117",-0.0345931000938187
"BM_Neu_046.fcs",46,"mature neutrophils","Comp-APC-Cy7-A",955,"MFI","Lumbar","mouse12","rep4","15LOnaive","male",NA,0,NA,"300GS",450,40,1970,"APC-Cy7-A","CD14",2.55033453180368
"BM_Neu_046.fcs",46,"mature neutrophils","Comp-BB700-A",783,"MFI","Lumbar","mouse12","rep4","15LOnaive","male",NA,0,NA,"300GS",450,40,1970,"BB700-A","CD16/32",2.354695680252
"BM_Neu_046.fcs",46,"mature neutrophils","Comp-BUV395-A",-267,"MFI","Lumbar","mouse12","rep4","15LOnaive","male",NA,0,NA,"300GS",450,40,1970,"BUV395-A","Sca1",-1.34068644963767
"BM_Neu_046.fcs",46,"mature neutrophils","Comp-BUV496-A",1048,"MFI","Lumbar","mouse12","rep4","15LOnaive","male",NA,0,NA,"300GS",450,40,1970,"BUV496-A","MHCII",2.64223338089452
"BM_Neu_046.fcs",46,"mature neutrophils","Comp-BUV563-A",118,"MFI","Lumbar","mouse12","rep4","15LOnaive","male",NA,0,NA,"300GS",450,40,1970,"BUV563-A","CD106",0.722222781966653
"BM_Neu_046.fcs",46,"mature neutrophils","Comp-BUV615-A",93.1,"MFI","Lumbar","mouse12","rep4","15LOnaive","male",NA,0,NA,"300GS",450,40,1970,"BUV615-A","CCR5",0.586465449464869
"BM_Neu_046.fcs",46,"mature neutrophils","Comp-BUV661-A",2562,"MFI","Lumbar","mouse12","rep4","15LOnaive","male",NA,0,NA,"300GS",450,40,1970,"BUV661-A","CD74",3.53191123677417
"BM_Neu_046.fcs",46,"mature neutrophils","Comp-BUV737-A",6059,"MFI","Lumbar","mouse12","rep4","15LOnaive","male",NA,0,NA,"300GS",450,40,1970,"BUV737-A","Ly6G",4.39196512202708
"BM_Neu_046.fcs",46,"mature neutrophils","Comp-BUV805-A",14174,"MFI","Lumbar","mouse12","rep4","15LOnaive","male",NA,0,NA,"300GS",450,40,1970,"BUV805-A","CD45",5.24170446334536
"BM_Neu_046.fcs",46,"mature neutrophils","Comp-BV421-A",1019,"MFI","Lumbar","mouse12","rep4","15LOnaive","male",NA,0,NA,"300GS",450,40,1970,"BV421-A","PDL1",2.614462614367
"BM_Neu_046.fcs",46,"mature neutrophils","Comp-BV570-A",1023,"MFI","Lumbar","mouse12","rep4","15LOnaive","male",NA,0,NA,"300GS",450,40,1970,"BV570-A","CD44",2.61833873909929
"BM_Neu_046.fcs",46,"mature neutrophils","Comp-BV605-A",892,"MFI","Lumbar","mouse12","rep4","15LOnaive","male",NA,0,NA,"300GS",450,40,1970,"BV605-A","CD115",2.48297377426989
"BM_Neu_046.fcs",46,"mature neutrophils","Comp-BV650-A",9819,"MFI","Lumbar","mouse12","rep4","15LOnaive","male",NA,0,NA,"300GS",450,40,1970,"BV650-A","Ly6C",4.87464478742704
"BM_Neu_046.fcs",46,"mature neutrophils","Comp-BV711-A",691,"MFI","Lumbar","mouse12","rep4","15LOnaive","male",NA,0,NA,"300GS",450,40,1970,"BV711-A","CD39",2.23222939759149
"BM_Neu_046.fcs",46,"mature neutrophils","Comp-BV786-A",5353,"MFI","Lumbar","mouse12","rep4","15LOnaive","male",NA,0,NA,"300GS",450,40,1970,"BV786-A","CD11b",4.26812056257836
"BM_Neu_046.fcs",46,"mature neutrophils","Comp-FITC-A",-60.4,"MFI","Lumbar","mouse12","rep4","15LOnaive","male",NA,0,NA,"300GS",450,40,1970,"FITC-A","CX3CR1",-0.392510117771955
"BM_Neu_046.fcs",46,"mature neutrophils","Comp-PE-A",313,"MFI","Lumbar","mouse12","rep4","15LOnaive","male",NA,0,NA,"300GS",450,40,1970,"PE-A","DC-Trail-R1",1.48173550895948
"BM_Neu_046.fcs",46,"mature neutrophils","Comp-PE-Cy5-A",-268,"MFI","Lumbar","mouse12","rep4","15LOnaive","male",NA,0,NA,"300GS",450,40,1970,"PE-Cy5-A","CD150",-1.34394711640327
"BM_Neu_046.fcs",46,"mature neutrophils","Comp-PE-Cy7-A",687,"MFI","Lumbar","mouse12","rep4","15LOnaive","male",NA,0,NA,"300GS",450,40,1970,"PE-Cy7-A","CD101",2.22655674292944
"BM_Neu_046.fcs",46,"mature neutrophils","Comp-PE-Texas Red-A",2079,"MFI","Lumbar","mouse12","rep4","15LOnaive","male",NA,0,NA,"300GS",450,40,1970,"PE-Texas Red-A","ICAM1",3.32345304937661
"BM_Neu_047.fcs",47,"mature neutrophils","Comp-APC-A",-59.3,"MFI","Sternum","mouse12","rep4","15LOnaive","male",NA,0,NA,"300GS",150,80,1970,"APC-A","CD117",-0.385698950297632
"BM_Neu_047.fcs",47,"mature neutrophils","Comp-APC-Cy7-A",744,"MFI","Sternum","mouse12","rep4","15LOnaive","male",NA,0,NA,"300GS",150,80,1970,"APC-Cy7-A","CD14",2.30456337167797
"BM_Neu_047.fcs",47,"mature neutrophils","Comp-BB700-A",854,"MFI","Sternum","mouse12","rep4","15LOnaive","male",NA,0,NA,"300GS",150,80,1970,"BB700-A","CD16/32",2.44006805668212
"BM_Neu_047.fcs",47,"mature neutrophils","Comp-BUV395-A",-231,"MFI","Sternum","mouse12","rep4","15LOnaive","male",NA,0,NA,"300GS",150,80,1970,"BUV395-A","Sca1",-1.21674836159176
"BM_Neu_047.fcs",47,"mature neutrophils","Comp-BUV496-A",1118,"MFI","Sternum","mouse12","rep4","15LOnaive","male",NA,0,NA,"300GS",150,80,1970,"BUV496-A","MHCII",2.70627873536381
"BM_Neu_047.fcs",47,"mature neutrophils","Comp-BUV563-A",233,"MFI","Sternum","mouse12","rep4","15LOnaive","male",NA,0,NA,"300GS",150,80,1970,"BUV563-A","CD106",1.22398772689925
"BM_Neu_047.fcs",47,"mature neutrophils","Comp-BUV615-A",185,"MFI","Sternum","mouse12","rep4","15LOnaive","male",NA,0,NA,"300GS",150,80,1970,"BUV615-A","CCR5",1.03713894897266
"BM_Neu_047.fcs",47,"mature neutrophils","Comp-BUV661-A",2218,"MFI","Sternum","mouse12","rep4","15LOnaive","male",NA,0,NA,"300GS",150,80,1970,"BUV661-A","CD74",3.38801450159013
"BM_Neu_047.fcs",47,"mature neutrophils","Comp-BUV737-A",6112,"MFI","Sternum","mouse12","rep4","15LOnaive","male",NA,0,NA,"300GS",150,80,1970,"BUV737-A","Ly6G",4.4006717593393
"BM_Neu_047.fcs",47,"mature neutrophils","Comp-BUV805-A",11697,"MFI","Sternum","mouse12","rep4","15LOnaive","male",NA,0,NA,"300GS",150,80,1970,"BUV805-A","CD45",5.04964067404713
"BM_Neu_047.fcs",47,"mature neutrophils","Comp-BV421-A",760,"MFI","Sternum","mouse12","rep4","15LOnaive","male",NA,0,NA,"300GS",150,80,1970,"BV421-A","PDL1",2.32542963555584
"BM_Neu_047.fcs",47,"mature neutrophils","Comp-BV570-A",815,"MFI","Sternum","mouse12","rep4","15LOnaive","male",NA,0,NA,"300GS",150,80,1970,"BV570-A","CD44",2.39406292248846
"BM_Neu_047.fcs",47,"mature neutrophils","Comp-BV605-A",834,"MFI","Sternum","mouse12","rep4","15LOnaive","male",NA,0,NA,"300GS",150,80,1970,"BV605-A","CD115",2.4167359700727
"BM_Neu_047.fcs",47,"mature neutrophils","Comp-BV650-A",6911,"MFI","Sternum","mouse12","rep4","15LOnaive","male",NA,0,NA,"300GS",150,80,1970,"BV650-A","Ly6C",4.52349926140019
"BM_Neu_047.fcs",47,"mature neutrophils","Comp-BV711-A",707,"MFI","Sternum","mouse12","rep4","15LOnaive","male",NA,0,NA,"300GS",150,80,1970,"BV711-A","CD39",2.25461060688482
"BM_Neu_047.fcs",47,"mature neutrophils","Comp-BV786-A",3942,"MFI","Sternum","mouse12","rep4","15LOnaive","male",NA,0,NA,"300GS",150,80,1970,"BV786-A","CD11b",3.96231716171252
"BM_Neu_047.fcs",47,"mature neutrophils","Comp-FITC-A",-44.9,"MFI","Sternum","mouse12","rep4","15LOnaive","male",NA,0,NA,"300GS",150,80,1970,"FITC-A","CX3CR1",-0.295034438156622
"BM_Neu_047.fcs",47,"mature neutrophils","Comp-PE-A",530,"MFI","Sternum","mouse12","rep4","15LOnaive","male",NA,0,NA,"300GS",150,80,1970,"PE-A","DC-Trail-R1",1.97483775274027
"BM_Neu_047.fcs",47,"mature neutrophils","Comp-PE-Cy5-A",-452,"MFI","Sternum","mouse12","rep4","15LOnaive","male",NA,0,NA,"300GS",150,80,1970,"PE-Cy5-A","CD150",-1.82265441788714
"BM_Neu_047.fcs",47,"mature neutrophils","Comp-PE-Cy7-A",720,"MFI","Sternum","mouse12","rep4","15LOnaive","male",NA,0,NA,"300GS",150,80,1970,"PE-Cy7-A","CD101",2.2724413273866
"BM_Neu_047.fcs",47,"mature neutrophils","Comp-PE-Texas Red-A",1604,"MFI","Sternum","mouse12","rep4","15LOnaive","male",NA,0,NA,"300GS",150,80,1970,"PE-Texas Red-A","ICAM1",3.06494685989046
"BM_Neu_048.fcs",48,"mature neutrophils","Comp-APC-A",-84.5,"MFI","Calvaria","mouse12","rep4","15LOnaive","male",NA,0,NA,"300GS",300,80,1970,"APC-A","CD117",-0.537130359753903
"BM_Neu_048.fcs",48,"mature neutrophils","Comp-APC-Cy7-A",760,"MFI","Calvaria","mouse12","rep4","15LOnaive","male",NA,0,NA,"300GS",300,80,1970,"APC-Cy7-A","CD14",2.32542963555584
"BM_Neu_048.fcs",48,"mature neutrophils","Comp-BB700-A",870,"MFI","Calvaria","mouse12","rep4","15LOnaive","male",NA,0,NA,"300GS",300,80,1970,"BB700-A","CD16/32",2.45835522547041
"BM_Neu_048.fcs",48,"mature neutrophils","Comp-BUV395-A",-212,"MFI","Calvaria","mouse12","rep4","15LOnaive","male",NA,0,NA,"300GS",300,80,1970,"BUV395-A","Sca1",-1.1457075288483
"BM_Neu_048.fcs",48,"mature neutrophils","Comp-BUV496-A",1154,"MFI","Calvaria","mouse12","rep4","15LOnaive","male",NA,0,NA,"300GS",300,80,1970,"BUV496-A","MHCII",2.73769869387216
"BM_Neu_048.fcs",48,"mature neutrophils","Comp-BUV563-A",255,"MFI","Calvaria","mouse12","rep4","15LOnaive","male",NA,0,NA,"300GS",300,80,1970,"BUV563-A","CD106",1.30082042684065
"BM_Neu_048.fcs",48,"mature neutrophils","Comp-BUV615-A",229,"MFI","Calvaria","mouse12","rep4","15LOnaive","male",NA,0,NA,"300GS",300,80,1970,"BUV615-A","CCR5",1.20946477339779
"BM_Neu_048.fcs",48,"mature neutrophils","Comp-BUV661-A",2575,"MFI","Calvaria","mouse12","rep4","15LOnaive","male",NA,0,NA,"300GS",300,80,1970,"BUV661-A","CD74",3.53696395839855
"BM_Neu_048.fcs",48,"mature neutrophils","Comp-BUV737-A",5956,"MFI","Calvaria","mouse12","rep4","15LOnaive","male",NA,0,NA,"300GS",300,80,1970,"BUV737-A","Ly6G",4.37482480968934
"BM_Neu_048.fcs",48,"mature neutrophils","Comp-BUV805-A",12549,"MFI","Calvaria","mouse12","rep4","15LOnaive","male",NA,0,NA,"300GS",300,80,1970,"BUV805-A","CD45",5.11994386407127
"BM_Neu_048.fcs",48,"mature neutrophils","Comp-BV421-A",790,"MFI","Calvaria","mouse12","rep4","15LOnaive","male",NA,0,NA,"300GS",300,80,1970,"BV421-A","PDL1",2.36343834418274
"BM_Neu_048.fcs",48,"mature neutrophils","Comp-BV570-A",922,"MFI","Calvaria","mouse12","rep4","15LOnaive","male",NA,0,NA,"300GS",300,80,1970,"BV570-A","CD44",2.51560937554717
"BM_Neu_048.fcs",48,"mature neutrophils","Comp-BV605-A",980,"MFI","Calvaria","mouse12","rep4","15LOnaive","male",NA,0,NA,"300GS",300,80,1970,"BV605-A","CD115",2.57587059680323
"BM_Neu_048.fcs",48,"mature neutrophils","Comp-BV650-A",7837,"MFI","Calvaria","mouse12","rep4","15LOnaive","male",NA,0,NA,"300GS",300,80,1970,"BV650-A","Ly6C",4.64921484561768
"BM_Neu_048.fcs",48,"mature neutrophils","Comp-BV711-A",752,"MFI","Calvaria","mouse12","rep4","15LOnaive","male",NA,0,NA,"300GS",300,80,1970,"BV711-A","CD39",2.3150498762677
"BM_Neu_048.fcs",48,"mature neutrophils","Comp-BV786-A",4109,"MFI","Calvaria","mouse12","rep4","15LOnaive","male",NA,0,NA,"300GS",300,80,1970,"BV786-A","CD11b",4.00377984697732
"BM_Neu_048.fcs",48,"mature neutrophils","Comp-FITC-A",-46.8,"MFI","Calvaria","mouse12","rep4","15LOnaive","male",NA,0,NA,"300GS",300,80,1970,"FITC-A","CX3CR1",-0.307147793445628
"BM_Neu_048.fcs",48,"mature neutrophils","Comp-PE-A",566,"MFI","Calvaria","mouse12","rep4","15LOnaive","male",NA,0,NA,"300GS",300,80,1970,"PE-A","DC-Trail-R1",2.03821935239462
"BM_Neu_048.fcs",48,"mature neutrophils","Comp-PE-Cy5-A",-480,"MFI","Calvaria","mouse12","rep4","15LOnaive","male",NA,0,NA,"300GS",300,80,1970,"PE-Cy5-A","CD150",-1.87986358439691
"BM_Neu_048.fcs",48,"mature neutrophils","Comp-PE-Cy7-A",727,"MFI","Calvaria","mouse12","rep4","15LOnaive","male",NA,0,NA,"300GS",300,80,1970,"PE-Cy7-A","CD101",2.28191511746568
"BM_Neu_048.fcs",48,"mature neutrophils","Comp-PE-Texas Red-A",1746,"MFI","Calvaria","mouse12","rep4","15LOnaive","male",NA,0,NA,"300GS",300,80,1970,"PE-Texas Red-A","ICAM1",3.14943469685034
"BM_Neu_049.fcs",49,"mature neutrophils","Comp-APC-A",-96.5,"MFI","Femur","mouse13","rep1","WTzymozan24","male",NA,0,NA,"300GS",450,50,1970,"APC-A","CD117",-0.605626179146675
"BM_Neu_049.fcs",49,"mature neutrophils","Comp-APC-Cy7-A",827,"MFI","Femur","mouse13","rep1","WTzymozan24","male",NA,0,NA,"300GS",450,50,1970,"APC-Cy7-A","CD14",2.40844147020924
"BM_Neu_049.fcs",49,"mature neutrophils","Comp-BB700-A",835,"MFI","Femur","mouse13","rep1","WTzymozan24","male",NA,0,NA,"300GS",450,50,1970,"BB700-A","CD16/32",2.41791539078743
"BM_Neu_049.fcs",49,"mature neutrophils","Comp-BUV395-A",-150,"MFI","Femur","mouse13","rep1","WTzymozan24","male",NA,0,NA,"300GS",450,50,1970,"BUV395-A","Sca1",-0.881373587019543
"BM_Neu_049.fcs",49,"mature neutrophils","Comp-BUV496-A",1207,"MFI","Femur","mouse13","rep1","WTzymozan24","male",NA,0,NA,"300GS",450,50,1970,"BUV496-A","MHCII",2.78224400844897
"BM_Neu_049.fcs",49,"mature neutrophils","Comp-BUV563-A",313,"MFI","Femur","mouse13","rep1","WTzymozan24","male",NA,0,NA,"300GS",450,50,1970,"BUV563-A","CD106",1.48173550895948
"BM_Neu_049.fcs",49,"mature neutrophils","Comp-BUV615-A",272,"MFI","Femur","mouse13","rep1","WTzymozan24","male",NA,0,NA,"300GS",450,50,1970,"BUV615-A","CCR5",1.35689771153466
"BM_Neu_049.fcs",49,"mature neutrophils","Comp-BUV661-A",2826,"MFI","Femur","mouse13","rep1","WTzymozan24","male",NA,0,NA,"300GS",450,50,1970,"BUV661-A","CD74",3.6298330400264
"BM_Neu_049.fcs",49,"mature neutrophils","Comp-BUV737-A",6567,"MFI","Femur","mouse13","rep1","WTzymozan24","male",NA,0,NA,"300GS",450,50,1970,"BUV737-A","Ly6G",4.4724546804464
"BM_Neu_049.fcs",49,"mature neutrophils","Comp-BUV805-A",14653,"MFI","Femur","mouse13","rep1","WTzymozan24","male",NA,0,NA,"300GS",450,50,1970,"BUV805-A","CD45",5.27493845515007
"BM_Neu_049.fcs",49,"mature neutrophils","Comp-BV421-A",1058,"MFI","Femur","mouse13","rep1","WTzymozan24","male",NA,0,NA,"300GS",450,50,1970,"BV421-A","PDL1",2.65163521280817
"BM_Neu_049.fcs",49,"mature neutrophils","Comp-BV570-A",1102,"MFI","Femur","mouse13","rep1","WTzymozan24","male",NA,0,NA,"300GS",450,50,1970,"BV570-A","CD44",2.69199392342147
"BM_Neu_049.fcs",49,"mature neutrophils","Comp-BV605-A",1211,"MFI","Femur","mouse13","rep1","WTzymozan24","male",NA,0,NA,"300GS",450,50,1970,"BV605-A","CD115",2.78552735662319
"BM_Neu_049.fcs",49,"mature neutrophils","Comp-BV650-A",8479,"MFI","Femur","mouse13","rep1","WTzymozan24","male",NA,0,NA,"300GS",450,50,1970,"BV650-A","Ly6C",4.72793791538215
"BM_Neu_049.fcs",49,"mature neutrophils","Comp-BV711-A",971,"MFI","Femur","mouse13","rep1","WTzymozan24","male",NA,0,NA,"300GS",450,50,1970,"BV711-A","CD39",2.56675167299123
"BM_Neu_049.fcs",49,"mature neutrophils","Comp-BV786-A",5347,"MFI","Femur","mouse13","rep1","WTzymozan24","male",NA,0,NA,"300GS",450,50,1970,"BV786-A","CD11b",4.26699950767512
"BM_Neu_049.fcs",49,"mature neutrophils","Comp-FITC-A",-48.1,"MFI","Femur","mouse13","rep1","WTzymozan24","male",NA,0,NA,"300GS",450,50,1970,"FITC-A","CX3CR1",-0.315410867982687
"BM_Neu_049.fcs",49,"mature neutrophils","Comp-PE-A",660,"MFI","Femur","mouse13","rep1","WTzymozan24","male",NA,0,NA,"300GS",450,50,1970,"PE-A","DC-Trail-R1",2.18742176068697
"BM_Neu_049.fcs",49,"mature neutrophils","Comp-PE-Cy5-A",-567,"MFI","Femur","mouse13","rep1","WTzymozan24","male",NA,0,NA,"300GS",450,50,1970,"PE-Cy5-A","CD150",-2.03992577218952
"BM_Neu_049.fcs",49,"mature neutrophils","Comp-PE-Cy7-A",225,"MFI","Femur","mouse13","rep1","WTzymozan24","male",NA,0,NA,"300GS",450,50,1970,"PE-Cy7-A","CD101",1.19476321728711
"BM_Neu_049.fcs",49,"mature neutrophils","Comp-PE-Texas Red-A",2083,"MFI","Femur","mouse13","rep1","WTzymozan24","male",NA,0,NA,"300GS",450,50,1970,"PE-Texas Red-A","ICAM1",3.32537022874543
"BM_Neu_050.fcs",50,"mature neutrophils","Comp-APC-A",-93.6,"MFI","Lumbar","mouse13","rep1","WTzymozan24","male",NA,0,NA,"300GS",450,40,1970,"APC-A","CD117",-0.589295496932579
"BM_Neu_050.fcs",50,"mature neutrophils","Comp-APC-Cy7-A",803,"MFI","Lumbar","mouse13","rep1","WTzymozan24","male",NA,0,NA,"300GS",450,40,1970,"APC-Cy7-A","CD14",2.37947812777686
"BM_Neu_050.fcs",50,"mature neutrophils","Comp-BB700-A",780,"MFI","Lumbar","mouse13","rep1","WTzymozan24","male",NA,0,NA,"300GS",450,40,1970,"BB700-A","CD16/32",2.35092571975091
"BM_Neu_050.fcs",50,"mature neutrophils","Comp-BUV395-A",-164,"MFI","Lumbar","mouse13","rep1","WTzymozan24","male",NA,0,NA,"300GS",450,40,1970,"BUV395-A","Sca1",-0.94585499455737
"BM_Neu_050.fcs",50,"mature neutrophils","Comp-BUV496-A",1172,"MFI","Lumbar","mouse13","rep1","WTzymozan24","male",NA,0,NA,"300GS",450,40,1970,"BUV496-A","MHCII",2.75304905432389
"BM_Neu_050.fcs",50,"mature neutrophils","Comp-BUV563-A",252,"MFI","Lumbar","mouse13","rep1","WTzymozan24","male",NA,0,NA,"300GS",450,40,1970,"BUV563-A","CD106",1.2906354945648
"BM_Neu_050.fcs",50,"mature neutrophils","Comp-BUV615-A",296,"MFI","Lumbar","mouse13","rep1","WTzymozan24","male",NA,0,NA,"300GS",450,40,1970,"BUV615-A","CCR5",1.43164577756115
"BM_Neu_050.fcs",50,"mature neutrophils","Comp-BUV661-A",2777,"MFI","Lumbar","mouse13","rep1","WTzymozan24","male",NA,0,NA,"300GS",450,40,1970,"BUV661-A","CD74",3.61236698541817
"BM_Neu_050.fcs",50,"mature neutrophils","Comp-BUV737-A",6444,"MFI","Lumbar","mouse13","rep1","WTzymozan24","male",NA,0,NA,"300GS",450,40,1970,"BUV737-A","Ly6G",4.45355206336694
"BM_Neu_050.fcs",50,"mature neutrophils","Comp-BUV805-A",15037,"MFI","Lumbar","mouse13","rep1","WTzymozan24","male",NA,0,NA,"300GS",450,40,1970,"BUV805-A","CD45",5.30080587217926
"BM_Neu_050.fcs",50,"mature neutrophils","Comp-BV421-A",1078,"MFI","Lumbar","mouse13","rep1","WTzymozan24","male",NA,0,NA,"300GS",450,40,1970,"BV421-A","PDL1",2.67018030824305
"BM_Neu_050.fcs",50,"mature neutrophils","Comp-BV570-A",1072,"MFI","Lumbar","mouse13","rep1","WTzymozan24","male",NA,0,NA,"300GS",450,40,1970,"BV570-A","CD44",2.66465245329358
"BM_Neu_050.fcs",50,"mature neutrophils","Comp-BV605-A",1160,"MFI","Lumbar","mouse13","rep1","WTzymozan24","male",NA,0,NA,"300GS",450,40,1970,"BV605-A","CD115",2.74284149049013
"BM_Neu_050.fcs",50,"mature neutrophils","Comp-BV650-A",8328,"MFI","Lumbar","mouse13","rep1","WTzymozan24","male",NA,0,NA,"300GS",450,40,1970,"BV650-A","Ly6C",4.70997159067316
"BM_Neu_050.fcs",50,"mature neutrophils","Comp-BV711-A",843,"MFI","Lumbar","mouse13","rep1","WTzymozan24","male",NA,0,NA,"300GS",450,40,1970,"BV711-A","CD39",2.42730178591253
"BM_Neu_050.fcs",50,"mature neutrophils","Comp-BV786-A",5429,"MFI","Lumbar","mouse13","rep1","WTzymozan24","male",NA,0,NA,"300GS",450,40,1970,"BV786-A","CD11b",4.28221291166309
"BM_Neu_050.fcs",50,"mature neutrophils","Comp-FITC-A",-47,"MFI","Lumbar","mouse13","rep1","WTzymozan24","male",NA,0,NA,"300GS",450,40,1970,"FITC-A","CX3CR1",-0.308420372955371
"BM_Neu_050.fcs",50,"mature neutrophils","Comp-PE-A",680,"MFI","Lumbar","mouse13","rep1","WTzymozan24","male",NA,0,NA,"300GS",450,40,1970,"PE-A","DC-Trail-R1",2.21655331919442
"BM_Neu_050.fcs",50,"mature neutrophils","Comp-PE-Cy5-A",-557,"MFI","Lumbar","mouse13","rep1","WTzymozan24","male",NA,0,NA,"300GS",450,40,1970,"PE-Cy5-A","CD150",-2.02273361433393
"BM_Neu_050.fcs",50,"mature neutrophils","Comp-PE-Cy7-A",236,"MFI","Lumbar","mouse13","rep1","WTzymozan24","male",NA,0,NA,"300GS",450,40,1970,"PE-Cy7-A","CD101",1.23476478182691
"BM_Neu_050.fcs",50,"mature neutrophils","Comp-PE-Texas Red-A",2021,"MFI","Lumbar","mouse13","rep1","WTzymozan24","male",NA,0,NA,"300GS",450,40,1970,"PE-Texas Red-A","ICAM1",3.29523394505595
"BM_Neu_051.fcs",51,"mature neutrophils","Comp-APC-A",-126,"MFI","Sternum","mouse13","rep1","WTzymozan24","male",NA,0,NA,"300GS",150,80,1970,"APC-A","CD117",-0.763599221720576
"BM_Neu_051.fcs",51,"mature neutrophils","Comp-APC-Cy7-A",840,"MFI","Sternum","mouse13","rep1","WTzymozan24","male",NA,0,NA,"300GS",150,80,1970,"APC-Cy7-A","CD14",2.42379204358752
"BM_Neu_051.fcs",51,"mature neutrophils","Comp-BB700-A",795,"MFI","Sternum","mouse13","rep1","WTzymozan24","male",NA,0,NA,"300GS",150,80,1970,"BB700-A","CD16/32",2.36963744780851
"BM_Neu_051.fcs",51,"mature neutrophils","Comp-BUV395-A",-102,"MFI","Sternum","mouse13","rep1","WTzymozan24","male",NA,0,NA,"300GS",150,80,1970,"BUV395-A","Sca1",-0.636204969795739
"BM_Neu_051.fcs",51,"mature neutrophils","Comp-BUV496-A",1232,"MFI","Sternum","mouse13","rep1","WTzymozan24","male",NA,0,NA,"300GS",150,80,1970,"BUV496-A","MHCII",2.80259156061317
"BM_Neu_051.fcs",51,"mature neutrophils","Comp-BUV563-A",277,"MFI","Sternum","mouse13","rep1","WTzymozan24","male",NA,0,NA,"300GS",150,80,1970,"BUV563-A","CD106",1.37288206563288
"BM_Neu_051.fcs",51,"mature neutrophils","Comp-BUV615-A",359,"MFI","Sternum","mouse13","rep1","WTzymozan24","male",NA,0,NA,"300GS",150,80,1970,"BUV615-A","CCR5",1.60687077105036
"BM_Neu_051.fcs",51,"mature neutrophils","Comp-BUV661-A",3238,"MFI","Sternum","mouse13","rep1","WTzymozan24","male",NA,0,NA,"300GS",150,80,1970,"BUV661-A","CD74",3.76575908837126
"BM_Neu_051.fcs",51,"mature neutrophils","Comp-BUV737-A",7264,"MFI","Sternum","mouse13","rep1","WTzymozan24","male",NA,0,NA,"300GS",150,80,1970,"BUV737-A","Ly6G",4.57330439305323
"BM_Neu_051.fcs",51,"mature neutrophils","Comp-BUV805-A",16769,"MFI","Sternum","mouse13","rep1","WTzymozan24","male",NA,0,NA,"300GS",150,80,1970,"BUV805-A","CD45",5.40981911221225
"BM_Neu_051.fcs",51,"mature neutrophils","Comp-BV421-A",1263,"MFI","Sternum","mouse13","rep1","WTzymozan24","male",NA,0,NA,"300GS",150,80,1970,"BV421-A","PDL1",2.82726477387923
"BM_Neu_051.fcs",51,"mature neutrophils","Comp-BV570-A",1259,"MFI","Sternum","mouse13","rep1","WTzymozan24","male",NA,0,NA,"300GS",150,80,1970,"BV570-A","CD44",2.82411489258482
"BM_Neu_051.fcs",51,"mature neutrophils","Comp-BV605-A",1386,"MFI","Sternum","mouse13","rep1","WTzymozan24","male",NA,0,NA,"300GS",150,80,1970,"BV605-A","CD115",2.9196044565207
"BM_Neu_051.fcs",51,"mature neutrophils","Comp-BV650-A",9657,"MFI","Sternum","mouse13","rep1","WTzymozan24","male",NA,0,NA,"300GS",150,80,1970,"BV650-A","Ly6C",4.8580105177424
"BM_Neu_051.fcs",51,"mature neutrophils","Comp-BV711-A",896,"MFI","Sternum","mouse13","rep1","WTzymozan24","male",NA,0,NA,"300GS",150,80,1970,"BV711-A","CD39",2.48738637375745
"BM_Neu_051.fcs",51,"mature neutrophils","Comp-BV786-A",6127,"MFI","Sternum","mouse13","rep1","WTzymozan24","male",NA,0,NA,"300GS",150,80,1970,"BV786-A","CD11b",4.40312220517826
"BM_Neu_051.fcs",51,"mature neutrophils","Comp-FITC-A",-46.1,"MFI","Sternum","mouse13","rep1","WTzymozan24","male",NA,0,NA,"300GS",150,80,1970,"FITC-A","CX3CR1",-0.302689975263473
"BM_Neu_051.fcs",51,"mature neutrophils","Comp-PE-A",671,"MFI","Sternum","mouse13","rep1","WTzymozan24","male",NA,0,NA,"300GS",150,80,1970,"PE-A","DC-Trail-R1",2.20354650260442
"BM_Neu_051.fcs",51,"mature neutrophils","Comp-PE-Cy5-A",-622,"MFI","Sternum","mouse13","rep1","WTzymozan24","male",NA,0,NA,"300GS",150,80,1970,"PE-Cy5-A","CD150",-2.12968400610516
"BM_Neu_051.fcs",51,"mature neutrophils","Comp-PE-Cy7-A",233,"MFI","Sternum","mouse13","rep1","WTzymozan24","male",NA,0,NA,"300GS",150,80,1970,"PE-Cy7-A","CD101",1.22398772689925
"BM_Neu_051.fcs",51,"mature neutrophils","Comp-PE-Texas Red-A",2296,"MFI","Sternum","mouse13","rep1","WTzymozan24","male",NA,0,NA,"300GS",150,80,1970,"PE-Texas Red-A","ICAM1",3.42250097532689
"BM_Neu_052.fcs",52,"mature neutrophils","Comp-APC-A",-120,"MFI","Calvaria","mouse13","rep1","WTzymozan24","male",NA,0,NA,"300GS",300,80,1970,"APC-A","CD117",-0.732668256045411
"BM_Neu_052.fcs",52,"mature neutrophils","Comp-APC-Cy7-A",927,"MFI","Calvaria","mouse13","rep1","WTzymozan24","male",NA,0,NA,"300GS",300,80,1970,"APC-Cy7-A","CD14",2.52094790474953
"BM_Neu_052.fcs",52,"mature neutrophils","Comp-BB700-A",788,"MFI","Calvaria","mouse13","rep1","WTzymozan24","male",NA,0,NA,"300GS",300,80,1970,"BB700-A","CD16/32",2.36094809227635
"BM_Neu_052.fcs",52,"mature neutrophils","Comp-BUV395-A",-227,"MFI","Calvaria","mouse13","rep1","WTzymozan24","male",NA,0,NA,"300GS",300,80,1970,"BUV395-A","Sca1",-1.20213653544285
"BM_Neu_052.fcs",52,"mature neutrophils","Comp-BUV496-A",1166,"MFI","Calvaria","mouse13","rep1","WTzymozan24","male",NA,0,NA,"300GS",300,80,1970,"BUV496-A","MHCII",2.74795819019108
"BM_Neu_052.fcs",52,"mature neutrophils","Comp-BUV563-A",211,"MFI","Calvaria","mouse13","rep1","WTzymozan24","male",NA,0,NA,"300GS",300,80,1970,"BUV563-A","CD106",1.14185086803348
"BM_Neu_052.fcs",52,"mature neutrophils","Comp-BUV615-A",341,"MFI","Calvaria","mouse13","rep1","WTzymozan24","male",NA,0,NA,"300GS",300,80,1970,"BUV615-A","CCR5",1.55959370094521
"BM_Neu_052.fcs",52,"mature neutrophils","Comp-BUV661-A",3311,"MFI","Calvaria","mouse13","rep1","WTzymozan24","male",NA,0,NA,"300GS",300,80,1970,"BUV661-A","CD74",3.78803013209017
"BM_Neu_052.fcs",52,"mature neutrophils","Comp-BUV737-A",7460,"MFI","Calvaria","mouse13","rep1","WTzymozan24","male",NA,0,NA,"300GS",300,80,1970,"BUV737-A","Ly6G",4.59992363960171
"BM_Neu_052.fcs",52,"mature neutrophils","Comp-BUV805-A",17329,"MFI","Calvaria","mouse13","rep1","WTzymozan24","male",NA,0,NA,"300GS",300,80,1970,"BUV805-A","CD45",5.4426672952056
"BM_Neu_052.fcs",52,"mature neutrophils","Comp-BV421-A",1294,"MFI","Calvaria","mouse13","rep1","WTzymozan24","male",NA,0,NA,"300GS",300,80,1970,"BV421-A","PDL1",2.85134789914121
"BM_Neu_052.fcs",52,"mature neutrophils","Comp-BV570-A",1282,"MFI","Calvaria","mouse13","rep1","WTzymozan24","male",NA,0,NA,"300GS",300,80,1970,"BV570-A","CD44",2.84209360968252
"BM_Neu_052.fcs",52,"mature neutrophils","Comp-BV605-A",1462,"MFI","Calvaria","mouse13","rep1","WTzymozan24","male",NA,0,NA,"300GS",300,80,1970,"BV605-A","CD115",2.97269384664661
"BM_Neu_052.fcs",52,"mature neutrophils","Comp-BV650-A",10319,"MFI","Calvaria","mouse13","rep1","WTzymozan24","male",NA,0,NA,"300GS",300,80,1970,"BV650-A","Ly6C",4.92430684334231
"BM_Neu_052.fcs",52,"mature neutrophils","Comp-BV711-A",1004,"MFI","Calvaria","mouse13","rep1","WTzymozan24","male",NA,0,NA,"300GS",300,80,1970,"BV711-A","CD39",2.5997933170568
"BM_Neu_052.fcs",52,"mature neutrophils","Comp-BV786-A",6412,"MFI","Calvaria","mouse13","rep1","WTzymozan24","male",NA,0,NA,"300GS",300,80,1970,"BV786-A","CD11b",4.44857518768613
"BM_Neu_052.fcs",52,"mature neutrophils","Comp-FITC-A",-42.2,"MFI","Calvaria","mouse13","rep1","WTzymozan24","male",NA,0,NA,"300GS",300,80,1970,"FITC-A","CX3CR1",-0.277748420869467
"BM_Neu_052.fcs",52,"mature neutrophils","Comp-PE-A",677,"MFI","Calvaria","mouse13","rep1","WTzymozan24","male",NA,0,NA,"300GS",300,80,1970,"PE-A","DC-Trail-R1",2.2122360388043
"BM_Neu_052.fcs",52,"mature neutrophils","Comp-PE-Cy5-A",-614,"MFI","Calvaria","mouse13","rep1","WTzymozan24","male",NA,0,NA,"300GS",300,80,1970,"PE-Cy5-A","CD150",-2.11710411805747
"BM_Neu_052.fcs",52,"mature neutrophils","Comp-PE-Cy7-A",237,"MFI","Calvaria","mouse13","rep1","WTzymozan24","male",NA,0,NA,"300GS",300,80,1970,"PE-Cy7-A","CD101",1.23833547822897
"BM_Neu_052.fcs",52,"mature neutrophils","Comp-PE-Texas Red-A",2230,"MFI","Calvaria","mouse13","rep1","WTzymozan24","male",NA,0,NA,"300GS",300,80,1970,"PE-Texas Red-A","ICAM1",3.39339796727115
"BM_Neu_053.fcs",53,"mature neutrophils","Comp-APC-A",-98.7,"MFI","Femur","mouse14","rep2","WTzymozan24","male",NA,0,NA,"300GS",450,50,1970,"APC-A","CD117",-0.617919597577233
"BM_Neu_053.fcs",53,"mature neutrophils","Comp-APC-Cy7-A",830,"MFI","Femur","mouse14","rep2","WTzymozan24","male",NA,0,NA,"300GS",450,50,1970,"APC-Cy7-A","CD14",2.41200454921118
"BM_Neu_053.fcs",53,"mature neutrophils","Comp-BB700-A",800,"MFI","Femur","mouse14","rep2","WTzymozan24","male",NA,0,NA,"300GS",450,50,1970,"BB700-A","CD16/32",2.37579901739019
"BM_Neu_053.fcs",53,"mature neutrophils","Comp-BUV395-A",-21.5,"MFI","Femur","mouse14","rep2","WTzymozan24","male",NA,0,NA,"300GS",450,50,1970,"BUV395-A","Sca1",-0.142847031958702
"BM_Neu_053.fcs",53,"mature neutrophils","Comp-BUV496-A",1171,"MFI","Femur","mouse14","rep2","WTzymozan24","male",NA,0,NA,"300GS",450,50,1970,"BUV496-A","MHCII",2.75220236013089
"BM_Neu_053.fcs",53,"mature neutrophils","Comp-BUV563-A",249,"MFI","Femur","mouse14","rep2","WTzymozan24","male",NA,0,NA,"300GS",450,50,1970,"BUV563-A","CD106",1.28036063884419
"BM_Neu_053.fcs",53,"mature neutrophils","Comp-BUV615-A",370,"MFI","Femur","mouse14","rep2","WTzymozan24","male",NA,0,NA,"300GS",450,50,1970,"BUV615-A","CCR5",1.63477980434798
"BM_Neu_053.fcs",53,"mature neutrophils","Comp-BUV661-A",3093,"MFI","Femur","mouse14","rep2","WTzymozan24","male",NA,0,NA,"300GS",450,50,1970,"BUV661-A","CD74",3.71999612142416
"BM_Neu_053.fcs",53,"mature neutrophils","Comp-BUV737-A",5821,"MFI","Femur","mouse14","rep2","WTzymozan24","male",NA,0,NA,"300GS",450,50,1970,"BUV737-A","Ly6G",4.35190519976732
"BM_Neu_053.fcs",53,"mature neutrophils","Comp-BUV805-A",15480,"MFI","Femur","mouse14","rep2","WTzymozan24","male",NA,0,NA,"300GS",450,50,1970,"BUV805-A","CD45",5.32983950643035
"BM_Neu_053.fcs",53,"mature neutrophils","Comp-BV421-A",1145,"MFI","Femur","mouse14","rep2","WTzymozan24","male",NA,0,NA,"300GS",450,50,1970,"BV421-A","PDL1",2.72993498578211
"BM_Neu_053.fcs",53,"mature neutrophils","Comp-BV570-A",1152,"MFI","Femur","mouse14","rep2","WTzymozan24","male",NA,0,NA,"300GS",450,50,1970,"BV570-A","CD44",2.73597858327895
"BM_Neu_053.fcs",53,"mature neutrophils","Comp-BV605-A",1098,"MFI","Femur","mouse14","rep2","WTzymozan24","male",NA,0,NA,"300GS",450,50,1970,"BV605-A","CD115",2.68839090083752
"BM_Neu_053.fcs",53,"mature neutrophils","Comp-BV650-A",9961,"MFI","Femur","mouse14","rep2","WTzymozan24","male",NA,0,NA,"300GS",450,50,1970,"BV650-A","Ly6C",4.8890013201187
"BM_Neu_053.fcs",53,"mature neutrophils","Comp-BV711-A",881,"MFI","Femur","mouse14","rep2","WTzymozan24","male",NA,0,NA,"300GS",450,50,1970,"BV711-A","CD39",2.47073918225017
"BM_Neu_053.fcs",53,"mature neutrophils","Comp-BV786-A",5557,"MFI","Femur","mouse14","rep2","WTzymozan24","male",NA,0,NA,"300GS",450,50,1970,"BV786-A","CD11b",4.30550766525988
"BM_Neu_053.fcs",53,"mature neutrophils","Comp-FITC-A",-46.5,"MFI","Femur","mouse14","rep2","WTzymozan24","male",NA,0,NA,"300GS",450,50,1970,"FITC-A","CX3CR1",-0.305238019925228
"BM_Neu_053.fcs",53,"mature neutrophils","Comp-PE-A",613,"MFI","Femur","mouse14","rep2","WTzymozan24","male",NA,0,NA,"300GS",450,50,1970,"PE-A","DC-Trail-R1",2.11552076513648
"BM_Neu_053.fcs",53,"mature neutrophils","Comp-PE-Cy5-A",-628,"MFI","Femur","mouse14","rep2","WTzymozan24","male",NA,0,NA,"300GS",450,50,1970,"PE-Cy5-A","CD150",-2.13901898645456
"BM_Neu_053.fcs",53,"mature neutrophils","Comp-PE-Cy7-A",196,"MFI","Femur","mouse14","rep2","WTzymozan24","male",NA,0,NA,"300GS",450,50,1970,"PE-Cy7-A","CD101",1.08250925935405
"BM_Neu_053.fcs",53,"mature neutrophils","Comp-PE-Texas Red-A",2227,"MFI","Femur","mouse14","rep2","WTzymozan24","male",NA,0,NA,"300GS",450,50,1970,"PE-Texas Red-A","ICAM1",3.39205480930453
"BM_Neu_054.fcs",54,"mature neutrophils","Comp-APC-A",-131,"MFI","Lumbar","mouse14","rep2","WTzymozan24","male",NA,0,NA,"300GS",450,40,1970,"APC-A","CD117",-0.788913912824706
"BM_Neu_054.fcs",54,"mature neutrophils","Comp-APC-Cy7-A",987,"MFI","Lumbar","mouse14","rep2","WTzymozan24","male",NA,0,NA,"300GS",450,40,1970,"APC-Cy7-A","CD14",2.58290669892071
"BM_Neu_054.fcs",54,"mature neutrophils","Comp-BB700-A",779,"MFI","Lumbar","mouse14","rep2","WTzymozan24","male",NA,0,NA,"300GS",450,40,1970,"BB700-A","CD16/32",2.34966595823802
"BM_Neu_054.fcs",54,"mature neutrophils","Comp-BUV395-A",-181,"MFI","Lumbar","mouse14","rep2","WTzymozan24","male",NA,0,NA,"300GS",450,40,1970,"BUV395-A","Sca1",-1.02023404361105
"BM_Neu_054.fcs",54,"mature neutrophils","Comp-BUV496-A",1055,"MFI","Lumbar","mouse14","rep2","WTzymozan24","male",NA,0,NA,"300GS",450,40,1970,"BUV496-A","MHCII",2.64882384058332
"BM_Neu_054.fcs",54,"mature neutrophils","Comp-BUV563-A",182,"MFI","Lumbar","mouse14","rep2","WTzymozan24","male",NA,0,NA,"300GS",450,40,1970,"BUV563-A","CD106",1.02448101985769
"BM_Neu_054.fcs",54,"mature neutrophils","Comp-BUV615-A",329,"MFI","Lumbar","mouse14","rep2","WTzymozan24","male",NA,0,NA,"300GS",450,40,1970,"BUV615-A","CCR5",1.52689833948301
"BM_Neu_054.fcs",54,"mature neutrophils","Comp-BUV661-A",3269,"MFI","Lumbar","mouse14","rep2","WTzymozan24","male",NA,0,NA,"300GS",450,40,1970,"BUV661-A","CD74",3.77527724995888
"BM_Neu_054.fcs",54,"mature neutrophils","Comp-BUV737-A",6630,"MFI","Lumbar","mouse14","rep2","WTzymozan24","male",NA,0,NA,"300GS",450,40,1970,"BUV737-A","Ly6G",4.48199991134539
"BM_Neu_054.fcs",54,"mature neutrophils","Comp-BUV805-A",17169,"MFI","Lumbar","mouse14","rep2","WTzymozan24","male",NA,0,NA,"300GS",450,40,1970,"BUV805-A","CD45",5.43339167937408
"BM_Neu_054.fcs",54,"mature neutrophils","Comp-BV421-A",1541,"MFI","Lumbar","mouse14","rep2","WTzymozan24","male",NA,0,NA,"300GS",450,40,1970,"BV421-A","PDL1",3.02505908863646
"BM_Neu_054.fcs",54,"mature neutrophils","Comp-BV570-A",1103,"MFI","Lumbar","mouse14","rep2","WTzymozan24","male",NA,0,NA,"300GS",450,40,1970,"BV570-A","CD44",2.69289267281397
"BM_Neu_054.fcs",54,"mature neutrophils","Comp-BV605-A",1142,"MFI","Lumbar","mouse14","rep2","WTzymozan24","male",NA,0,NA,"300GS",450,40,1970,"BV605-A","CD115",2.72733374465459
"BM_Neu_054.fcs",54,"mature neutrophils","Comp-BV650-A",11151,"MFI","Lumbar","mouse14","rep2","WTzymozan24","male",NA,0,NA,"300GS",450,40,1970,"BV650-A","Ly6C",5.00184157947426
"BM_Neu_054.fcs",54,"mature neutrophils","Comp-BV711-A",1180,"MFI","Lumbar","mouse14","rep2","WTzymozan24","male",NA,0,NA,"300GS",450,40,1970,"BV711-A","CD39",2.75979712897641
"BM_Neu_054.fcs",54,"mature neutrophils","Comp-BV786-A",6712,"MFI","Lumbar","mouse14","rep2","WTzymozan24","male",NA,0,NA,"300GS",450,40,1970,"BV786-A","CD11b",4.49428896988161
"BM_Neu_054.fcs",54,"mature neutrophils","Comp-FITC-A",-52,"MFI","Lumbar","mouse14","rep2","WTzymozan24","male",NA,0,NA,"300GS",450,40,1970,"FITC-A","CX3CR1",-0.340073729072343
"BM_Neu_054.fcs",54,"mature neutrophils","Comp-PE-A",599,"MFI","Lumbar","mouse14","rep2","WTzymozan24","male",NA,0,NA,"300GS",450,40,1970,"PE-A","DC-Trail-R1",2.09309437364791
"BM_Neu_054.fcs",54,"mature neutrophils","Comp-PE-Cy5-A",-605,"MFI","Lumbar","mouse14","rep2","WTzymozan24","male",NA,0,NA,"300GS",450,40,1970,"PE-Cy5-A","CD150",-2.10276552380579
"BM_Neu_054.fcs",54,"mature neutrophils","Comp-PE-Cy7-A",226,"MFI","Lumbar","mouse14","rep2","WTzymozan24","male",NA,0,NA,"300GS",450,40,1970,"PE-Cy7-A","CD101",1.19845553843034
"BM_Neu_054.fcs",54,"mature neutrophils","Comp-PE-Texas Red-A",2049,"MFI","Lumbar","mouse14","rep2","WTzymozan24","male",NA,0,NA,"300GS",450,40,1970,"PE-Texas Red-A","ICAM1",3.30895614590571
"BM_Neu_055.fcs",55,"mature neutrophils","Comp-APC-A",-120,"MFI","Sternum","mouse14","rep2","WTzymozan24","male",NA,0,NA,"300GS",150,80,1970,"APC-A","CD117",-0.732668256045411
"BM_Neu_055.fcs",55,"mature neutrophils","Comp-APC-Cy7-A",882,"MFI","Sternum","mouse14","rep2","WTzymozan24","male",NA,0,NA,"300GS",150,80,1970,"APC-Cy7-A","CD14",2.47185753635042
"BM_Neu_055.fcs",55,"mature neutrophils","Comp-BB700-A",729,"MFI","Sternum","mouse14","rep2","WTzymozan24","male",NA,0,NA,"300GS",150,80,1970,"BB700-A","CD16/32",2.28460584912699
"BM_Neu_055.fcs",55,"mature neutrophils","Comp-BUV395-A",-84.5,"MFI","Sternum","mouse14","rep2","WTzymozan24","male",NA,0,NA,"300GS",150,80,1970,"BUV395-A","Sca1",-0.537130359753903
"BM_Neu_055.fcs",55,"mature neutrophils","Comp-BUV496-A",1134,"MFI","Sternum","mouse14","rep2","WTzymozan24","male",NA,0,NA,"300GS",150,80,1970,"BUV496-A","MHCII",2.72036412407405
"BM_Neu_055.fcs",55,"mature neutrophils","Comp-BUV563-A",195,"MFI","Sternum","mouse14","rep2","WTzymozan24","male",NA,0,NA,"300GS",150,80,1970,"BUV563-A","CD106",1.0784510589549
"BM_Neu_055.fcs",55,"mature neutrophils","Comp-BUV615-A",392,"MFI","Sternum","mouse14","rep2","WTzymozan24","male",NA,0,NA,"300GS",150,80,1970,"BUV615-A","CCR5",1.68851886988095
"BM_Neu_055.fcs",55,"mature neutrophils","Comp-BUV661-A",3379,"MFI","Sternum","mouse14","rep2","WTzymozan24","male",NA,0,NA,"300GS",150,80,1970,"BUV661-A","CD74",3.8083392681921
"BM_Neu_055.fcs",55,"mature neutrophils","Comp-BUV737-A",7439,"MFI","Sternum","mouse14","rep2","WTzymozan24","male",NA,0,NA,"300GS",150,80,1970,"BUV737-A","Ly6G",4.59710522788987
"BM_Neu_055.fcs",55,"mature neutrophils","Comp-BUV805-A",19026,"MFI","Sternum","mouse14","rep2","WTzymozan24","male",NA,0,NA,"300GS",150,80,1970,"BUV805-A","CD45",5.53608916902803
"BM_Neu_055.fcs",55,"mature neutrophils","Comp-BV421-A",1826,"MFI","Sternum","mouse14","rep2","WTzymozan24","male",NA,0,NA,"300GS",150,80,1970,"BV421-A","PDL1",3.19407771739303
"BM_Neu_055.fcs",55,"mature neutrophils","Comp-BV570-A",1234,"MFI","Sternum","mouse14","rep2","WTzymozan24","male",NA,0,NA,"300GS",150,80,1970,"BV570-A","CD44",2.80420174948397
"BM_Neu_055.fcs",55,"mature neutrophils","Comp-BV605-A",1349,"MFI","Sternum","mouse14","rep2","WTzymozan24","male",NA,0,NA,"300GS",150,80,1970,"BV605-A","CD115",2.89270750623621
"BM_Neu_055.fcs",55,"mature neutrophils","Comp-BV650-A",11430,"MFI","Sternum","mouse14","rep2","WTzymozan24","male",NA,0,NA,"300GS",150,80,1970,"BV650-A","Ly6C",5.0265516961138
"BM_Neu_055.fcs",55,"mature neutrophils","Comp-BV711-A",1196,"MFI","Sternum","mouse14","rep2","WTzymozan24","male",NA,0,NA,"300GS",150,80,1970,"BV711-A","CD39",2.77315924814439
"BM_Neu_055.fcs",55,"mature neutrophils","Comp-BV786-A",7863,"MFI","Sternum","mouse14","rep2","WTzymozan24","male",NA,0,NA,"300GS",150,80,1970,"BV786-A","CD11b",4.65252634605067
"BM_Neu_055.fcs",55,"mature neutrophils","Comp-FITC-A",-59.8,"MFI","Sternum","mouse14","rep2","WTzymozan24","male",NA,0,NA,"300GS",150,80,1970,"FITC-A","CX3CR1",-0.388797066444596
"BM_Neu_055.fcs",55,"mature neutrophils","Comp-PE-A",649,"MFI","Sternum","mouse14","rep2","WTzymozan24","male",NA,0,NA,"300GS",150,80,1970,"PE-A","DC-Trail-R1",2.17103942272771
"BM_Neu_055.fcs",55,"mature neutrophils","Comp-PE-Cy5-A",-617,"MFI","Sternum","mouse14","rep2","WTzymozan24","male",NA,0,NA,"300GS",150,80,1970,"PE-Cy5-A","CD150",-2.12183961586225
"BM_Neu_055.fcs",55,"mature neutrophils","Comp-PE-Cy7-A",208,"MFI","Sternum","mouse14","rep2","WTzymozan24","male",NA,0,NA,"300GS",150,80,1970,"PE-Cy7-A","CD101",1.13020769062923
"BM_Neu_055.fcs",55,"mature neutrophils","Comp-PE-Texas Red-A",2111,"MFI","Sternum","mouse14","rep2","WTzymozan24","male",NA,0,NA,"300GS",150,80,1970,"PE-Texas Red-A","ICAM1",3.33868880305223
"BM_Neu_056.fcs",56,"mature neutrophils","Comp-APC-A",-106,"MFI","Calvaria","mouse14","rep2","WTzymozan24","male",NA,0,NA,"300GS",300,80,1970,"APC-A","CD117",-0.658119559183976
"BM_Neu_056.fcs",56,"mature neutrophils","Comp-APC-Cy7-A",965,"MFI","Calvaria","mouse14","rep2","WTzymozan24","male",NA,0,NA,"300GS",300,80,1970,"APC-Cy7-A","CD14",2.56062641141877
"BM_Neu_056.fcs",56,"mature neutrophils","Comp-BB700-A",807,"MFI","Calvaria","mouse14","rep2","WTzymozan24","male",NA,0,NA,"300GS",300,80,1970,"BB700-A","CD16/32",2.38436300130442
"BM_Neu_056.fcs",56,"mature neutrophils","Comp-BUV395-A",-109,"MFI","Calvaria","mouse14","rep2","WTzymozan24","male",NA,0,NA,"300GS",300,80,1970,"BUV395-A","Sca1",-0.674375904949206
"BM_Neu_056.fcs",56,"mature neutrophils","Comp-BUV496-A",1102,"MFI","Calvaria","mouse14","rep2","WTzymozan24","male",NA,0,NA,"300GS",300,80,1970,"BUV496-A","MHCII",2.69199392342147
"BM_Neu_056.fcs",56,"mature neutrophils","Comp-BUV563-A",208,"MFI","Calvaria","mouse14","rep2","WTzymozan24","male",NA,0,NA,"300GS",300,80,1970,"BUV563-A","CD106",1.13020769062923
"BM_Neu_056.fcs",56,"mature neutrophils","Comp-BUV615-A",239,"MFI","Calvaria","mouse14","rep2","WTzymozan24","male",NA,0,NA,"300GS",300,80,1970,"BUV615-A","CCR5",1.24544469974729
"BM_Neu_056.fcs",56,"mature neutrophils","Comp-BUV661-A",3121,"MFI","Calvaria","mouse14","rep2","WTzymozan24","male",NA,0,NA,"300GS",300,80,1970,"BUV661-A","CD74",3.7289976065512
"BM_Neu_056.fcs",56,"mature neutrophils","Comp-BUV737-A",6785,"MFI","Calvaria","mouse14","rep2","WTzymozan24","male",NA,0,NA,"300GS",300,80,1970,"BUV737-A","Ly6G",4.50510362273138
"BM_Neu_056.fcs",56,"mature neutrophils","Comp-BUV805-A",17956,"MFI","Calvaria","mouse14","rep2","WTzymozan24","male",NA,0,NA,"300GS",300,80,1970,"BUV805-A","CD45",5.47820893220886
"BM_Neu_056.fcs",56,"mature neutrophils","Comp-BV421-A",1669,"MFI","Calvaria","mouse14","rep2","WTzymozan24","male",NA,0,NA,"300GS",300,80,1970,"BV421-A","PDL1",3.10450506270106
"BM_Neu_056.fcs",56,"mature neutrophils","Comp-BV570-A",1275,"MFI","Calvaria","mouse14","rep2","WTzymozan24","male",NA,0,NA,"300GS",300,80,1970,"BV570-A","CD44",2.83665572896893
"BM_Neu_056.fcs",56,"mature neutrophils","Comp-BV605-A",1395,"MFI","Calvaria","mouse14","rep2","WTzymozan24","male",NA,0,NA,"300GS",300,80,1970,"BV605-A","CD115",2.92603963563644
"BM_Neu_056.fcs",56,"mature neutrophils","Comp-BV650-A",10212,"MFI","Calvaria","mouse14","rep2","WTzymozan24","male",NA,0,NA,"300GS",300,80,1970,"BV650-A","Ly6C",4.91388459921608
"BM_Neu_056.fcs",56,"mature neutrophils","Comp-BV711-A",1083,"MFI","Calvaria","mouse14","rep2","WTzymozan24","male",NA,0,NA,"300GS",300,80,1970,"BV711-A","CD39",2.67476384656091
"BM_Neu_056.fcs",56,"mature neutrophils","Comp-BV786-A",7265,"MFI","Calvaria","mouse14","rep2","WTzymozan24","male",NA,0,NA,"300GS",300,80,1970,"BV786-A","CD11b",4.57344201944078
"BM_Neu_056.fcs",56,"mature neutrophils","Comp-FITC-A",-60.5,"MFI","Calvaria","mouse14","rep2","WTzymozan24","male",NA,0,NA,"300GS",300,80,1970,"FITC-A","CX3CR1",-0.393128460496189
"BM_Neu_056.fcs",56,"mature neutrophils","Comp-PE-A",610,"MFI","Calvaria","mouse14","rep2","WTzymozan24","male",NA,0,NA,"300GS",300,80,1970,"PE-A","DC-Trail-R1",2.11075604367267
"BM_Neu_056.fcs",56,"mature neutrophils","Comp-PE-Cy5-A",-669,"MFI","Calvaria","mouse14","rep2","WTzymozan24","male",NA,0,NA,"300GS",300,80,1970,"PE-Cy5-A","CD150",-2.20063353609409
"BM_Neu_056.fcs",56,"mature neutrophils","Comp-PE-Cy7-A",231,"MFI","Calvaria","mouse14","rep2","WTzymozan24","male",NA,0,NA,"300GS",300,80,1970,"PE-Cy7-A","CD101",1.21674836159176
"BM_Neu_056.fcs",56,"mature neutrophils","Comp-PE-Texas Red-A",2381,"MFI","Calvaria","mouse14","rep2","WTzymozan24","male",NA,0,NA,"300GS",300,80,1970,"PE-Texas Red-A","ICAM1",3.45877846978738
"BM_Neu_057.fcs",57,"mature neutrophils","Comp-APC-A",-108,"MFI","Femur","mouse15","rep3","WTzymozan24","male",NA,0,NA,"300GS",450,50,1970,"APC-A","CD117",-0.66897422675428
"BM_Neu_057.fcs",57,"mature neutrophils","Comp-APC-Cy7-A",936,"MFI","Femur","mouse15","rep3","WTzymozan24","male",NA,0,NA,"300GS",450,50,1970,"APC-Cy7-A","CD14",2.53048692505389
"BM_Neu_057.fcs",57,"mature neutrophils","Comp-BB700-A",783,"MFI","Femur","mouse15","rep3","WTzymozan24","male",NA,0,NA,"300GS",450,50,1970,"BB700-A","CD16/32",2.354695680252
"BM_Neu_057.fcs",57,"mature neutrophils","Comp-BUV395-A",-51.9,"MFI","Femur","mouse15","rep3","WTzymozan24","male",NA,0,NA,"300GS",450,50,1970,"BUV395-A","Sca1",-0.339443773323187
"BM_Neu_057.fcs",57,"mature neutrophils","Comp-BUV496-A",1148,"MFI","Femur","mouse15","rep3","WTzymozan24","male",NA,0,NA,"300GS",450,50,1970,"BUV496-A","MHCII",2.73252953503714
"BM_Neu_057.fcs",57,"mature neutrophils","Comp-BUV563-A",242,"MFI","Femur","mouse15","rep3","WTzymozan24","male",NA,0,NA,"300GS",450,50,1970,"BUV563-A","CD106",1.25602887485699
"BM_Neu_057.fcs",57,"mature neutrophils","Comp-BUV615-A",353,"MFI","Femur","mouse15","rep3","WTzymozan24","male",NA,0,NA,"300GS",450,50,1970,"BUV615-A","CCR5",1.59133899190743
"BM_Neu_057.fcs",57,"mature neutrophils","Comp-BUV661-A",3081,"MFI","Femur","mouse15","rep3","WTzymozan24","male",NA,0,NA,"300GS",450,50,1970,"BUV661-A","CD74",3.71611342832143
"BM_Neu_057.fcs",57,"mature neutrophils","Comp-BUV737-A",6309,"MFI","Femur","mouse15","rep3","WTzymozan24","male",NA,0,NA,"300GS",450,50,1970,"BUV737-A","Ly6G",4.43238564018537
"BM_Neu_057.fcs",57,"mature neutrophils","Comp-BUV805-A",14812,"MFI","Femur","mouse15","rep3","WTzymozan24","male",NA,0,NA,"300GS",450,50,1970,"BUV805-A","CD45",5.28573046615925
"BM_Neu_057.fcs",57,"mature neutrophils","Comp-BV421-A",1360,"MFI","Femur","mouse15","rep3","WTzymozan24","male",NA,0,NA,"300GS",450,50,1970,"BV421-A","PDL1",2.90077928297886
"BM_Neu_057.fcs",57,"mature neutrophils","Comp-BV570-A",1182,"MFI","Femur","mouse15","rep3","WTzymozan24","male",NA,0,NA,"300GS",450,50,1970,"BV570-A","CD44",2.76147711309862
"BM_Neu_057.fcs",57,"mature neutrophils","Comp-BV605-A",1242,"MFI","Femur","mouse15","rep3","WTzymozan24","male",NA,0,NA,"300GS",450,50,1970,"BV605-A","CD115",2.81061688949772
"BM_Neu_057.fcs",57,"mature neutrophils","Comp-BV650-A",10508,"MFI","Femur","mouse15","rep3","WTzymozan24","male",NA,0,NA,"300GS",450,50,1970,"BV650-A","Ly6C",4.94245497612836
"BM_Neu_057.fcs",57,"mature neutrophils","Comp-BV711-A",1058,"MFI","Femur","mouse15","rep3","WTzymozan24","male",NA,0,NA,"300GS",450,50,1970,"BV711-A","CD39",2.65163521280817
"BM_Neu_057.fcs",57,"mature neutrophils","Comp-BV786-A",5735,"MFI","Femur","mouse15","rep3","WTzymozan24","male",NA,0,NA,"300GS",450,50,1970,"BV786-A","CD11b",4.33702589562787
"BM_Neu_057.fcs",57,"mature neutrophils","Comp-FITC-A",-58.9,"MFI","Femur","mouse15","rep3","WTzymozan24","male",NA,0,NA,"300GS",450,50,1970,"FITC-A","CX3CR1",-0.383217912910758
"BM_Neu_057.fcs",57,"mature neutrophils","Comp-PE-A",625,"MFI","Femur","mouse15","rep3","WTzymozan24","male",NA,0,NA,"300GS",450,50,1970,"PE-A","DC-Trail-R1",2.1343620881928
"BM_Neu_057.fcs",57,"mature neutrophils","Comp-PE-Cy5-A",-621,"MFI","Femur","mouse15","rep3","WTzymozan24","male",NA,0,NA,"300GS",450,50,1970,"PE-Cy5-A","CD150",-2.12811990547602
"BM_Neu_057.fcs",57,"mature neutrophils","Comp-PE-Cy7-A",220,"MFI","Femur","mouse15","rep3","WTzymozan24","male",NA,0,NA,"300GS",450,50,1970,"PE-Cy7-A","CD101",1.17612983976723
"BM_Neu_057.fcs",57,"mature neutrophils","Comp-PE-Texas Red-A",2034,"MFI","Femur","mouse15","rep3","WTzymozan24","male",NA,0,NA,"300GS",450,50,1970,"PE-Texas Red-A","ICAM1",3.30162832818984
"BM_Neu_058.fcs",58,"mature neutrophils","Comp-APC-A",-70.5,"MFI","Lumbar","mouse15","rep3","WTzymozan24","male",NA,0,NA,"300GS",450,40,1970,"APC-A","CD117",-0.454219358912955
"BM_Neu_058.fcs",58,"mature neutrophils","Comp-APC-Cy7-A",924,"MFI","Lumbar","mouse15","rep3","WTzymozan24","male",NA,0,NA,"300GS",450,40,1970,"APC-Cy7-A","CD14",2.51774816423614
"BM_Neu_058.fcs",58,"mature neutrophils","Comp-BB700-A",759,"MFI","Lumbar","mouse15","rep3","WTzymozan24","male",NA,0,NA,"300GS",450,40,1970,"BB700-A","CD16/32",2.32413793057374
"BM_Neu_058.fcs",58,"mature neutrophils","Comp-BUV395-A",-98.1,"MFI","Lumbar","mouse15","rep3","WTzymozan24","male",NA,0,NA,"300GS",450,40,1970,"BUV395-A","Sca1",-0.614575022595084
"BM_Neu_058.fcs",58,"mature neutrophils","Comp-BUV496-A",1120,"MFI","Lumbar","mouse15","rep3","WTzymozan24","male",NA,0,NA,"300GS",450,40,1970,"BUV496-A","MHCII",2.70805020110221
"BM_Neu_058.fcs",58,"mature neutrophils","Comp-BUV563-A",185,"MFI","Lumbar","mouse15","rep3","WTzymozan24","male",NA,0,NA,"300GS",450,40,1970,"BUV563-A","CD106",1.03713894897266
"BM_Neu_058.fcs",58,"mature neutrophils","Comp-BUV615-A",309,"MFI","Lumbar","mouse15","rep3","WTzymozan24","male",NA,0,NA,"300GS",450,40,1970,"BUV615-A","CCR5",1.47015074756542
"BM_Neu_058.fcs",58,"mature neutrophils","Comp-BUV661-A",2723,"MFI","Lumbar","mouse15","rep3","WTzymozan24","male",NA,0,NA,"300GS",450,40,1970,"BUV661-A","CD74",3.59275914248519
"BM_Neu_058.fcs",58,"mature neutrophils","Comp-BUV737-A",6793,"MFI","Lumbar","mouse15","rep3","WTzymozan24","male",NA,0,NA,"300GS",450,40,1970,"BUV737-A","Ly6G",4.50628171213481
"BM_Neu_058.fcs",58,"mature neutrophils","Comp-BUV805-A",14940,"MFI","Lumbar","mouse15","rep3","WTzymozan24","male",NA,0,NA,"300GS",450,40,1970,"BUV805-A","CD45",5.29433454540433
"BM_Neu_058.fcs",58,"mature neutrophils","Comp-BV421-A",1345,"MFI","Lumbar","mouse15","rep3","WTzymozan24","male",NA,0,NA,"300GS",450,40,1970,"BV421-A","PDL1",2.88975618502061
"BM_Neu_058.fcs",58,"mature neutrophils","Comp-BV570-A",1057,"MFI","Lumbar","mouse15","rep3","WTzymozan24","male",NA,0,NA,"300GS",450,40,1970,"BV570-A","CD44",2.65069895794865
"BM_Neu_058.fcs",58,"mature neutrophils","Comp-BV605-A",1093,"MFI","Lumbar","mouse15","rep3","WTzymozan24","male",NA,0,NA,"300GS",450,40,1970,"BV605-A","CD115",2.68386895942071
"BM_Neu_058.fcs",58,"mature neutrophils","Comp-BV650-A",9748,"MFI","Lumbar","mouse15","rep3","WTzymozan24","male",NA,0,NA,"300GS",450,40,1970,"BV650-A","Ly6C",4.86738849183388
"BM_Neu_058.fcs",58,"mature neutrophils","Comp-BV711-A",975,"MFI","Lumbar","mouse15","rep3","WTzymozan24","male",NA,0,NA,"300GS",450,40,1970,"BV711-A","CD39",2.5708146780957
"BM_Neu_058.fcs",58,"mature neutrophils","Comp-BV786-A",5794,"MFI","Lumbar","mouse15","rep3","WTzymozan24","male",NA,0,NA,"300GS",450,40,1970,"BV786-A","CD11b",4.34725758084057
"BM_Neu_058.fcs",58,"mature neutrophils","Comp-FITC-A",-53.1,"MFI","Lumbar","mouse15","rep3","WTzymozan24","male",NA,0,NA,"300GS",450,40,1970,"FITC-A","CX3CR1",-0.346994628108774
"BM_Neu_058.fcs",58,"mature neutrophils","Comp-PE-A",559,"MFI","Lumbar","mouse15","rep3","WTzymozan24","male",NA,0,NA,"300GS",450,40,1970,"PE-A","DC-Trail-R1",2.02619496491868
"BM_Neu_058.fcs",58,"mature neutrophils","Comp-PE-Cy5-A",-562,"MFI","Lumbar","mouse15","rep3","WTzymozan24","male",NA,0,NA,"300GS",450,40,1970,"PE-Cy5-A","CD150",-2.0313653894618
"BM_Neu_058.fcs",58,"mature neutrophils","Comp-PE-Cy7-A",221,"MFI","Lumbar","mouse15","rep3","WTzymozan24","male",NA,0,NA,"300GS",450,40,1970,"PE-Cy7-A","CD101",1.17987960113232
"BM_Neu_058.fcs",58,"mature neutrophils","Comp-PE-Texas Red-A",1803,"MFI","Lumbar","mouse15","rep3","WTzymozan24","male",NA,0,NA,"300GS",450,40,1970,"PE-Texas Red-A","ICAM1",3.18144497426069
"BM_Neu_059.fcs",59,"mature neutrophils","Comp-APC-A",-136,"MFI","Sternum","mouse15","rep3","WTzymozan24","male",NA,0,NA,"300GS",150,80,1970,"APC-A","CD117",-0.813814023750864
"BM_Neu_059.fcs",59,"mature neutrophils","Comp-APC-Cy7-A",1033,"MFI","Sternum","mouse15","rep3","WTzymozan24","male",NA,0,NA,"300GS",150,80,1970,"APC-Cy7-A","CD14",2.62796450685314
"BM_Neu_059.fcs",59,"mature neutrophils","Comp-BB700-A",766,"MFI","Sternum","mouse15","rep3","WTzymozan24","male",NA,0,NA,"300GS",150,80,1970,"BB700-A","CD16/32",2.33314567489004
"BM_Neu_059.fcs",59,"mature neutrophils","Comp-BUV395-A",-37.8,"MFI","Sternum","mouse15","rep3","WTzymozan24","male",NA,0,NA,"300GS",150,80,1970,"BUV395-A","Sca1",-0.249406289008478
"BM_Neu_059.fcs",59,"mature neutrophils","Comp-BUV496-A",1147,"MFI","Sternum","mouse15","rep3","WTzymozan24","male",NA,0,NA,"300GS",150,80,1970,"BUV496-A","MHCII",2.73166542671969
"BM_Neu_059.fcs",59,"mature neutrophils","Comp-BUV563-A",189,"MFI","Sternum","mouse15","rep3","WTzymozan24","male",NA,0,NA,"300GS",150,80,1970,"BUV563-A","CD106",1.05382476034608
"BM_Neu_059.fcs",59,"mature neutrophils","Comp-BUV615-A",424,"MFI","Sternum","mouse15","rep3","WTzymozan24","male",NA,0,NA,"300GS",150,80,1970,"BUV615-A","CCR5",1.76216019229166
"BM_Neu_059.fcs",59,"mature neutrophils","Comp-BUV661-A",3596,"MFI","Sternum","mouse15","rep3","WTzymozan24","male",NA,0,NA,"300GS",150,80,1970,"BUV661-A","CD74",3.87052399239357
"BM_Neu_059.fcs",59,"mature neutrophils","Comp-BUV737-A",7866,"MFI","Sternum","mouse15","rep3","WTzymozan24","male",NA,0,NA,"300GS",150,80,1970,"BUV737-A","Ly6G",4.65290773768565
"BM_Neu_059.fcs",59,"mature neutrophils","Comp-BUV805-A",17842,"MFI","Sternum","mouse15","rep3","WTzymozan24","male",NA,0,NA,"300GS",150,80,1970,"BUV805-A","CD45",5.47184006342463
"BM_Neu_059.fcs",59,"mature neutrophils","Comp-BV421-A",1722,"MFI","Sternum","mouse15","rep3","WTzymozan24","male",NA,0,NA,"300GS",150,80,1970,"BV421-A","PDL1",3.13564514797754
"BM_Neu_059.fcs",59,"mature neutrophils","Comp-BV570-A",1254,"MFI","Sternum","mouse15","rep3","WTzymozan24","male",NA,0,NA,"300GS",150,80,1970,"BV570-A","CD44",2.82016363578179
"BM_Neu_059.fcs",59,"mature neutrophils","Comp-BV605-A",1336,"MFI","Sternum","mouse15","rep3","WTzymozan24","male",NA,0,NA,"300GS",150,80,1970,"BV605-A","CD115",2.88308389075229
"BM_Neu_059.fcs",59,"mature neutrophils","Comp-BV650-A",12200,"MFI","Sternum","mouse15","rep3","WTzymozan24","male",NA,0,NA,"300GS",150,80,1970,"BV650-A","Ly6C",5.09174090730298
"BM_Neu_059.fcs",59,"mature neutrophils","Comp-BV711-A",1170,"MFI","Sternum","mouse15","rep3","WTzymozan24","male",NA,0,NA,"300GS",150,80,1970,"BV711-A","CD39",2.75135495425924
"BM_Neu_059.fcs",59,"mature neutrophils","Comp-BV786-A",7228,"MFI","Sternum","mouse15","rep3","WTzymozan24","male",NA,0,NA,"300GS",150,80,1970,"BV786-A","CD11b",4.56833718869054
"BM_Neu_059.fcs",59,"mature neutrophils","Comp-FITC-A",-58.1,"MFI","Sternum","mouse15","rep3","WTzymozan24","male",NA,0,NA,"300GS",150,80,1970,"FITC-A","CX3CR1",-0.378249091703909
"BM_Neu_059.fcs",59,"mature neutrophils","Comp-PE-A",663,"MFI","Sternum","mouse15","rep3","WTzymozan24","male",NA,0,NA,"300GS",150,80,1970,"PE-A","DC-Trail-R1",2.19184463065673
"BM_Neu_059.fcs",59,"mature neutrophils","Comp-PE-Cy5-A",-636,"MFI","Sternum","mouse15","rep3","WTzymozan24","male",NA,0,NA,"300GS",150,80,1970,"PE-Cy5-A","CD150",-2.15133522020368
"BM_Neu_059.fcs",59,"mature neutrophils","Comp-PE-Cy7-A",224,"MFI","Sternum","mouse15","rep3","WTzymozan24","male",NA,0,NA,"300GS",150,80,1970,"PE-Cy7-A","CD101",1.19105951766036
"BM_Neu_059.fcs",59,"mature neutrophils","Comp-PE-Texas Red-A",2135,"MFI","Sternum","mouse15","rep3","WTzymozan24","male",NA,0,NA,"300GS",150,80,1970,"PE-Texas Red-A","ICAM1",3.34996556709852
"BM_Neu_060.fcs",60,"mature neutrophils","Comp-APC-A",-129,"MFI","Calvaria","mouse15","rep3","WTzymozan24","male",NA,0,NA,"300GS",300,80,1970,"APC-A","CD117",-0.778838046163972
"BM_Neu_060.fcs",60,"mature neutrophils","Comp-APC-Cy7-A",933,"MFI","Calvaria","mouse15","rep3","WTzymozan24","male",NA,0,NA,"300GS",300,80,1970,"APC-Cy7-A","CD14",2.52731722301614
"BM_Neu_060.fcs",60,"mature neutrophils","Comp-BB700-A",803,"MFI","Calvaria","mouse15","rep3","WTzymozan24","male",NA,0,NA,"300GS",300,80,1970,"BB700-A","CD16/32",2.37947812777686
"BM_Neu_060.fcs",60,"mature neutrophils","Comp-BUV395-A",80.3,"MFI","Calvaria","mouse15","rep3","WTzymozan24","male",NA,0,NA,"300GS",300,80,1970,"BUV395-A","Sca1",0.51258959659215
"BM_Neu_060.fcs",60,"mature neutrophils","Comp-BUV496-A",1242,"MFI","Calvaria","mouse15","rep3","WTzymozan24","male",NA,0,NA,"300GS",300,80,1970,"BUV496-A","MHCII",2.81061688949772
"BM_Neu_060.fcs",60,"mature neutrophils","Comp-BUV563-A",182,"MFI","Calvaria","mouse15","rep3","WTzymozan24","male",NA,0,NA,"300GS",300,80,1970,"BUV563-A","CD106",1.02448101985769
"BM_Neu_060.fcs",60,"mature neutrophils","Comp-BUV615-A",333,"MFI","Calvaria","mouse15","rep3","WTzymozan24","male",NA,0,NA,"300GS",300,80,1970,"BUV615-A","CCR5",1.53790551685289
"BM_Neu_060.fcs",60,"mature neutrophils","Comp-BUV661-A",3621,"MFI","Calvaria","mouse15","rep3","WTzymozan24","male",NA,0,NA,"300GS",300,80,1970,"BUV661-A","CD74",3.87744612850558
"BM_Neu_060.fcs",60,"mature neutrophils","Comp-BUV737-A",6146,"MFI","Calvaria","mouse15","rep3","WTzymozan24","male",NA,0,NA,"300GS",300,80,1970,"BUV737-A","Ly6G",4.40621751054828
"BM_Neu_060.fcs",60,"mature neutrophils","Comp-BUV805-A",17760,"MFI","Calvaria","mouse15","rep3","WTzymozan24","male",NA,0,NA,"300GS",300,80,1970,"BUV805-A","CD45",5.46723373603355
"BM_Neu_060.fcs",60,"mature neutrophils","Comp-BV421-A",1551,"MFI","Calvaria","mouse15","rep3","WTzymozan24","male",NA,0,NA,"300GS",300,80,1970,"BV421-A","PDL1",3.03149718358408
"BM_Neu_060.fcs",60,"mature neutrophils","Comp-BV570-A",1509,"MFI","Calvaria","mouse15","rep3","WTzymozan24","male",NA,0,NA,"300GS",300,80,1970,"BV570-A","CD44",3.00417550967626
"BM_Neu_060.fcs",60,"mature neutrophils","Comp-BV605-A",1734,"MFI","Calvaria","mouse15","rep3","WTzymozan24","male",NA,0,NA,"300GS",300,80,1970,"BV605-A","CD115",3.14256360274422
"BM_Neu_060.fcs",60,"mature neutrophils","Comp-BV650-A",11519,"MFI","Calvaria","mouse15","rep3","WTzymozan24","male",NA,0,NA,"300GS",300,80,1970,"BV650-A","Ly6C",5.03430740157945
"BM_Neu_060.fcs",60,"mature neutrophils","Comp-BV711-A",951,"MFI","Calvaria","mouse15","rep3","WTzymozan24","male",NA,0,NA,"300GS",300,80,1970,"BV711-A","CD39",2.5461882994694
"BM_Neu_060.fcs",60,"mature neutrophils","Comp-BV786-A",6740,"MFI","Calvaria","mouse15","rep3","WTzymozan24","male",NA,0,NA,"300GS",300,80,1970,"BV786-A","CD11b",4.49845089078053
"BM_Neu_060.fcs",60,"mature neutrophils","Comp-FITC-A",-57,"MFI","Calvaria","mouse15","rep3","WTzymozan24","male",NA,0,NA,"300GS",300,80,1970,"FITC-A","CX3CR1",-0.37140239146356
"BM_Neu_060.fcs",60,"mature neutrophils","Comp-PE-A",623,"MFI","Calvaria","mouse15","rep3","WTzymozan24","male",NA,0,NA,"300GS",300,80,1970,"PE-A","DC-Trail-R1",2.13124573211198
"BM_Neu_060.fcs",60,"mature neutrophils","Comp-PE-Cy5-A",-732,"MFI","Calvaria","mouse15","rep3","WTzymozan24","male",NA,0,NA,"300GS",300,80,1970,"PE-Cy5-A","CD150",-2.28862869640576
"BM_Neu_060.fcs",60,"mature neutrophils","Comp-PE-Cy7-A",223,"MFI","Calvaria","mouse15","rep3","WTzymozan24","male",NA,0,NA,"300GS",300,80,1970,"PE-Cy7-A","CD101",1.18734438498186
"BM_Neu_060.fcs",60,"mature neutrophils","Comp-PE-Texas Red-A",2520,"MFI","Calvaria","mouse15","rep3","WTzymozan24","male",NA,0,NA,"300GS",300,80,1970,"PE-Texas Red-A","ICAM1",3.51541066337007
"BM_Neu_061.fcs",61,"mature neutrophils","Comp-APC-A",-96.7,"MFI","Femur","mouse16","rep4","WTzymozan24","male",NA,0,NA,"300GS",450,50,1970,"APC-A","CD117",-0.606747167321785
"BM_Neu_061.fcs",61,"mature neutrophils","Comp-APC-Cy7-A",964,"MFI","Femur","mouse16","rep4","WTzymozan24","male",NA,0,NA,"300GS",450,50,1970,"APC-Cy7-A","CD14",2.55960192024362
"BM_Neu_061.fcs",61,"mature neutrophils","Comp-BB700-A",796,"MFI","Femur","mouse16","rep4","WTzymozan24","male",NA,0,NA,"300GS",450,50,1970,"BB700-A","CD16/32",2.37087275013189
"BM_Neu_061.fcs",61,"mature neutrophils","Comp-BUV395-A",-104,"MFI","Femur","mouse16","rep4","WTzymozan24","male",NA,0,NA,"300GS",450,50,1970,"BUV395-A","Sca1",-0.64719646764004
"BM_Neu_061.fcs",61,"mature neutrophils","Comp-BUV496-A",1164,"MFI","Femur","mouse16","rep4","WTzymozan24","male",NA,0,NA,"300GS",450,50,1970,"BUV496-A","MHCII",2.74625550706845
"BM_Neu_061.fcs",61,"mature neutrophils","Comp-BUV563-A",237,"MFI","Femur","mouse16","rep4","WTzymozan24","male",NA,0,NA,"300GS",450,50,1970,"BUV563-A","CD106",1.23833547822897
"BM_Neu_061.fcs",61,"mature neutrophils","Comp-BUV615-A",356,"MFI","Femur","mouse16","rep4","WTzymozan24","male",NA,0,NA,"300GS",450,50,1970,"BUV615-A","CCR5",1.59913266966964
"BM_Neu_061.fcs",61,"mature neutrophils","Comp-BUV661-A",2960,"MFI","Femur","mouse16","rep4","WTzymozan24","male",NA,0,NA,"300GS",450,50,1970,"BUV661-A","CD74",3.67609782243106
"BM_Neu_061.fcs",61,"mature neutrophils","Comp-BUV737-A",7164,"MFI","Femur","mouse16","rep4","WTzymozan24","male",NA,0,NA,"300GS",450,50,1970,"BUV737-A","Ly6G",4.55944523183688
"BM_Neu_061.fcs",61,"mature neutrophils","Comp-BUV805-A",14860,"MFI","Femur","mouse16","rep4","WTzymozan24","male",NA,0,NA,"300GS",450,50,1970,"BUV805-A","CD45",5.28896567704443
"BM_Neu_061.fcs",61,"mature neutrophils","Comp-BV421-A",1238,"MFI","Femur","mouse16","rep4","WTzymozan24","male",NA,0,NA,"300GS",450,50,1970,"BV421-A","PDL1",2.80741442638517
"BM_Neu_061.fcs",61,"mature neutrophils","Comp-BV570-A",1133,"MFI","Femur","mouse16","rep4","WTzymozan24","male",NA,0,NA,"300GS",450,50,1970,"BV570-A","CD44",2.71948952562955
"BM_Neu_061.fcs",61,"mature neutrophils","Comp-BV605-A",1187,"MFI","Femur","mouse16","rep4","WTzymozan24","male",NA,0,NA,"300GS",450,50,1970,"BV605-A","CD115",2.76566486439712
"BM_Neu_061.fcs",61,"mature neutrophils","Comp-BV650-A",10251,"MFI","Femur","mouse16","rep4","WTzymozan24","male",NA,0,NA,"300GS",450,50,1970,"BV650-A","Ly6C",4.91769595206412
"BM_Neu_061.fcs",61,"mature neutrophils","Comp-BV711-A",962,"MFI","Femur","mouse16","rep4","WTzymozan24","male",NA,0,NA,"300GS",450,50,1970,"BV711-A","CD39",2.55754982135326
"BM_Neu_061.fcs",61,"mature neutrophils","Comp-BV786-A",5445,"MFI","Femur","mouse16","rep4","WTzymozan24","male",NA,0,NA,"300GS",450,50,1970,"BV786-A","CD11b",4.28515459381942
"BM_Neu_061.fcs",61,"mature neutrophils","Comp-FITC-A",-54.9,"MFI","Femur","mouse16","rep4","WTzymozan24","male",NA,0,NA,"300GS",450,50,1970,"FITC-A","CX3CR1",-0.358285237721402
"BM_Neu_061.fcs",61,"mature neutrophils","Comp-PE-A",515,"MFI","Femur","mouse16","rep4","WTzymozan24","male",NA,0,NA,"300GS",450,50,1970,"PE-A","DC-Trail-R1",1.94724262975191
"BM_Neu_061.fcs",61,"mature neutrophils","Comp-PE-Cy5-A",-610,"MFI","Femur","mouse16","rep4","WTzymozan24","male",NA,0,NA,"300GS",450,50,1970,"PE-Cy5-A","CD150",-2.11075604367267
"BM_Neu_061.fcs",61,"mature neutrophils","Comp-PE-Cy7-A",201,"MFI","Femur","mouse16","rep4","WTzymozan24","male",NA,0,NA,"300GS",450,50,1970,"PE-Cy7-A","CD101",1.10260589847628
"BM_Neu_061.fcs",61,"mature neutrophils","Comp-PE-Texas Red-A",2023,"MFI","Femur","mouse16","rep4","WTzymozan24","male",NA,0,NA,"300GS",450,50,1970,"PE-Texas Red-A","ICAM1",3.29622035430858
"BM_Neu_062.fcs",62,"mature neutrophils","Comp-APC-A",-90.4,"MFI","Lumbar","mouse16","rep4","WTzymozan24","male",NA,0,NA,"300GS",450,40,1970,"APC-A","CD117",-0.571110201039883
"BM_Neu_062.fcs",62,"mature neutrophils","Comp-APC-Cy7-A",933,"MFI","Lumbar","mouse16","rep4","WTzymozan24","male",NA,0,NA,"300GS",450,40,1970,"APC-Cy7-A","CD14",2.52731722301614
"BM_Neu_062.fcs",62,"mature neutrophils","Comp-BB700-A",795,"MFI","Lumbar","mouse16","rep4","WTzymozan24","male",NA,0,NA,"300GS",450,40,1970,"BB700-A","CD16/32",2.36963744780851
"BM_Neu_062.fcs",62,"mature neutrophils","Comp-BUV395-A",-95.2,"MFI","Lumbar","mouse16","rep4","WTzymozan24","male",NA,0,NA,"300GS",450,40,1970,"BUV395-A","Sca1",-0.598323181848619
"BM_Neu_062.fcs",62,"mature neutrophils","Comp-BUV496-A",1194,"MFI","Lumbar","mouse16","rep4","WTzymozan24","male",NA,0,NA,"300GS",450,40,1970,"BUV496-A","MHCII",2.77149863877487
"BM_Neu_062.fcs",62,"mature neutrophils","Comp-BUV563-A",158,"MFI","Lumbar","mouse16","rep4","WTzymozan24","male",NA,0,NA,"300GS",450,40,1970,"BUV563-A","CD106",0.918587670179365
"BM_Neu_062.fcs",62,"mature neutrophils","Comp-BUV615-A",402,"MFI","Lumbar","mouse16","rep4","WTzymozan24","male",NA,0,NA,"300GS",450,40,1970,"BUV615-A","CCR5",1.71208284859016
"BM_Neu_062.fcs",62,"mature neutrophils","Comp-BUV661-A",3107,"MFI","Lumbar","mouse16","rep4","WTzymozan24","male",NA,0,NA,"300GS",450,40,1970,"BUV661-A","CD74",3.72450698051238
"BM_Neu_062.fcs",62,"mature neutrophils","Comp-BUV737-A",7073,"MFI","Lumbar","mouse16","rep4","WTzymozan24","male",NA,0,NA,"300GS",450,40,1970,"BUV737-A","Ly6G",4.54666430308412
"BM_Neu_062.fcs",62,"mature neutrophils","Comp-BUV805-A",15649,"MFI","Lumbar","mouse16","rep4","WTzymozan24","male",NA,0,NA,"300GS",450,40,1970,"BUV805-A","CD45",5.34069715121937
"BM_Neu_062.fcs",62,"mature neutrophils","Comp-BV421-A",1242,"MFI","Lumbar","mouse16","rep4","WTzymozan24","male",NA,0,NA,"300GS",450,40,1970,"BV421-A","PDL1",2.81061688949772
"BM_Neu_062.fcs",62,"mature neutrophils","Comp-BV570-A",1223,"MFI","Lumbar","mouse16","rep4","WTzymozan24","male",NA,0,NA,"300GS",450,40,1970,"BV570-A","CD44",2.79531369131312
"BM_Neu_062.fcs",62,"mature neutrophils","Comp-BV605-A",1297,"MFI","Lumbar","mouse16","rep4","WTzymozan24","male",NA,0,NA,"300GS",450,40,1970,"BV605-A","CD115",2.85364824021187
"BM_Neu_062.fcs",62,"mature neutrophils","Comp-BV650-A",10900,"MFI","Lumbar","mouse16","rep4","WTzymozan24","male",NA,0,NA,"300GS",450,40,1970,"BV650-A","Ly6C",4.97907729581865
"BM_Neu_062.fcs",62,"mature neutrophils","Comp-BV711-A",858,"MFI","Lumbar","mouse16","rep4","WTzymozan24","male",NA,0,NA,"300GS",450,40,1970,"BV711-A","CD39",2.44467082783007
"BM_Neu_062.fcs",62,"mature neutrophils","Comp-BV786-A",5598,"MFI","Lumbar","mouse16","rep4","WTzymozan24","male",NA,0,NA,"300GS",450,40,1970,"BV786-A","CD11b",4.31285600504126
"BM_Neu_062.fcs",62,"mature neutrophils","Comp-FITC-A",-53.2,"MFI","Lumbar","mouse16","rep4","WTzymozan24","male",NA,0,NA,"300GS",450,40,1970,"FITC-A","CX3CR1",-0.347623013287
"BM_Neu_062.fcs",62,"mature neutrophils","Comp-PE-A",591,"MFI","Lumbar","mouse16","rep4","WTzymozan24","male",NA,0,NA,"300GS",450,40,1970,"PE-A","DC-Trail-R1",2.08005674284283
"BM_Neu_062.fcs",62,"mature neutrophils","Comp-PE-Cy5-A",-605,"MFI","Lumbar","mouse16","rep4","WTzymozan24","male",NA,0,NA,"300GS",450,40,1970,"PE-Cy5-A","CD150",-2.10276552380579
"BM_Neu_062.fcs",62,"mature neutrophils","Comp-PE-Cy7-A",205,"MFI","Lumbar","mouse16","rep4","WTzymozan24","male",NA,0,NA,"300GS",450,40,1970,"PE-Cy7-A","CD101",1.11845351198985
"BM_Neu_062.fcs",62,"mature neutrophils","Comp-PE-Texas Red-A",1934,"MFI","Lumbar","mouse16","rep4","WTzymozan24","male",NA,0,NA,"300GS",450,40,1970,"PE-Texas Red-A","ICAM1",3.25135804888951
"BM_Neu_063.fcs",63,"mature neutrophils","Comp-APC-A",-129,"MFI","Sternum","mouse16","rep4","WTzymozan24","male",NA,0,NA,"300GS",150,80,1970,"APC-A","CD117",-0.778838046163972
"BM_Neu_063.fcs",63,"mature neutrophils","Comp-APC-Cy7-A",1228,"MFI","Sternum","mouse16","rep4","WTzymozan24","male",NA,0,NA,"300GS",150,80,1970,"APC-Cy7-A","CD14",2.79936344119654
"BM_Neu_063.fcs",63,"mature neutrophils","Comp-BB700-A",791,"MFI","Sternum","mouse16","rep4","WTzymozan24","male",NA,0,NA,"300GS",150,80,1970,"BB700-A","CD16/32",2.36468118920076
"BM_Neu_063.fcs",63,"mature neutrophils","Comp-BUV395-A",-92,"MFI","Sternum","mouse16","rep4","WTzymozan24","male",NA,0,NA,"300GS",150,80,1970,"BUV395-A","Sca1",-0.580224461115063
"BM_Neu_063.fcs",63,"mature neutrophils","Comp-BUV496-A",1189,"MFI","Sternum","mouse16","rep4","WTzymozan24","male",NA,0,NA,"300GS",150,80,1970,"BUV496-A","MHCII",2.76733510540605
"BM_Neu_063.fcs",63,"mature neutrophils","Comp-BUV563-A",186,"MFI","Sternum","mouse16","rep4","WTzymozan24","male",NA,0,NA,"300GS",150,80,1970,"BUV563-A","CD106",1.04133079200879
"BM_Neu_063.fcs",63,"mature neutrophils","Comp-BUV615-A",411,"MFI","Sternum","mouse16","rep4","WTzymozan24","male",NA,0,NA,"300GS",150,80,1970,"BUV615-A","CCR5",1.73285465699013
"BM_Neu_063.fcs",63,"mature neutrophils","Comp-BUV661-A",3522,"MFI","Sternum","mouse16","rep4","WTzymozan24","male",NA,0,NA,"300GS",150,80,1970,"BUV661-A","CD74",3.8497493324379
"BM_Neu_063.fcs",63,"mature neutrophils","Comp-BUV737-A",8485,"MFI","Sternum","mouse16","rep4","WTzymozan24","male",NA,0,NA,"300GS",150,80,1970,"BUV737-A","Ly6G",4.72864518515867
"BM_Neu_063.fcs",63,"mature neutrophils","Comp-BUV805-A",16744,"MFI","Sternum","mouse16","rep4","WTzymozan24","male",NA,0,NA,"300GS",150,80,1970,"BUV805-A","CD45",5.40832721336562
"BM_Neu_063.fcs",63,"mature neutrophils","Comp-BV421-A",1509,"MFI","Sternum","mouse16","rep4","WTzymozan24","male",NA,0,NA,"300GS",150,80,1970,"BV421-A","PDL1",3.00417550967626
"BM_Neu_063.fcs",63,"mature neutrophils","Comp-BV570-A",1185,"MFI","Sternum","mouse16","rep4","WTzymozan24","male",NA,0,NA,"300GS",150,80,1970,"BV570-A","CD44",2.76399185110002
"BM_Neu_063.fcs",63,"mature neutrophils","Comp-BV605-A",1203,"MFI","Sternum","mouse16","rep4","WTzymozan24","male",NA,0,NA,"300GS",150,80,1970,"BV605-A","CD115",2.77894992721496
"BM_Neu_063.fcs",63,"mature neutrophils","Comp-BV650-A",12394,"MFI","Sternum","mouse16","rep4","WTzymozan24","male",NA,0,NA,"300GS",150,80,1970,"BV650-A","Ly6C",5.10751626638962
"BM_Neu_063.fcs",63,"mature neutrophils","Comp-BV711-A",1068,"MFI","Sternum","mouse16","rep4","WTzymozan24","male",NA,0,NA,"300GS",150,80,1970,"BV711-A","CD39",2.66095033212811
"BM_Neu_063.fcs",63,"mature neutrophils","Comp-BV786-A",6356,"MFI","Sternum","mouse16","rep4","WTzymozan24","male",NA,0,NA,"300GS",150,80,1970,"BV786-A","CD11b",4.43980562207846
"BM_Neu_063.fcs",63,"mature neutrophils","Comp-FITC-A",-59.2,"MFI","Sternum","mouse16","rep4","WTzymozan24","male",NA,0,NA,"300GS",150,80,1970,"FITC-A","CX3CR1",-0.385078902565005
"BM_Neu_063.fcs",63,"mature neutrophils","Comp-PE-A",565,"MFI","Sternum","mouse16","rep4","WTzymozan24","male",NA,0,NA,"300GS",150,80,1970,"PE-A","DC-Trail-R1",2.03651011324754
"BM_Neu_063.fcs",63,"mature neutrophils","Comp-PE-Cy5-A",-634,"MFI","Sternum","mouse16","rep4","WTzymozan24","male",NA,0,NA,"300GS",150,80,1970,"PE-Cy5-A","CD150",-2.14826997139952
"BM_Neu_063.fcs",63,"mature neutrophils","Comp-PE-Cy7-A",228,"MFI","Sternum","mouse16","rep4","WTzymozan24","male",NA,0,NA,"300GS",150,80,1970,"PE-Cy7-A","CD101",1.20580626246
"BM_Neu_063.fcs",63,"mature neutrophils","Comp-PE-Texas Red-A",2051,"MFI","Sternum","mouse16","rep4","WTzymozan24","male",NA,0,NA,"300GS",150,80,1970,"PE-Texas Red-A","ICAM1",3.30992915449269
"BM_Neu_064.fcs",64,"mature neutrophils","Comp-APC-A",-105,"MFI","Calvaria","mouse16","rep4","WTzymozan24","male",NA,0,NA,"300GS",300,80,1970,"APC-A","CD117",-0.652666566082356
"BM_Neu_064.fcs",64,"mature neutrophils","Comp-APC-Cy7-A",1020,"MFI","Calvaria","mouse16","rep4","WTzymozan24","male",NA,0,NA,"300GS",300,80,1970,"APC-Cy7-A","CD14",2.61543304000393
"BM_Neu_064.fcs",64,"mature neutrophils","Comp-BB700-A",801,"MFI","Calvaria","mouse16","rep4","WTzymozan24","male",NA,0,NA,"300GS",300,80,1970,"BB700-A","CD16/32",2.37702686641968
"BM_Neu_064.fcs",64,"mature neutrophils","Comp-BUV395-A",-46.9,"MFI","Calvaria","mouse16","rep4","WTzymozan24","male",NA,0,NA,"300GS",300,80,1970,"BUV395-A","Sca1",-0.307784143610327
"BM_Neu_064.fcs",64,"mature neutrophils","Comp-BUV496-A",1188,"MFI","Calvaria","mouse16","rep4","WTzymozan24","male",NA,0,NA,"300GS",300,80,1970,"BUV496-A","MHCII",2.76650033086783
"BM_Neu_064.fcs",64,"mature neutrophils","Comp-BUV563-A",157,"MFI","Calvaria","mouse16","rep4","WTzymozan24","male",NA,0,NA,"300GS",300,80,1970,"BUV563-A","CD106",0.91398996670902
"BM_Neu_064.fcs",64,"mature neutrophils","Comp-BUV615-A",385,"MFI","Calvaria","mouse16","rep4","WTzymozan24","male",NA,0,NA,"300GS",300,80,1970,"BUV615-A","CCR5",1.67170989043051
"BM_Neu_064.fcs",64,"mature neutrophils","Comp-BUV661-A",3178,"MFI","Calvaria","mouse16","rep4","WTzymozan24","male",NA,0,NA,"300GS",300,80,1970,"BUV661-A","CD74",3.74707571696695
"BM_Neu_064.fcs",64,"mature neutrophils","Comp-BUV737-A",7926,"MFI","Calvaria","mouse16","rep4","WTzymozan24","male",NA,0,NA,"300GS",300,80,1970,"BUV737-A","Ly6G",4.66050518763398
"BM_Neu_064.fcs",64,"mature neutrophils","Comp-BUV805-A",16480,"MFI","Calvaria","mouse16","rep4","WTzymozan24","male",NA,0,NA,"300GS",300,80,1970,"BUV805-A","CD45",5.39243540061964
"BM_Neu_064.fcs",64,"mature neutrophils","Comp-BV421-A",1481,"MFI","Calvaria","mouse16","rep4","WTzymozan24","male",NA,0,NA,"300GS",300,80,1970,"BV421-A","PDL1",2.98553944846405
"BM_Neu_064.fcs",64,"mature neutrophils","Comp-BV570-A",1347,"MFI","Calvaria","mouse16","rep4","WTzymozan24","male",NA,0,NA,"300GS",300,80,1970,"BV570-A","CD44",2.89123292772639
"BM_Neu_064.fcs",64,"mature neutrophils","Comp-BV605-A",1454,"MFI","Calvaria","mouse16","rep4","WTzymozan24","male",NA,0,NA,"300GS",300,80,1970,"BV605-A","CD115",2.9672356745752
"BM_Neu_064.fcs",64,"mature neutrophils","Comp-BV650-A",11220,"MFI","Calvaria","mouse16","rep4","WTzymozan24","male",NA,0,NA,"300GS",300,80,1970,"BV650-A","Ly6C",5.00800974497891
"BM_Neu_064.fcs",64,"mature neutrophils","Comp-BV711-A",884,"MFI","Calvaria","mouse16","rep4","WTzymozan24","male",NA,0,NA,"300GS",300,80,1970,"BV711-A","CD39",2.47409055226008
"BM_Neu_064.fcs",64,"mature neutrophils","Comp-BV786-A",6361,"MFI","Calvaria","mouse16","rep4","WTzymozan24","male",NA,0,NA,"300GS",300,80,1970,"BV786-A","CD11b",4.44059175238624
"BM_Neu_064.fcs",64,"mature neutrophils","Comp-FITC-A",-61.7,"MFI","Calvaria","mouse16","rep4","WTzymozan24","male",NA,0,NA,"300GS",300,80,1970,"FITC-A","CX3CR1",-0.400537381408878
"BM_Neu_064.fcs",64,"mature neutrophils","Comp-PE-A",573,"MFI","Calvaria","mouse16","rep4","WTzymozan24","male",NA,0,NA,"300GS",300,80,1970,"PE-A","DC-Trail-R1",2.05010558352926
"BM_Neu_064.fcs",64,"mature neutrophils","Comp-PE-Cy5-A",-665,"MFI","Calvaria","mouse16","rep4","WTzymozan24","male",NA,0,NA,"300GS",300,80,1970,"PE-Cy5-A","CD150",-2.19478264657833
"BM_Neu_064.fcs",64,"mature neutrophils","Comp-PE-Cy7-A",230,"MFI","Calvaria","mouse16","rep4","WTzymozan24","male",NA,0,NA,"300GS",300,80,1970,"PE-Cy7-A","CD101",1.21311212195106
"BM_Neu_064.fcs",64,"mature neutrophils","Comp-PE-Texas Red-A",2156,"MFI","Calvaria","mouse16","rep4","WTzymozan24","male",NA,0,NA,"300GS",300,80,1970,"PE-Texas Red-A","ICAM1",3.35972973828645
"BM_Neu_065.fcs",65,"mature neutrophils","Comp-APC-A",-96.5,"MFI","Femur","mouse17","rep1","5LOzymozan24","male",NA,0,NA,"300GS",450,50,1970,"APC-A","CD117",-0.605626179146675
"BM_Neu_065.fcs",65,"mature neutrophils","Comp-APC-Cy7-A",1111,"MFI","Femur","mouse17","rep1","5LOzymozan24","male",NA,0,NA,"300GS",450,50,1970,"APC-Cy7-A","CD14",2.700053997658
"BM_Neu_065.fcs",65,"mature neutrophils","Comp-BB700-A",720,"MFI","Femur","mouse17","rep1","5LOzymozan24","male",NA,0,NA,"300GS",450,50,1970,"BB700-A","CD16/32",2.2724413273866
"BM_Neu_065.fcs",65,"mature neutrophils","Comp-BUV395-A",-70.6,"MFI","Femur","mouse17","rep1","5LOzymozan24","male",NA,0,NA,"300GS",450,50,1970,"BUV395-A","Sca1",-0.454822630608587
"BM_Neu_065.fcs",65,"mature neutrophils","Comp-BUV496-A",1030,"MFI","Femur","mouse17","rep1","5LOzymozan24","male",NA,0,NA,"300GS",450,50,1970,"BUV496-A","MHCII",2.62508639128413
"BM_Neu_065.fcs",65,"mature neutrophils","Comp-BUV563-A",150,"MFI","Femur","mouse17","rep1","5LOzymozan24","male",NA,0,NA,"300GS",450,50,1970,"BUV563-A","CD106",0.881373587019543
"BM_Neu_065.fcs",65,"mature neutrophils","Comp-BUV615-A",321,"MFI","Femur","mouse17","rep1","5LOzymozan24","male",NA,0,NA,"300GS",450,50,1970,"BUV615-A","CCR5",1.50454788473164
"BM_Neu_065.fcs",65,"mature neutrophils","Comp-BUV661-A",2873,"MFI","Femur","mouse17","rep1","5LOzymozan24","male",NA,0,NA,"300GS",450,50,1970,"BUV661-A","CD74",3.64630472699231
"BM_Neu_065.fcs",65,"mature neutrophils","Comp-BUV737-A",6948,"MFI","Femur","mouse17","rep1","5LOzymozan24","male",NA,0,NA,"300GS",450,50,1970,"BUV737-A","Ly6G",4.52883751411667
"BM_Neu_065.fcs",65,"mature neutrophils","Comp-BUV805-A",16769,"MFI","Femur","mouse17","rep1","5LOzymozan24","male",NA,0,NA,"300GS",450,50,1970,"BUV805-A","CD45",5.40981911221225
"BM_Neu_065.fcs",65,"mature neutrophils","Comp-BV421-A",1572,"MFI","Femur","mouse17","rep1","5LOzymozan24","male",NA,0,NA,"300GS",450,50,1970,"BV421-A","PDL1",3.04488436346698
"BM_Neu_065.fcs",65,"mature neutrophils","Comp-BV570-A",995,"MFI","Femur","mouse17","rep1","5LOzymozan24","male",NA,0,NA,"300GS",450,50,1970,"BV570-A","CD44",2.59088847858988
"BM_Neu_065.fcs",65,"mature neutrophils","Comp-BV605-A",961,"MFI","Femur","mouse17","rep1","5LOzymozan24","male",NA,0,NA,"300GS",450,50,1970,"BV605-A","CD115",2.55652220947075
"BM_Neu_065.fcs",65,"mature neutrophils","Comp-BV650-A",9906,"MFI","Femur","mouse17","rep1","5LOzymozan24","male",NA,0,NA,"300GS",450,50,1970,"BV650-A","Ly6C",4.88346511728353
"BM_Neu_065.fcs",65,"mature neutrophils","Comp-BV711-A",1213,"MFI","Femur","mouse17","rep1","5LOzymozan24","male",NA,0,NA,"300GS",450,50,1970,"BV711-A","CD39",2.78716502745837
"BM_Neu_065.fcs",65,"mature neutrophils","Comp-BV786-A",5911,"MFI","Femur","mouse17","rep1","5LOzymozan24","male",NA,0,NA,"300GS",450,50,1970,"BV786-A","CD11b",4.36724313905802
"BM_Neu_065.fcs",65,"mature neutrophils","Comp-FITC-A",-63.7,"MFI","Femur","mouse17","rep1","5LOzymozan24","male",NA,0,NA,"300GS",450,50,1970,"FITC-A","CX3CR1",-0.412839199456467
"BM_Neu_065.fcs",65,"mature neutrophils","Comp-PE-A",498,"MFI","Femur","mouse17","rep1","5LOzymozan24","male",NA,0,NA,"300GS",450,50,1970,"PE-A","DC-Trail-R1",1.91505812057427
"BM_Neu_065.fcs",65,"mature neutrophils","Comp-PE-Cy5-A",-555,"MFI","Femur","mouse17","rep1","5LOzymozan24","male",NA,0,NA,"300GS",450,50,1970,"PE-Cy5-A","CD150",-2.01926065615496
"BM_Neu_065.fcs",65,"mature neutrophils","Comp-PE-Cy7-A",280,"MFI","Femur","mouse17","rep1","5LOzymozan24","male",NA,0,NA,"300GS",450,50,1970,"PE-Cy7-A","CD101",1.38236599432322
"BM_Neu_065.fcs",65,"mature neutrophils","Comp-PE-Texas Red-A",1921,"MFI","Femur","mouse17","rep1","5LOzymozan24","male",NA,0,NA,"300GS",450,50,1970,"PE-Texas Red-A","ICAM1",3.24463386648745
"BM_Neu_066.fcs",66,"mature neutrophils","Comp-APC-A",-95.7,"MFI","Lumbar","mouse17","rep1","5LOzymozan24","male",NA,0,NA,"300GS",450,40,1970,"APC-A","CD117",-0.601135425281059
"BM_Neu_066.fcs",66,"mature neutrophils","Comp-APC-Cy7-A",1083,"MFI","Lumbar","mouse17","rep1","5LOzymozan24","male",NA,0,NA,"300GS",450,40,1970,"APC-Cy7-A","CD14",2.67476384656091
"BM_Neu_066.fcs",66,"mature neutrophils","Comp-BB700-A",699,"MFI","Lumbar","mouse17","rep1","5LOzymozan24","male",NA,0,NA,"300GS",450,40,1970,"BB700-A","CD16/32",2.24348122194669
"BM_Neu_066.fcs",66,"mature neutrophils","Comp-BUV395-A",-76.8,"MFI","Lumbar","mouse17","rep1","5LOzymozan24","male",NA,0,NA,"300GS",450,40,1970,"BUV395-A","Sca1",-0.491919110896092
"BM_Neu_066.fcs",66,"mature neutrophils","Comp-BUV496-A",1036,"MFI","Lumbar","mouse17","rep1","5LOzymozan24","male",NA,0,NA,"300GS",450,40,1970,"BUV496-A","MHCII",2.63083444812414
"BM_Neu_066.fcs",66,"mature neutrophils","Comp-BUV563-A",113,"MFI","Lumbar","mouse17","rep1","5LOzymozan24","male",NA,0,NA,"300GS",450,40,1970,"BUV563-A","CD106",0.695811714150658
"BM_Neu_066.fcs",66,"mature neutrophils","Comp-BUV615-A",359,"MFI","Lumbar","mouse17","rep1","5LOzymozan24","male",NA,0,NA,"300GS",450,40,1970,"BUV615-A","CCR5",1.60687077105036
"BM_Neu_066.fcs",66,"mature neutrophils","Comp-BUV661-A",2975,"MFI","Lumbar","mouse17","rep1","5LOzymozan24","male",NA,0,NA,"300GS",450,40,1970,"BUV661-A","CD74",3.68114614775215
"BM_Neu_066.fcs",66,"mature neutrophils","Comp-BUV737-A",7345,"MFI","Lumbar","mouse17","rep1","5LOzymozan24","male",NA,0,NA,"300GS",450,40,1970,"BUV737-A","Ly6G",4.58439122385961
"BM_Neu_066.fcs",66,"mature neutrophils","Comp-BUV805-A",15798,"MFI","Lumbar","mouse17","rep1","5LOzymozan24","male",NA,0,NA,"300GS",450,40,1970,"BUV805-A","CD45",5.35017305257836
"BM_Neu_066.fcs",66,"mature neutrophils","Comp-BV421-A",1519,"MFI","Lumbar","mouse17","rep1","5LOzymozan24","male",NA,0,NA,"300GS",450,40,1970,"BV421-A","PDL1",3.01074837237239
"BM_Neu_066.fcs",66,"mature neutrophils","Comp-BV570-A",1029,"MFI","Lumbar","mouse17","rep1","5LOzymozan24","male",NA,0,NA,"300GS",450,40,1970,"BV570-A","CD44",2.62412519494286
"BM_Neu_066.fcs",66,"mature neutrophils","Comp-BV605-A",1024,"MFI","Lumbar","mouse17","rep1","5LOzymozan24","male",NA,0,NA,"300GS",450,40,1970,"BV605-A","CD115",2.61930545205839
"BM_Neu_066.fcs",66,"mature neutrophils","Comp-BV650-A",11110,"MFI","Lumbar","mouse17","rep1","5LOzymozan24","male",NA,0,NA,"300GS",450,40,1970,"BV650-A","Ly6C",4.99815833759639
"BM_Neu_066.fcs",66,"mature neutrophils","Comp-BV711-A",1134,"MFI","Lumbar","mouse17","rep1","5LOzymozan24","male",NA,0,NA,"300GS",450,40,1970,"BV711-A","CD39",2.72036412407405
"BM_Neu_066.fcs",66,"mature neutrophils","Comp-BV786-A",5773,"MFI","Lumbar","mouse17","rep1","5LOzymozan24","male",NA,0,NA,"300GS",450,40,1970,"BV786-A","CD11b",4.34362777820047
"BM_Neu_066.fcs",66,"mature neutrophils","Comp-FITC-A",-60.4,"MFI","Lumbar","mouse17","rep1","5LOzymozan24","male",NA,0,NA,"300GS",450,40,1970,"FITC-A","CX3CR1",-0.392510117771955
"BM_Neu_066.fcs",66,"mature neutrophils","Comp-PE-A",492,"MFI","Lumbar","mouse17","rep1","5LOzymozan24","male",NA,0,NA,"300GS",450,40,1970,"PE-A","DC-Trail-R1",1.90345771108775
"BM_Neu_066.fcs",66,"mature neutrophils","Comp-PE-Cy5-A",-536,"MFI","Lumbar","mouse17","rep1","5LOzymozan24","male",NA,0,NA,"300GS",450,40,1970,"PE-Cy5-A","CD150",-1.98567394614596
"BM_Neu_066.fcs",66,"mature neutrophils","Comp-PE-Cy7-A",270,"MFI","Lumbar","mouse17","rep1","5LOzymozan24","male",NA,0,NA,"300GS",450,40,1970,"PE-Cy7-A","CD101",1.35044074027497
"BM_Neu_066.fcs",66,"mature neutrophils","Comp-PE-Texas Red-A",1701,"MFI","Lumbar","mouse17","rep1","5LOzymozan24","male",NA,0,NA,"300GS",450,40,1970,"PE-Texas Red-A","ICAM1",3.12342191302016
"BM_Neu_067.fcs",67,"mature neutrophils","Comp-APC-A",-82,"MFI","Sternum","mouse17","rep1","5LOzymozan24","male",NA,0,NA,"300GS",150,80,1970,"APC-A","CD117",-0.522557674021425
"BM_Neu_067.fcs",67,"mature neutrophils","Comp-APC-Cy7-A",1087,"MFI","Sternum","mouse17","rep1","5LOzymozan24","male",NA,0,NA,"300GS",150,80,1970,"APC-Cy7-A","CD14",2.67841575269314
"BM_Neu_067.fcs",67,"mature neutrophils","Comp-BB700-A",721,"MFI","Sternum","mouse17","rep1","5LOzymozan24","male",NA,0,NA,"300GS",150,80,1970,"BB700-A","CD16/32",2.27380011824381
"BM_Neu_067.fcs",67,"mature neutrophils","Comp-BUV395-A",-172,"MFI","Sternum","mouse17","rep1","5LOzymozan24","male",NA,0,NA,"300GS",150,80,1970,"BUV395-A","Sca1",-0.981377085130885
"BM_Neu_067.fcs",67,"mature neutrophils","Comp-BUV496-A",1079,"MFI","Sternum","mouse17","rep1","5LOzymozan24","male",NA,0,NA,"300GS",150,80,1970,"BUV496-A","MHCII",2.67109868214441
"BM_Neu_067.fcs",67,"mature neutrophils","Comp-BUV563-A",121,"MFI","Sternum","mouse17","rep1","5LOzymozan24","male",NA,0,NA,"300GS",150,80,1970,"BUV563-A","CD106",0.737865587480073
"BM_Neu_067.fcs",67,"mature neutrophils","Comp-BUV615-A",370,"MFI","Sternum","mouse17","rep1","5LOzymozan24","male",NA,0,NA,"300GS",150,80,1970,"BUV615-A","CCR5",1.63477980434798
"BM_Neu_067.fcs",67,"mature neutrophils","Comp-BUV661-A",2836,"MFI","Sternum","mouse17","rep1","5LOzymozan24","male",NA,0,NA,"300GS",150,80,1970,"BUV661-A","CD74",3.63336041651742
"BM_Neu_067.fcs",67,"mature neutrophils","Comp-BUV737-A",8622,"MFI","Sternum","mouse17","rep1","5LOzymozan24","male",NA,0,NA,"300GS",150,80,1970,"BUV737-A","Ly6G",4.74465990017946
"BM_Neu_067.fcs",67,"mature neutrophils","Comp-BUV805-A",16385,"MFI","Sternum","mouse17","rep1","5LOzymozan24","male",NA,0,NA,"300GS",150,80,1970,"BUV805-A","CD45",5.38665439913835
"BM_Neu_067.fcs",67,"mature neutrophils","Comp-BV421-A",1503,"MFI","Sternum","mouse17","rep1","5LOzymozan24","male",NA,0,NA,"300GS",150,80,1970,"BV421-A","PDL1",3.00021105689206
"BM_Neu_067.fcs",67,"mature neutrophils","Comp-BV570-A",966,"MFI","Sternum","mouse17","rep1","5LOzymozan24","male",NA,0,NA,"300GS",150,80,1970,"BV570-A","CD44",2.56164986651514
"BM_Neu_067.fcs",67,"mature neutrophils","Comp-BV605-A",926,"MFI","Sternum","mouse17","rep1","5LOzymozan24","male",NA,0,NA,"300GS",150,80,1970,"BV605-A","CD115",2.51988244712921
"BM_Neu_067.fcs",67,"mature neutrophils","Comp-BV650-A",10623,"MFI","Sternum","mouse17","rep1","5LOzymozan24","male",NA,0,NA,"300GS",150,80,1970,"BV650-A","Ly6C",4.95333846927053
"BM_Neu_067.fcs",67,"mature neutrophils","Comp-BV711-A",1048,"MFI","Sternum","mouse17","rep1","5LOzymozan24","male",NA,0,NA,"300GS",150,80,1970,"BV711-A","CD39",2.64223338089452
"BM_Neu_067.fcs",67,"mature neutrophils","Comp-BV786-A",6294,"MFI","Sternum","mouse17","rep1","5LOzymozan24","male",NA,0,NA,"300GS",150,80,1970,"BV786-A","CD11b",4.43000592754566
"BM_Neu_067.fcs",67,"mature neutrophils","Comp-FITC-A",-54.6,"MFI","Sternum","mouse17","rep1","5LOzymozan24","male",NA,0,NA,"300GS",150,80,1970,"FITC-A","CX3CR1",-0.356406475231059
"BM_Neu_067.fcs",67,"mature neutrophils","Comp-PE-A",488,"MFI","Sternum","mouse17","rep1","5LOzymozan24","male",NA,0,NA,"300GS",150,80,1970,"PE-A","DC-Trail-R1",1.89565196262577
"BM_Neu_067.fcs",67,"mature neutrophils","Comp-PE-Cy5-A",-518,"MFI","Sternum","mouse17","rep1","5LOzymozan24","male",NA,0,NA,"300GS",150,80,1970,"PE-Cy5-A","CD150",-1.95282050584403
"BM_Neu_067.fcs",67,"mature neutrophils","Comp-PE-Cy7-A",267,"MFI","Sternum","mouse17","rep1","5LOzymozan24","male",NA,0,NA,"300GS",150,80,1970,"PE-Cy7-A","CD101",1.34068644963767
"BM_Neu_067.fcs",67,"mature neutrophils","Comp-PE-Texas Red-A",1624,"MFI","Sternum","mouse17","rep1","5LOzymozan24","male",NA,0,NA,"300GS",150,80,1970,"PE-Texas Red-A","ICAM1",3.07728541777384
"BM_Neu_068.fcs",68,"mature neutrophils","Comp-APC-A",-118,"MFI","Calvaria","mouse17","rep1","5LOzymozan24","male",NA,0,NA,"300GS",300,80,1970,"APC-A","CD117",-0.722222781966653
"BM_Neu_068.fcs",68,"mature neutrophils","Comp-APC-Cy7-A",1191,"MFI","Calvaria","mouse17","rep1","5LOzymozan24","male",NA,0,NA,"300GS",300,80,1970,"APC-Cy7-A","CD14",2.76900258322644
"BM_Neu_068.fcs",68,"mature neutrophils","Comp-BB700-A",718,"MFI","Calvaria","mouse17","rep1","5LOzymozan24","male",NA,0,NA,"300GS",300,80,1970,"BB700-A","CD16/32",2.26971831121427
"BM_Neu_068.fcs",68,"mature neutrophils","Comp-BUV395-A",-30.6,"MFI","Calvaria","mouse17","rep1","5LOzymozan24","male",NA,0,NA,"300GS",300,80,1970,"BUV395-A","Sca1",-0.202610915585898
"BM_Neu_068.fcs",68,"mature neutrophils","Comp-BUV496-A",1155,"MFI","Calvaria","mouse17","rep1","5LOzymozan24","male",NA,0,NA,"300GS",300,80,1970,"BUV496-A","MHCII",2.73855765013714
"BM_Neu_068.fcs",68,"mature neutrophils","Comp-BUV563-A",135,"MFI","Calvaria","mouse17","rep1","5LOzymozan24","male",NA,0,NA,"300GS",300,80,1970,"BUV563-A","CD106",0.808866935652782
"BM_Neu_068.fcs",68,"mature neutrophils","Comp-BUV615-A",417,"MFI","Calvaria","mouse17","rep1","5LOzymozan24","male",NA,0,NA,"300GS",300,80,1970,"BUV615-A","CCR5",1.74648078220208
"BM_Neu_068.fcs",68,"mature neutrophils","Comp-BUV661-A",3352,"MFI","Calvaria","mouse17","rep1","5LOzymozan24","male",NA,0,NA,"300GS",300,80,1970,"BUV661-A","CD74",3.8003245998167
"BM_Neu_068.fcs",68,"mature neutrophils","Comp-BUV737-A",7930,"MFI","Calvaria","mouse17","rep1","5LOzymozan24","male",NA,0,NA,"300GS",300,80,1970,"BUV737-A","Ly6G",4.66100963822968
"BM_Neu_068.fcs",68,"mature neutrophils","Comp-BUV805-A",16555,"MFI","Calvaria","mouse17","rep1","5LOzymozan24","male",NA,0,NA,"300GS",300,80,1970,"BUV805-A","CD45",5.39697585991484
"BM_Neu_068.fcs",68,"mature neutrophils","Comp-BV421-A",1481,"MFI","Calvaria","mouse17","rep1","5LOzymozan24","male",NA,0,NA,"300GS",300,80,1970,"BV421-A","PDL1",2.98553944846405
"BM_Neu_068.fcs",68,"mature neutrophils","Comp-BV570-A",1252,"MFI","Calvaria","mouse17","rep1","5LOzymozan24","male",NA,0,NA,"300GS",300,80,1970,"BV570-A","CD44",2.81857878223197
"BM_Neu_068.fcs",68,"mature neutrophils","Comp-BV605-A",1295,"MFI","Calvaria","mouse17","rep1","5LOzymozan24","male",NA,0,NA,"300GS",300,80,1970,"BV605-A","CD115",2.85211526369549
"BM_Neu_068.fcs",68,"mature neutrophils","Comp-BV650-A",12085,"MFI","Calvaria","mouse17","rep1","5LOzymozan24","male",NA,0,NA,"300GS",300,80,1970,"BV650-A","Ly6C",5.08227069231562
"BM_Neu_068.fcs",68,"mature neutrophils","Comp-BV711-A",962,"MFI","Calvaria","mouse17","rep1","5LOzymozan24","male",NA,0,NA,"300GS",300,80,1970,"BV711-A","CD39",2.55754982135326
"BM_Neu_068.fcs",68,"mature neutrophils","Comp-BV786-A",5934,"MFI","Calvaria","mouse17","rep1","5LOzymozan24","male",NA,0,NA,"300GS",300,80,1970,"BV786-A","CD11b",4.37112539411253
"BM_Neu_068.fcs",68,"mature neutrophils","Comp-FITC-A",-66,"MFI","Calvaria","mouse17","rep1","5LOzymozan24","male",NA,0,NA,"300GS",300,80,1970,"FITC-A","CX3CR1",-0.426913454126117
"BM_Neu_068.fcs",68,"mature neutrophils","Comp-PE-A",513,"MFI","Calvaria","mouse17","rep1","5LOzymozan24","male",NA,0,NA,"300GS",300,80,1970,"PE-A","DC-Trail-R1",1.9435073801828
"BM_Neu_068.fcs",68,"mature neutrophils","Comp-PE-Cy5-A",-609,"MFI","Calvaria","mouse17","rep1","5LOzymozan24","male",NA,0,NA,"300GS",300,80,1970,"PE-Cy5-A","CD150",-2.10916289118253
"BM_Neu_068.fcs",68,"mature neutrophils","Comp-PE-Cy7-A",263,"MFI","Calvaria","mouse17","rep1","5LOzymozan24","male",NA,0,NA,"300GS",300,80,1970,"PE-Cy7-A","CD101",1.32755037697169
"BM_Neu_068.fcs",68,"mature neutrophils","Comp-PE-Texas Red-A",1990,"MFI","Calvaria","mouse17","rep1","5LOzymozan24","male",NA,0,NA,"300GS",300,80,1970,"PE-Texas Red-A","ICAM1",3.27981920599196
"BM_Neu_069.fcs",69,"mature neutrophils","Comp-APC-A",-102,"MFI","Femur","mouse18","rep2","5LOzymozan24","male",NA,0,NA,"300GS",450,50,1970,"APC-A","CD117",-0.636204969795739
"BM_Neu_069.fcs",69,"mature neutrophils","Comp-APC-Cy7-A",659,"MFI","Femur","mouse18","rep2","5LOzymozan24","male",NA,0,NA,"300GS",450,50,1970,"APC-Cy7-A","CD14",2.18594322134302
"BM_Neu_069.fcs",69,"mature neutrophils","Comp-BB700-A",770,"MFI","Femur","mouse18","rep2","5LOzymozan24","male",NA,0,NA,"300GS",450,50,1970,"BB700-A","CD16/32",2.33825743240257
"BM_Neu_069.fcs",69,"mature neutrophils","Comp-BUV395-A",5.75,"MFI","Femur","mouse18","rep2","5LOzymozan24","male",NA,0,NA,"300GS",450,50,1970,"BUV395-A","Sca1",0.0383239514185175
"BM_Neu_069.fcs",69,"mature neutrophils","Comp-BUV496-A",1066,"MFI","Femur","mouse18","rep2","5LOzymozan24","male",NA,0,NA,"300GS",450,50,1970,"BUV496-A","MHCII",2.65909416932951
"BM_Neu_069.fcs",69,"mature neutrophils","Comp-BUV563-A",237,"MFI","Femur","mouse18","rep2","5LOzymozan24","male",NA,0,NA,"300GS",450,50,1970,"BUV563-A","CD106",1.23833547822897
"BM_Neu_069.fcs",69,"mature neutrophils","Comp-BUV615-A",297,"MFI","Femur","mouse18","rep2","5LOzymozan24","male",NA,0,NA,"300GS",450,50,1970,"BUV615-A","CCR5",1.43465525850389
"BM_Neu_069.fcs",69,"mature neutrophils","Comp-BUV661-A",2672,"MFI","Femur","mouse18","rep2","5LOzymozan24","male",NA,0,NA,"300GS",450,50,1970,"BUV661-A","CD74",3.57388135268895
"BM_Neu_069.fcs",69,"mature neutrophils","Comp-BUV737-A",6328,"MFI","Femur","mouse18","rep2","5LOzymozan24","male",NA,0,NA,"300GS",450,50,1970,"BUV737-A","Ly6G",4.43539183826364
"BM_Neu_069.fcs",69,"mature neutrophils","Comp-BUV805-A",12580,"MFI","Femur","mouse18","rep2","5LOzymozan24","male",NA,0,NA,"300GS",450,50,1970,"BUV805-A","CD45",5.12241095840948
"BM_Neu_069.fcs",69,"mature neutrophils","Comp-BV421-A",886,"MFI","Femur","mouse18","rep2","5LOzymozan24","male",NA,0,NA,"300GS",450,50,1970,"BV421-A","PDL1",2.47631866287802
"BM_Neu_069.fcs",69,"mature neutrophils","Comp-BV570-A",844,"MFI","Femur","mouse18","rep2","5LOzymozan24","male",NA,0,NA,"300GS",450,50,1970,"BV570-A","CD44",2.42846901018422
"BM_Neu_069.fcs",69,"mature neutrophils","Comp-BV605-A",838,"MFI","Femur","mouse18","rep2","5LOzymozan24","male",NA,0,NA,"300GS",450,50,1970,"BV605-A","CD115",2.42144546020769
"BM_Neu_069.fcs",69,"mature neutrophils","Comp-BV650-A",7597,"MFI","Femur","mouse18","rep2","5LOzymozan24","male",NA,0,NA,"300GS",450,50,1970,"BV650-A","Ly6C",4.61811804638463
"BM_Neu_069.fcs",69,"mature neutrophils","Comp-BV711-A",794,"MFI","Femur","mouse18","rep2","5LOzymozan24","male",NA,0,NA,"300GS",450,50,1970,"BV711-A","CD39",2.36840064414852
"BM_Neu_069.fcs",69,"mature neutrophils","Comp-BV786-A",3565,"MFI","Femur","mouse18","rep2","5LOzymozan24","male",NA,0,NA,"300GS",450,50,1970,"BV786-A","CD11b",3.86187351766619
"BM_Neu_069.fcs",69,"mature neutrophils","Comp-FITC-A",-43,"MFI","Femur","mouse18","rep2","5LOzymozan24","male",NA,0,NA,"300GS",450,50,1970,"FITC-A","CX3CR1",-0.282878860996974
"BM_Neu_069.fcs",69,"mature neutrophils","Comp-PE-A",575,"MFI","Femur","mouse18","rep2","5LOzymozan24","male",NA,0,NA,"300GS",450,50,1970,"PE-A","DC-Trail-R1",2.05347670065433
"BM_Neu_069.fcs",69,"mature neutrophils","Comp-PE-Cy5-A",-480,"MFI","Femur","mouse18","rep2","5LOzymozan24","male",NA,0,NA,"300GS",450,50,1970,"PE-Cy5-A","CD150",-1.87986358439691
"BM_Neu_069.fcs",69,"mature neutrophils","Comp-PE-Cy7-A",238,"MFI","Femur","mouse18","rep2","5LOzymozan24","male",NA,0,NA,"300GS",450,50,1970,"PE-Cy7-A","CD101",1.24189543365647
"BM_Neu_069.fcs",69,"mature neutrophils","Comp-PE-Texas Red-A",1829,"MFI","Femur","mouse18","rep2","5LOzymozan24","male",NA,0,NA,"300GS",450,50,1970,"PE-Texas Red-A","ICAM1",3.19571380270532
"BM_Neu_070.fcs",70,"mature neutrophils","Comp-APC-A",-86,"MFI","Lumbar","mouse18","rep2","5LOzymozan24","male",NA,0,NA,"300GS",450,40,1970,"APC-A","CD117",-0.545824352149762
"BM_Neu_070.fcs",70,"mature neutrophils","Comp-APC-Cy7-A",638,"MFI","Lumbar","mouse18","rep2","5LOzymozan24","male",NA,0,NA,"300GS",450,40,1970,"APC-Cy7-A","CD14",2.15439135135266
"BM_Neu_070.fcs",70,"mature neutrophils","Comp-BB700-A",763,"MFI","Lumbar","mouse18","rep2","5LOzymozan24","male",NA,0,NA,"300GS",450,40,1970,"BB700-A","CD16/32",2.32929495758609
"BM_Neu_070.fcs",70,"mature neutrophils","Comp-BUV395-A",18.6,"MFI","Lumbar","mouse18","rep2","5LOzymozan24","male",NA,0,NA,"300GS",450,40,1970,"BUV395-A","Sca1",0.123684408136839
"BM_Neu_070.fcs",70,"mature neutrophils","Comp-BUV496-A",1175,"MFI","Lumbar","mouse18","rep2","5LOzymozan24","male",NA,0,NA,"300GS",450,40,1970,"BUV496-A","MHCII",2.75558487866248
"BM_Neu_070.fcs",70,"mature neutrophils","Comp-BUV563-A",209,"MFI","Lumbar","mouse18","rep2","5LOzymozan24","male",NA,0,NA,"300GS",450,40,1970,"BUV563-A","CD106",1.13410100631871
"BM_Neu_070.fcs",70,"mature neutrophils","Comp-BUV615-A",340,"MFI","Lumbar","mouse18","rep2","5LOzymozan24","male",NA,0,NA,"300GS",450,40,1970,"BUV615-A","CCR5",1.5569060738532
"BM_Neu_070.fcs",70,"mature neutrophils","Comp-BUV661-A",2816,"MFI","Lumbar","mouse18","rep2","5LOzymozan24","male",NA,0,NA,"300GS",450,40,1970,"BUV661-A","CD74",3.62629319470751
"BM_Neu_070.fcs",70,"mature neutrophils","Comp-BUV737-A",6200,"MFI","Lumbar","mouse18","rep2","5LOzymozan24","male",NA,0,NA,"300GS",450,40,1970,"BUV737-A","Ly6G",4.41496275733365
"BM_Neu_070.fcs",70,"mature neutrophils","Comp-BUV805-A",13058,"MFI","Lumbar","mouse18","rep2","5LOzymozan24","male",NA,0,NA,"300GS",450,40,1970,"BUV805-A","CD45",5.15970112558157
"BM_Neu_070.fcs",70,"mature neutrophils","Comp-BV421-A",896,"MFI","Lumbar","mouse18","rep2","5LOzymozan24","male",NA,0,NA,"300GS",450,40,1970,"BV421-A","PDL1",2.48738637375745
"BM_Neu_070.fcs",70,"mature neutrophils","Comp-BV570-A",945,"MFI","Lumbar","mouse18","rep2","5LOzymozan24","male",NA,0,NA,"300GS",450,40,1970,"BV570-A","CD44",2.53993693665066
"BM_Neu_070.fcs",70,"mature neutrophils","Comp-BV605-A",942,"MFI","Lumbar","mouse18","rep2","5LOzymozan24","male",NA,0,NA,"300GS",450,40,1970,"BV605-A","CD115",2.53679672141042
"BM_Neu_070.fcs",70,"mature neutrophils","Comp-BV650-A",8482,"MFI","Lumbar","mouse18","rep2","5LOzymozan24","male",NA,0,NA,"300GS",450,40,1970,"BV650-A","Ly6C",4.72829161278945
"BM_Neu_070.fcs",70,"mature neutrophils","Comp-BV711-A",654,"MFI","Lumbar","mouse18","rep2","5LOzymozan24","male",NA,0,NA,"300GS",450,40,1970,"BV711-A","CD39",2.17851838447377
"BM_Neu_070.fcs",70,"mature neutrophils","Comp-BV786-A",3697,"MFI","Lumbar","mouse18","rep2","5LOzymozan24","male",NA,0,NA,"300GS",450,40,1970,"BV786-A","CD11b",3.89820014253734
"BM_Neu_070.fcs",70,"mature neutrophils","Comp-FITC-A",-44.4,"MFI","Lumbar","mouse18","rep2","5LOzymozan24","male",NA,0,NA,"300GS",450,40,1970,"FITC-A","CX3CR1",-0.291839640518654
"BM_Neu_070.fcs",70,"mature neutrophils","Comp-PE-A",584,"MFI","Lumbar","mouse18","rep2","5LOzymozan24","male",NA,0,NA,"300GS",450,40,1970,"PE-A","DC-Trail-R1",2.06851207494713
"BM_Neu_070.fcs",70,"mature neutrophils","Comp-PE-Cy5-A",-489,"MFI","Lumbar","mouse18","rep2","5LOzymozan24","male",NA,0,NA,"300GS",450,40,1970,"PE-Cy5-A","CD150",-1.8976088681773
"BM_Neu_070.fcs",70,"mature neutrophils","Comp-PE-Cy7-A",257,"MFI","Lumbar","mouse18","rep2","5LOzymozan24","male",NA,0,NA,"300GS",450,40,1970,"PE-Cy7-A","CD101",1.30756106258094
"BM_Neu_070.fcs",70,"mature neutrophils","Comp-PE-Texas Red-A",1829,"MFI","Lumbar","mouse18","rep2","5LOzymozan24","male",NA,0,NA,"300GS",450,40,1970,"PE-Texas Red-A","ICAM1",3.19571380270532
"BM_Neu_071.fcs",71,"mature neutrophils","Comp-APC-A",-65,"MFI","Sternum","mouse18","rep2","5LOzymozan24","male",NA,0,NA,"300GS",150,80,1970,"APC-A","CD117",-0.420803875392792
"BM_Neu_071.fcs",71,"mature neutrophils","Comp-APC-Cy7-A",652,"MFI","Sternum","mouse18","rep2","5LOzymozan24","male",NA,0,NA,"300GS",150,80,1970,"APC-Cy7-A","CD14",2.17553333772048
"BM_Neu_071.fcs",71,"mature neutrophils","Comp-BB700-A",734,"MFI","Sternum","mouse18","rep2","5LOzymozan24","male",NA,0,NA,"300GS",150,80,1970,"BB700-A","CD16/32",2.29130181396408
"BM_Neu_071.fcs",71,"mature neutrophils","Comp-BUV395-A",45.9,"MFI","Sternum","mouse18","rep2","5LOzymozan24","male",NA,0,NA,"300GS",150,80,1970,"BUV395-A","Sca1",0.301415236383263
"BM_Neu_071.fcs",71,"mature neutrophils","Comp-BUV496-A",1281,"MFI","Sternum","mouse18","rep2","5LOzymozan24","male",NA,0,NA,"300GS",150,80,1970,"BUV496-A","MHCII",2.84131856539361
"BM_Neu_071.fcs",71,"mature neutrophils","Comp-BUV563-A",227,"MFI","Sternum","mouse18","rep2","5LOzymozan24","male",NA,0,NA,"300GS",150,80,1970,"BUV563-A","CD106",1.20213653544285
"BM_Neu_071.fcs",71,"mature neutrophils","Comp-BUV615-A",359,"MFI","Sternum","mouse18","rep2","5LOzymozan24","male",NA,0,NA,"300GS",150,80,1970,"BUV615-A","CCR5",1.60687077105036
"BM_Neu_071.fcs",71,"mature neutrophils","Comp-BUV661-A",2665,"MFI","Sternum","mouse18","rep2","5LOzymozan24","male",NA,0,NA,"300GS",150,80,1970,"BUV661-A","CD74",3.57126228912984
"BM_Neu_071.fcs",71,"mature neutrophils","Comp-BUV737-A",6795,"MFI","Sternum","mouse18","rep2","5LOzymozan24","male",NA,0,NA,"300GS",150,80,1970,"BUV737-A","Ly6G",4.50657601780761
"BM_Neu_071.fcs",71,"mature neutrophils","Comp-BUV805-A",12356,"MFI","Sternum","mouse18","rep2","5LOzymozan24","male",NA,0,NA,"300GS",150,80,1970,"BUV805-A","CD45",5.1044457824622
"BM_Neu_071.fcs",71,"mature neutrophils","Comp-BV421-A",872,"MFI","Sternum","mouse18","rep2","5LOzymozan24","male",NA,0,NA,"300GS",150,80,1970,"BV421-A","PDL1",2.4606181259595
"BM_Neu_071.fcs",71,"mature neutrophils","Comp-BV570-A",929,"MFI","Sternum","mouse18","rep2","5LOzymozan24","male",NA,0,NA,"300GS",150,80,1970,"BV570-A","CD44",2.52307546396943
"BM_Neu_071.fcs",71,"mature neutrophils","Comp-BV605-A",889,"MFI","Sternum","mouse18","rep2","5LOzymozan24","male",NA,0,NA,"300GS",150,80,1970,"BV605-A","CD115",2.4796516777128
"BM_Neu_071.fcs",71,"mature neutrophils","Comp-BV650-A",8559,"MFI","Sternum","mouse18","rep2","5LOzymozan24","male",NA,0,NA,"300GS",150,80,1970,"BV650-A","Ly6C",4.737327302518
"BM_Neu_071.fcs",71,"mature neutrophils","Comp-BV711-A",630,"MFI","Sternum","mouse18","rep2","5LOzymozan24","male",NA,0,NA,"300GS",150,80,1970,"BV711-A","CD39",2.14211190823691
"BM_Neu_071.fcs",71,"mature neutrophils","Comp-BV786-A",3588,"MFI","Sternum","mouse18","rep2","5LOzymozan24","male",NA,0,NA,"300GS",150,80,1970,"BV786-A","CD11b",3.86829875937919
"BM_Neu_071.fcs",71,"mature neutrophils","Comp-FITC-A",-41.4,"MFI","Sternum","mouse18","rep2","5LOzymozan24","male",NA,0,NA,"300GS",150,80,1970,"FITC-A","CX3CR1",-0.272610842531829
"BM_Neu_071.fcs",71,"mature neutrophils","Comp-PE-A",524,"MFI","Sternum","mouse18","rep2","5LOzymozan24","male",NA,0,NA,"300GS",150,80,1970,"PE-A","DC-Trail-R1",1.96388738302674
"BM_Neu_071.fcs",71,"mature neutrophils","Comp-PE-Cy5-A",-493,"MFI","Sternum","mouse18","rep2","5LOzymozan24","male",NA,0,NA,"300GS",150,80,1970,"PE-Cy5-A","CD150",-1.90540007720903
"BM_Neu_071.fcs",71,"mature neutrophils","Comp-PE-Cy7-A",258,"MFI","Sternum","mouse18","rep2","5LOzymozan24","male",NA,0,NA,"300GS",150,80,1970,"PE-Cy7-A","CD101",1.31091672672067
"BM_Neu_071.fcs",71,"mature neutrophils","Comp-PE-Texas Red-A",1750,"MFI","Sternum","mouse18","rep2","5LOzymozan24","male",NA,0,NA,"300GS",150,80,1970,"PE-Texas Red-A","ICAM1",3.15171464823922
"BM_Neu_072.fcs",72,"mature neutrophils","Comp-APC-A",-90.6,"MFI","Calvaria","mouse18","rep2","5LOzymozan24","male",NA,0,NA,"300GS",300,80,1970,"APC-A","CD117",-0.572251842619722
"BM_Neu_072.fcs",72,"mature neutrophils","Comp-APC-Cy7-A",717,"MFI","Calvaria","mouse18","rep2","5LOzymozan24","male",NA,0,NA,"300GS",300,80,1970,"APC-Cy7-A","CD14",2.26835407643539
"BM_Neu_072.fcs",72,"mature neutrophils","Comp-BB700-A",750,"MFI","Calvaria","mouse18","rep2","5LOzymozan24","male",NA,0,NA,"300GS",300,80,1970,"BB700-A","CD16/32",2.31243834127275
"BM_Neu_072.fcs",72,"mature neutrophils","Comp-BUV395-A",85.6,"MFI","Calvaria","mouse18","rep2","5LOzymozan24","male",NA,0,NA,"300GS",300,80,1970,"BUV395-A","Sca1",0.543509607236785
"BM_Neu_072.fcs",72,"mature neutrophils","Comp-BUV496-A",1263,"MFI","Calvaria","mouse18","rep2","5LOzymozan24","male",NA,0,NA,"300GS",300,80,1970,"BUV496-A","MHCII",2.82726477387923
"BM_Neu_072.fcs",72,"mature neutrophils","Comp-BUV563-A",214,"MFI","Calvaria","mouse18","rep2","5LOzymozan24","male",NA,0,NA,"300GS",300,80,1970,"BUV563-A","CD106",1.15338459606057
"BM_Neu_072.fcs",72,"mature neutrophils","Comp-BUV615-A",356,"MFI","Calvaria","mouse18","rep2","5LOzymozan24","male",NA,0,NA,"300GS",300,80,1970,"BUV615-A","CCR5",1.59913266966964
"BM_Neu_072.fcs",72,"mature neutrophils","Comp-BUV661-A",2871,"MFI","Calvaria","mouse18","rep2","5LOzymozan24","male",NA,0,NA,"300GS",300,80,1970,"BUV661-A","CD74",3.64560929598912
"BM_Neu_072.fcs",72,"mature neutrophils","Comp-BUV737-A",6805,"MFI","Calvaria","mouse18","rep2","5LOzymozan24","male",NA,0,NA,"300GS",300,80,1970,"BUV737-A","Ly6G",4.50804624865005
"BM_Neu_072.fcs",72,"mature neutrophils","Comp-BUV805-A",13613,"MFI","Calvaria","mouse18","rep2","5LOzymozan24","male",NA,0,NA,"300GS",300,80,1970,"BUV805-A","CD45",5.20132273651789
"BM_Neu_072.fcs",72,"mature neutrophils","Comp-BV421-A",1021,"MFI","Calvaria","mouse18","rep2","5LOzymozan24","male",NA,0,NA,"300GS",300,80,1970,"BV421-A","PDL1",2.61640253482932
"BM_Neu_072.fcs",72,"mature neutrophils","Comp-BV570-A",1087,"MFI","Calvaria","mouse18","rep2","5LOzymozan24","male",NA,0,NA,"300GS",300,80,1970,"BV570-A","CD44",2.67841575269314
"BM_Neu_072.fcs",72,"mature neutrophils","Comp-BV605-A",1117,"MFI","Calvaria","mouse18","rep2","5LOzymozan24","male",NA,0,NA,"300GS",300,80,1970,"BV605-A","CD115",2.70539183478837
"BM_Neu_072.fcs",72,"mature neutrophils","Comp-BV650-A",8968,"MFI","Calvaria","mouse18","rep2","5LOzymozan24","male",NA,0,NA,"300GS",300,80,1970,"BV650-A","Ly6C",4.78399978479712
"BM_Neu_072.fcs",72,"mature neutrophils","Comp-BV711-A",700,"MFI","Calvaria","mouse18","rep2","5LOzymozan24","male",NA,0,NA,"300GS",300,80,1970,"BV711-A","CD39",2.24487903734133
"BM_Neu_072.fcs",72,"mature neutrophils","Comp-BV786-A",3996,"MFI","Calvaria","mouse18","rep2","5LOzymozan24","male",NA,0,NA,"300GS",300,80,1970,"BV786-A","CD11b",3.97591310692108
"BM_Neu_072.fcs",72,"mature neutrophils","Comp-FITC-A",-47.1,"MFI","Calvaria","mouse18","rep2","5LOzymozan24","male",NA,0,NA,"300GS",300,80,1970,"FITC-A","CX3CR1",-0.309056481292163
"BM_Neu_072.fcs",72,"mature neutrophils","Comp-PE-A",593,"MFI","Calvaria","mouse18","rep2","5LOzymozan24","male",NA,0,NA,"300GS",300,80,1970,"PE-A","DC-Trail-R1",2.08333163415953
"BM_Neu_072.fcs",72,"mature neutrophils","Comp-PE-Cy5-A",-559,"MFI","Calvaria","mouse18","rep2","5LOzymozan24","male",NA,0,NA,"300GS",300,80,1970,"PE-Cy5-A","CD150",-2.02619496491868
"BM_Neu_072.fcs",72,"mature neutrophils","Comp-PE-Cy7-A",267,"MFI","Calvaria","mouse18","rep2","5LOzymozan24","male",NA,0,NA,"300GS",300,80,1970,"PE-Cy7-A","CD101",1.34068644963767
"BM_Neu_072.fcs",72,"mature neutrophils","Comp-PE-Texas Red-A",2021,"MFI","Calvaria","mouse18","rep2","5LOzymozan24","male",NA,0,NA,"300GS",300,80,1970,"PE-Texas Red-A","ICAM1",3.29523394505595
"BM_Neu_073.fcs",73,"mature neutrophils","Comp-APC-A",-117,"MFI","Femur","mouse19","rep3","5LOzymozan24","male",NA,0,NA,"300GS",450,50,1970,"APC-A","CD117",-0.716974594095005
"BM_Neu_073.fcs",73,"mature neutrophils","Comp-APC-Cy7-A",872,"MFI","Femur","mouse19","rep3","5LOzymozan24","male",NA,0,NA,"300GS",450,50,1970,"APC-Cy7-A","CD14",2.4606181259595
"BM_Neu_073.fcs",73,"mature neutrophils","Comp-BB700-A",793,"MFI","Femur","mouse19","rep3","5LOzymozan24","male",NA,0,NA,"300GS",450,50,1970,"BB700-A","CD16/32",2.36716233556344
"BM_Neu_073.fcs",73,"mature neutrophils","Comp-BUV395-A",28.3,"MFI","Femur","mouse19","rep3","5LOzymozan24","male",NA,0,NA,"300GS",450,50,1970,"BUV395-A","Sca1",0.187564955503469
"BM_Neu_073.fcs",73,"mature neutrophils","Comp-BUV496-A",1152,"MFI","Femur","mouse19","rep3","5LOzymozan24","male",NA,0,NA,"300GS",450,50,1970,"BUV496-A","MHCII",2.73597858327895
"BM_Neu_073.fcs",73,"mature neutrophils","Comp-BUV563-A",209,"MFI","Femur","mouse19","rep3","5LOzymozan24","male",NA,0,NA,"300GS",450,50,1970,"BUV563-A","CD106",1.13410100631871
"BM_Neu_073.fcs",73,"mature neutrophils","Comp-BUV615-A",367,"MFI","Femur","mouse19","rep3","5LOzymozan24","male",NA,0,NA,"300GS",450,50,1970,"BUV615-A","CCR5",1.62723942756481
"BM_Neu_073.fcs",73,"mature neutrophils","Comp-BUV661-A",3061,"MFI","Femur","mouse19","rep3","5LOzymozan24","male",NA,0,NA,"300GS",450,50,1970,"BUV661-A","CD74",3.70960862356688
"BM_Neu_073.fcs",73,"mature neutrophils","Comp-BUV737-A",7079,"MFI","Femur","mouse19","rep3","5LOzymozan24","male",NA,0,NA,"300GS",450,50,1970,"BUV737-A","Ly6G",4.54751204936656
"BM_Neu_073.fcs",73,"mature neutrophils","Comp-BUV805-A",14391,"MFI","Femur","mouse19","rep3","5LOzymozan24","male",NA,0,NA,"300GS",450,50,1970,"BUV805-A","CD45",5.25689733620372
"BM_Neu_073.fcs",73,"mature neutrophils","Comp-BV421-A",1205,"MFI","Femur","mouse19","rep3","5LOzymozan24","male",NA,0,NA,"300GS",450,50,1970,"BV421-A","PDL1",2.78059831381442
"BM_Neu_073.fcs",73,"mature neutrophils","Comp-BV570-A",984,"MFI","Femur","mouse19","rep3","5LOzymozan24","male",NA,0,NA,"300GS",450,50,1970,"BV570-A","CD44",2.57989721736081
"BM_Neu_073.fcs",73,"mature neutrophils","Comp-BV605-A",919,"MFI","Femur","mouse19","rep3","5LOzymozan24","male",NA,0,NA,"300GS",450,50,1970,"BV605-A","CD115",2.51239270296275
"BM_Neu_073.fcs",73,"mature neutrophils","Comp-BV650-A",9575,"MFI","Femur","mouse19","rep3","5LOzymozan24","male",NA,0,NA,"300GS",450,50,1970,"BV650-A","Ly6C",4.84948404916056
"BM_Neu_073.fcs",73,"mature neutrophils","Comp-BV711-A",884,"MFI","Femur","mouse19","rep3","5LOzymozan24","male",NA,0,NA,"300GS",450,50,1970,"BV711-A","CD39",2.47409055226008
"BM_Neu_073.fcs",73,"mature neutrophils","Comp-BV786-A",4629,"MFI","Femur","mouse19","rep3","5LOzymozan24","male",NA,0,NA,"300GS",450,50,1970,"BV786-A","CD11b",4.12287043558511
"BM_Neu_073.fcs",73,"mature neutrophils","Comp-FITC-A",-54.4,"MFI","Femur","mouse19","rep3","5LOzymozan24","male",NA,0,NA,"300GS",450,50,1970,"FITC-A","CX3CR1",-0.355153295467303
"BM_Neu_073.fcs",73,"mature neutrophils","Comp-PE-A",618,"MFI","Femur","mouse19","rep3","5LOzymozan24","male",NA,0,NA,"300GS",450,50,1970,"PE-A","DC-Trail-R1",2.12341328549348
"BM_Neu_073.fcs",73,"mature neutrophils","Comp-PE-Cy5-A",-553,"MFI","Femur","mouse19","rep3","5LOzymozan24","male",NA,0,NA,"300GS",450,50,1970,"PE-Cy5-A","CD150",-2.01577601512913
"BM_Neu_073.fcs",73,"mature neutrophils","Comp-PE-Cy7-A",230,"MFI","Femur","mouse19","rep3","5LOzymozan24","male",NA,0,NA,"300GS",450,50,1970,"PE-Cy7-A","CD101",1.21311212195106
"BM_Neu_073.fcs",73,"mature neutrophils","Comp-PE-Texas Red-A",1949,"MFI","Femur","mouse19","rep3","5LOzymozan24","male",NA,0,NA,"300GS",450,50,1970,"PE-Texas Red-A","ICAM1",3.25906111589225
"BM_Neu_074.fcs",74,"mature neutrophils","Comp-APC-A",-87,"MFI","Lumbar","mouse19","rep3","5LOzymozan24","male",NA,0,NA,"300GS",450,40,1970,"APC-A","CD117",-0.551599561577318
"BM_Neu_074.fcs",74,"mature neutrophils","Comp-APC-Cy7-A",856,"MFI","Lumbar","mouse19","rep3","5LOzymozan24","male",NA,0,NA,"300GS",450,40,1970,"APC-Cy7-A","CD14",2.44237205069579
"BM_Neu_074.fcs",74,"mature neutrophils","Comp-BB700-A",767,"MFI","Lumbar","mouse19","rep3","5LOzymozan24","male",NA,0,NA,"300GS",450,40,1970,"BB700-A","CD16/32",2.33442602050424
"BM_Neu_074.fcs",74,"mature neutrophils","Comp-BUV395-A",-35.8,"MFI","Lumbar","mouse19","rep3","5LOzymozan24","male",NA,0,NA,"300GS",450,40,1970,"BUV395-A","Sca1",-0.236457036909177
"BM_Neu_074.fcs",74,"mature neutrophils","Comp-BUV496-A",1158,"MFI","Lumbar","mouse19","rep3","5LOzymozan24","male",NA,0,NA,"300GS",450,40,1970,"BUV496-A","MHCII",2.74113013762744
"BM_Neu_074.fcs",74,"mature neutrophils","Comp-BUV563-A",173,"MFI","Lumbar","mouse19","rep3","5LOzymozan24","male",NA,0,NA,"300GS",450,40,1970,"BUV563-A","CD106",0.985751612367581
"BM_Neu_074.fcs",74,"mature neutrophils","Comp-BUV615-A",340,"MFI","Lumbar","mouse19","rep3","5LOzymozan24","male",NA,0,NA,"300GS",450,40,1970,"BUV615-A","CCR5",1.5569060738532
"BM_Neu_074.fcs",74,"mature neutrophils","Comp-BUV661-A",2697,"MFI","Lumbar","mouse19","rep3","5LOzymozan24","male",NA,0,NA,"300GS",450,40,1970,"BUV661-A","CD74",3.58317963657832
"BM_Neu_074.fcs",74,"mature neutrophils","Comp-BUV737-A",6890,"MFI","Lumbar","mouse19","rep3","5LOzymozan24","male",NA,0,NA,"300GS",450,40,1970,"BUV737-A","Ly6G",4.52045672006718
"BM_Neu_074.fcs",74,"mature neutrophils","Comp-BUV805-A",13387,"MFI","Lumbar","mouse19","rep3","5LOzymozan24","male",NA,0,NA,"300GS",450,40,1970,"BUV805-A","CD45",5.18458263821948
"BM_Neu_074.fcs",74,"mature neutrophils","Comp-BV421-A",1108,"MFI","Lumbar","mouse19","rep3","5LOzymozan24","male",NA,0,NA,"300GS",450,40,1970,"BV421-A","PDL1",2.69737445282757
"BM_Neu_074.fcs",74,"mature neutrophils","Comp-BV570-A",908,"MFI","Lumbar","mouse19","rep3","5LOzymozan24","male",NA,0,NA,"300GS",450,40,1970,"BV570-A","CD44",2.5005100974177
"BM_Neu_074.fcs",74,"mature neutrophils","Comp-BV605-A",854,"MFI","Lumbar","mouse19","rep3","5LOzymozan24","male",NA,0,NA,"300GS",450,40,1970,"BV605-A","CD115",2.44006805668212
"BM_Neu_074.fcs",74,"mature neutrophils","Comp-BV650-A",8944,"MFI","Lumbar","mouse19","rep3","5LOzymozan24","male",NA,0,NA,"300GS",450,40,1970,"BV650-A","Ly6C",4.78132039121832
"BM_Neu_074.fcs",74,"mature neutrophils","Comp-BV711-A",742,"MFI","Lumbar","mouse19","rep3","5LOzymozan24","male",NA,0,NA,"300GS",450,40,1970,"BV711-A","CD39",2.30192481336735
"BM_Neu_074.fcs",74,"mature neutrophils","Comp-BV786-A",4494,"MFI","Lumbar","mouse19","rep3","5LOzymozan24","male",NA,0,NA,"300GS",450,40,1970,"BV786-A","CD11b",4.09328874292348
"BM_Neu_074.fcs",74,"mature neutrophils","Comp-FITC-A",-45.3,"MFI","Lumbar","mouse19","rep3","5LOzymozan24","male",NA,0,NA,"300GS",450,40,1970,"FITC-A","CX3CR1",-0.297588172009863
"BM_Neu_074.fcs",74,"mature neutrophils","Comp-PE-A",568,"MFI","Lumbar","mouse19","rep3","5LOzymozan24","male",NA,0,NA,"300GS",450,40,1970,"PE-A","DC-Trail-R1",2.04162938159337
"BM_Neu_074.fcs",74,"mature neutrophils","Comp-PE-Cy5-A",-513,"MFI","Lumbar","mouse19","rep3","5LOzymozan24","male",NA,0,NA,"300GS",450,40,1970,"PE-Cy5-A","CD150",-1.9435073801828
"BM_Neu_074.fcs",74,"mature neutrophils","Comp-PE-Cy7-A",227,"MFI","Lumbar","mouse19","rep3","5LOzymozan24","male",NA,0,NA,"300GS",450,40,1970,"PE-Cy7-A","CD101",1.20213653544285
"BM_Neu_074.fcs",74,"mature neutrophils","Comp-PE-Texas Red-A",1723,"MFI","Lumbar","mouse19","rep3","5LOzymozan24","male",NA,0,NA,"300GS",450,40,1970,"PE-Texas Red-A","ICAM1",3.13622351068103
"BM_Neu_075.fcs",75,"mature neutrophils","Comp-APC-A",-135,"MFI","Sternum","mouse19","rep3","5LOzymozan24","male",NA,0,NA,"300GS",150,80,1970,"APC-A","CD117",-0.808866935652782
"BM_Neu_075.fcs",75,"mature neutrophils","Comp-APC-Cy7-A",855,"MFI","Sternum","mouse19","rep3","5LOzymozan24","male",NA,0,NA,"300GS",150,80,1970,"APC-Cy7-A","CD14",2.44122070725561
"BM_Neu_075.fcs",75,"mature neutrophils","Comp-BB700-A",726,"MFI","Sternum","mouse19","rep3","5LOzymozan24","male",NA,0,NA,"300GS",150,80,1970,"BB700-A","CD16/32",2.28056708789997
"BM_Neu_075.fcs",75,"mature neutrophils","Comp-BUV395-A",160,"MFI","Sternum","mouse19","rep3","5LOzymozan24","male",NA,0,NA,"300GS",150,80,1970,"BUV395-A","Sca1",0.927737294614871
"BM_Neu_075.fcs",75,"mature neutrophils","Comp-BUV496-A",1222,"MFI","Sternum","mouse19","rep3","5LOzymozan24","male",NA,0,NA,"300GS",150,80,1970,"BUV496-A","MHCII",2.79450178421492
"BM_Neu_075.fcs",75,"mature neutrophils","Comp-BUV563-A",177,"MFI","Sternum","mouse19","rep3","5LOzymozan24","male",NA,0,NA,"300GS",150,80,1970,"BUV563-A","CD106",1.00310620783867
"BM_Neu_075.fcs",75,"mature neutrophils","Comp-BUV615-A",450,"MFI","Sternum","mouse19","rep3","5LOzymozan24","male",NA,0,NA,"300GS",150,80,1970,"BUV615-A","CCR5",1.81844645923207
"BM_Neu_075.fcs",75,"mature neutrophils","Comp-BUV661-A",3390,"MFI","Sternum","mouse19","rep3","5LOzymozan24","male",NA,0,NA,"300GS",150,80,1970,"BUV661-A","CD74",3.81158619453923
"BM_Neu_075.fcs",75,"mature neutrophils","Comp-BUV737-A",7117,"MFI","Sternum","mouse19","rep3","5LOzymozan24","male",NA,0,NA,"300GS",150,80,1970,"BUV737-A","Ly6G",4.55286448783381
"BM_Neu_075.fcs",75,"mature neutrophils","Comp-BUV805-A",14521,"MFI","Sternum","mouse19","rep3","5LOzymozan24","male",NA,0,NA,"300GS",150,80,1970,"BUV805-A","CD45",5.26588971846555
"BM_Neu_075.fcs",75,"mature neutrophils","Comp-BV421-A",1328,"MFI","Sternum","mouse19","rep3","5LOzymozan24","male",NA,0,NA,"300GS",150,80,1970,"BV421-A","PDL1",2.87711559181931
"BM_Neu_075.fcs",75,"mature neutrophils","Comp-BV570-A",1182,"MFI","Sternum","mouse19","rep3","5LOzymozan24","male",NA,0,NA,"300GS",150,80,1970,"BV570-A","CD44",2.76147711309862
"BM_Neu_075.fcs",75,"mature neutrophils","Comp-BV605-A",1212,"MFI","Sternum","mouse19","rep3","5LOzymozan24","male",NA,0,NA,"300GS",150,80,1970,"BV605-A","CD115",2.78634652474809
"BM_Neu_075.fcs",75,"mature neutrophils","Comp-BV650-A",10782,"MFI","Sternum","mouse19","rep3","5LOzymozan24","male",NA,0,NA,"300GS",150,80,1970,"BV650-A","Ly6C",4.96819362542625
"BM_Neu_075.fcs",75,"mature neutrophils","Comp-BV711-A",820,"MFI","Sternum","mouse19","rep3","5LOzymozan24","male",NA,0,NA,"300GS",150,80,1970,"BV711-A","CD39",2.40007871877145
"BM_Neu_075.fcs",75,"mature neutrophils","Comp-BV786-A",4829,"MFI","Sternum","mouse19","rep3","5LOzymozan24","male",NA,0,NA,"300GS",150,80,1970,"BV786-A","CD11b",4.16514770221881
"BM_Neu_075.fcs",75,"mature neutrophils","Comp-FITC-A",-49.1,"MFI","Sternum","mouse19","rep3","5LOzymozan24","male",NA,0,NA,"300GS",150,80,1970,"FITC-A","CX3CR1",-0.321752949178967
"BM_Neu_075.fcs",75,"mature neutrophils","Comp-PE-A",596,"MFI","Sternum","mouse19","rep3","5LOzymozan24","male",NA,0,NA,"300GS",150,80,1970,"PE-A","DC-Trail-R1",2.08822455744457
"BM_Neu_075.fcs",75,"mature neutrophils","Comp-PE-Cy5-A",-585,"MFI","Sternum","mouse19","rep3","5LOzymozan24","male",NA,0,NA,"300GS",150,80,1970,"PE-Cy5-A","CD150",-2.07016923992771
"BM_Neu_075.fcs",75,"mature neutrophils","Comp-PE-Cy7-A",244,"MFI","Sternum","mouse19","rep3","5LOzymozan24","male",NA,0,NA,"300GS",150,80,1970,"PE-Cy7-A","CD101",1.26303248102045
"BM_Neu_075.fcs",75,"mature neutrophils","Comp-PE-Texas Red-A",2031,"MFI","Sternum","mouse19","rep3","5LOzymozan24","male",NA,0,NA,"300GS",150,80,1970,"PE-Texas Red-A","ICAM1",3.30015631641385
"BM_Neu_076.fcs",76,"mature neutrophils","Comp-APC-A",-105,"MFI","Calvaria","mouse19","rep3","5LOzymozan24","male",NA,0,NA,"300GS",300,80,1970,"APC-A","CD117",-0.652666566082356
"BM_Neu_076.fcs",76,"mature neutrophils","Comp-APC-Cy7-A",923,"MFI","Calvaria","mouse19","rep3","5LOzymozan24","male",NA,0,NA,"300GS",300,80,1970,"APC-Cy7-A","CD14",2.51667933428919
"BM_Neu_076.fcs",76,"mature neutrophils","Comp-BB700-A",768,"MFI","Calvaria","mouse19","rep3","5LOzymozan24","male",NA,0,NA,"300GS",300,80,1970,"BB700-A","CD16/32",2.33570475932935
"BM_Neu_076.fcs",76,"mature neutrophils","Comp-BUV395-A",41.6,"MFI","Calvaria","mouse19","rep3","5LOzymozan24","male",NA,0,NA,"300GS",300,80,1970,"BUV395-A","Sca1",0.273895900536058
"BM_Neu_076.fcs",76,"mature neutrophils","Comp-BUV496-A",1237,"MFI","Calvaria","mouse19","rep3","5LOzymozan24","male",NA,0,NA,"300GS",300,80,1970,"BUV496-A","MHCII",2.80661221722629
"BM_Neu_076.fcs",76,"mature neutrophils","Comp-BUV563-A",196,"MFI","Calvaria","mouse19","rep3","5LOzymozan24","male",NA,0,NA,"300GS",300,80,1970,"BUV563-A","CD106",1.08250925935405
"BM_Neu_076.fcs",76,"mature neutrophils","Comp-BUV615-A",361,"MFI","Calvaria","mouse19","rep3","5LOzymozan24","male",NA,0,NA,"300GS",300,80,1970,"BUV615-A","CCR5",1.61199898492346
"BM_Neu_076.fcs",76,"mature neutrophils","Comp-BUV661-A",2995,"MFI","Calvaria","mouse19","rep3","5LOzymozan24","male",NA,0,NA,"300GS",300,80,1970,"BUV661-A","CD74",3.68783789652706
"BM_Neu_076.fcs",76,"mature neutrophils","Comp-BUV737-A",7549,"MFI","Calvaria","mouse19","rep3","5LOzymozan24","male",NA,0,NA,"300GS",300,80,1970,"BUV737-A","Ly6G",4.61178096102022
"BM_Neu_076.fcs",76,"mature neutrophils","Comp-BUV805-A",14345,"MFI","Calvaria","mouse19","rep3","5LOzymozan24","male",NA,0,NA,"300GS",300,80,1970,"BUV805-A","CD45",5.2536959489059
"BM_Neu_076.fcs",76,"mature neutrophils","Comp-BV421-A",1214,"MFI","Calvaria","mouse19","rep3","5LOzymozan24","male",NA,0,NA,"300GS",300,80,1970,"BV421-A","PDL1",2.78798286582596
"BM_Neu_076.fcs",76,"mature neutrophils","Comp-BV570-A",1154,"MFI","Calvaria","mouse19","rep3","5LOzymozan24","male",NA,0,NA,"300GS",300,80,1970,"BV570-A","CD44",2.73769869387216
"BM_Neu_076.fcs",76,"mature neutrophils","Comp-BV605-A",1182,"MFI","Calvaria","mouse19","rep3","5LOzymozan24","male",NA,0,NA,"300GS",300,80,1970,"BV605-A","CD115",2.76147711309862
"BM_Neu_076.fcs",76,"mature neutrophils","Comp-BV650-A",9977,"MFI","Calvaria","mouse19","rep3","5LOzymozan24","male",NA,0,NA,"300GS",300,80,1970,"BV650-A","Ly6C",4.89060611423322
"BM_Neu_076.fcs",76,"mature neutrophils","Comp-BV711-A",770,"MFI","Calvaria","mouse19","rep3","5LOzymozan24","male",NA,0,NA,"300GS",300,80,1970,"BV711-A","CD39",2.33825743240257
"BM_Neu_076.fcs",76,"mature neutrophils","Comp-BV786-A",4798,"MFI","Calvaria","mouse19","rep3","5LOzymozan24","male",NA,0,NA,"300GS",300,80,1970,"BV786-A","CD11b",4.15871058455854
"BM_Neu_076.fcs",76,"mature neutrophils","Comp-FITC-A",-49.6,"MFI","Calvaria","mouse19","rep3","5LOzymozan24","male",NA,0,NA,"300GS",300,80,1970,"FITC-A","CX3CR1",-0.324919318073253
"BM_Neu_076.fcs",76,"mature neutrophils","Comp-PE-A",614,"MFI","Calvaria","mouse19","rep3","5LOzymozan24","male",NA,0,NA,"300GS",300,80,1970,"PE-A","DC-Trail-R1",2.11710411805747
"BM_Neu_076.fcs",76,"mature neutrophils","Comp-PE-Cy5-A",-599,"MFI","Calvaria","mouse19","rep3","5LOzymozan24","male",NA,0,NA,"300GS",300,80,1970,"PE-Cy5-A","CD150",-2.09309437364791
"BM_Neu_076.fcs",76,"mature neutrophils","Comp-PE-Cy7-A",248,"MFI","Calvaria","mouse19","rep3","5LOzymozan24","male",NA,0,NA,"300GS",300,80,1970,"PE-Cy7-A","CD101",1.27691547799218
"BM_Neu_076.fcs",76,"mature neutrophils","Comp-PE-Texas Red-A",2018,"MFI","Calvaria","mouse19","rep3","5LOzymozan24","male",NA,0,NA,"300GS",300,80,1970,"PE-Texas Red-A","ICAM1",3.29375250941221
"BM_Neu_077.fcs",77,"mature neutrophils","Comp-APC-A",-92.1,"MFI","Femur","mouse20","rep4","5LOzymozan24","male",NA,0,NA,"300GS",450,50,1970,"APC-A","CD117",-0.580792668590389
"BM_Neu_077.fcs",77,"mature neutrophils","Comp-APC-Cy7-A",726,"MFI","Femur","mouse20","rep4","5LOzymozan24","male",NA,0,NA,"300GS",450,50,1970,"APC-Cy7-A","CD14",2.28056708789997
"BM_Neu_077.fcs",77,"mature neutrophils","Comp-BB700-A",704,"MFI","Femur","mouse20","rep4","5LOzymozan24","male",NA,0,NA,"300GS",450,50,1970,"BB700-A","CD16/32",2.25045127055567
"BM_Neu_077.fcs",77,"mature neutrophils","Comp-BUV395-A",-34.6,"MFI","Femur","mouse20","rep4","5LOzymozan24","male",NA,0,NA,"300GS",450,50,1970,"BUV395-A","Sca1",-0.228668628013515
"BM_Neu_077.fcs",77,"mature neutrophils","Comp-BUV496-A",1153,"MFI","Femur","mouse20","rep4","5LOzymozan24","male",NA,0,NA,"300GS",450,50,1970,"BUV496-A","MHCII",2.73683900533244
"BM_Neu_077.fcs",77,"mature neutrophils","Comp-BUV563-A",164,"MFI","Femur","mouse20","rep4","5LOzymozan24","male",NA,0,NA,"300GS",450,50,1970,"BUV563-A","CD106",0.94585499455737
"BM_Neu_077.fcs",77,"mature neutrophils","Comp-BUV615-A",398,"MFI","Femur","mouse20","rep4","5LOzymozan24","male",NA,0,NA,"300GS",450,50,1970,"BUV615-A","CCR5",1.70271950105717
"BM_Neu_077.fcs",77,"mature neutrophils","Comp-BUV661-A",2674,"MFI","Femur","mouse20","rep4","5LOzymozan24","male",NA,0,NA,"300GS",450,50,1970,"BUV661-A","CD74",3.57462840035971
"BM_Neu_077.fcs",77,"mature neutrophils","Comp-BUV737-A",6286,"MFI","Femur","mouse20","rep4","5LOzymozan24","male",NA,0,NA,"300GS",450,50,1970,"BUV737-A","Ly6G",4.42873442877668
"BM_Neu_077.fcs",77,"mature neutrophils","Comp-BUV805-A",12125,"MFI","Femur","mouse20","rep4","5LOzymozan24","male",NA,0,NA,"300GS",450,50,1970,"BUV805-A","CD45",5.08557486131292
"BM_Neu_077.fcs",77,"mature neutrophils","Comp-BV421-A",892,"MFI","Femur","mouse20","rep4","5LOzymozan24","male",NA,0,NA,"300GS",450,50,1970,"BV421-A","PDL1",2.48297377426989
"BM_Neu_077.fcs",77,"mature neutrophils","Comp-BV570-A",880,"MFI","Femur","mouse20","rep4","5LOzymozan24","male",NA,0,NA,"300GS",450,50,1970,"BV570-A","CD44",2.46961959381661
"BM_Neu_077.fcs",77,"mature neutrophils","Comp-BV605-A",820,"MFI","Femur","mouse20","rep4","5LOzymozan24","male",NA,0,NA,"300GS",450,50,1970,"BV605-A","CD115",2.40007871877145
"BM_Neu_077.fcs",77,"mature neutrophils","Comp-BV650-A",9378,"MFI","Femur","mouse20","rep4","5LOzymozan24","male",NA,0,NA,"300GS",450,50,1970,"BV650-A","Ly6C",4.8286976390376
"BM_Neu_077.fcs",77,"mature neutrophils","Comp-BV711-A",683,"MFI","Femur","mouse20","rep4","5LOzymozan24","male",NA,0,NA,"300GS",450,50,1970,"BV711-A","CD39",2.22085247463907
"BM_Neu_077.fcs",77,"mature neutrophils","Comp-BV786-A",3579,"MFI","Femur","mouse20","rep4","5LOzymozan24","male",NA,0,NA,"300GS",450,50,1970,"BV786-A","CD11b",3.86578944434024
"BM_Neu_077.fcs",77,"mature neutrophils","Comp-FITC-A",-43.6,"MFI","Femur","mouse20","rep4","5LOzymozan24","male",NA,0,NA,"300GS",450,50,1970,"FITC-A","CX3CR1",-0.286721943540633
"BM_Neu_077.fcs",77,"mature neutrophils","Comp-PE-A",546,"MFI","Femur","mouse20","rep4","5LOzymozan24","male",NA,0,NA,"300GS",450,50,1970,"PE-A","DC-Trail-R1",2.00348666604524
"BM_Neu_077.fcs",77,"mature neutrophils","Comp-PE-Cy5-A",-480,"MFI","Femur","mouse20","rep4","5LOzymozan24","male",NA,0,NA,"300GS",450,50,1970,"PE-Cy5-A","CD150",-1.87986358439691
"BM_Neu_077.fcs",77,"mature neutrophils","Comp-PE-Cy7-A",285,"MFI","Femur","mouse20","rep4","5LOzymozan24","male",NA,0,NA,"300GS",450,50,1970,"PE-Cy7-A","CD101",1.39799836511143
"BM_Neu_077.fcs",77,"mature neutrophils","Comp-PE-Texas Red-A",1508,"MFI","Femur","mouse20","rep4","5LOzymozan24","male",NA,0,NA,"300GS",450,50,1970,"PE-Texas Red-A","ICAM1",3.00351585267488
"BM_Neu_078.fcs",78,"mature neutrophils","Comp-APC-A",-73.4,"MFI","Lumbar","mouse20","rep4","5LOzymozan24","male",NA,0,NA,"300GS",450,40,1970,"APC-A","CD117",-0.471650973990914
"BM_Neu_078.fcs",78,"mature neutrophils","Comp-APC-Cy7-A",733,"MFI","Lumbar","mouse20","rep4","5LOzymozan24","male",NA,0,NA,"300GS",450,40,1970,"APC-Cy7-A","CD14",2.28996613024483
"BM_Neu_078.fcs",78,"mature neutrophils","Comp-BB700-A",693,"MFI","Lumbar","mouse20","rep4","5LOzymozan24","male",NA,0,NA,"300GS",450,40,1970,"BB700-A","CD16/32",2.23505397636867
"BM_Neu_078.fcs",78,"mature neutrophils","Comp-BUV395-A",-46.7,"MFI","Lumbar","mouse20","rep4","5LOzymozan24","male",NA,0,NA,"300GS",450,40,1970,"BUV395-A","Sca1",-0.306511322650251
"BM_Neu_078.fcs",78,"mature neutrophils","Comp-BUV496-A",1166,"MFI","Lumbar","mouse20","rep4","5LOzymozan24","male",NA,0,NA,"300GS",450,40,1970,"BUV496-A","MHCII",2.74795819019108
"BM_Neu_078.fcs",78,"mature neutrophils","Comp-BUV563-A",155,"MFI","Lumbar","mouse20","rep4","5LOzymozan24","male",NA,0,NA,"300GS",450,40,1970,"BUV563-A","CD106",0.904748498782685
"BM_Neu_078.fcs",78,"mature neutrophils","Comp-BUV615-A",386,"MFI","Lumbar","mouse20","rep4","5LOzymozan24","male",NA,0,NA,"300GS",450,40,1970,"BUV615-A","CCR5",1.67412736635066
"BM_Neu_078.fcs",78,"mature neutrophils","Comp-BUV661-A",2490,"MFI","Lumbar","mouse20","rep4","5LOzymozan24","male",NA,0,NA,"300GS",450,40,1970,"BUV661-A","CD74",3.50345588720127
"BM_Neu_078.fcs",78,"mature neutrophils","Comp-BUV737-A",6253,"MFI","Lumbar","mouse20","rep4","5LOzymozan24","male",NA,0,NA,"300GS",450,40,1970,"BUV737-A","Ly6G",4.42347234485603
"BM_Neu_078.fcs",78,"mature neutrophils","Comp-BUV805-A",11655,"MFI","Lumbar","mouse20","rep4","5LOzymozan24","male",NA,0,NA,"300GS",450,40,1970,"BUV805-A","CD45",5.04604384466951
"BM_Neu_078.fcs",78,"mature neutrophils","Comp-BV421-A",843,"MFI","Lumbar","mouse20","rep4","5LOzymozan24","male",NA,0,NA,"300GS",450,40,1970,"BV421-A","PDL1",2.42730178591253
"BM_Neu_078.fcs",78,"mature neutrophils","Comp-BV570-A",841,"MFI","Lumbar","mouse20","rep4","5LOzymozan24","male",NA,0,NA,"300GS",450,40,1970,"BV570-A","CD44",2.42496330566366
"BM_Neu_078.fcs",78,"mature neutrophils","Comp-BV605-A",757,"MFI","Lumbar","mouse20","rep4","5LOzymozan24","male",NA,0,NA,"300GS",450,40,1970,"BV605-A","CD115",2.32154959976744
"BM_Neu_078.fcs",78,"mature neutrophils","Comp-BV650-A",8895,"MFI","Lumbar","mouse20","rep4","5LOzymozan24","male",NA,0,NA,"300GS",450,40,1970,"BV650-A","Ly6C",4.77582757260229
"BM_Neu_078.fcs",78,"mature neutrophils","Comp-BV711-A",566,"MFI","Lumbar","mouse20","rep4","5LOzymozan24","male",NA,0,NA,"300GS",450,40,1970,"BV711-A","CD39",2.03821935239462
"BM_Neu_078.fcs",78,"mature neutrophils","Comp-BV786-A",3522,"MFI","Lumbar","mouse20","rep4","5LOzymozan24","male",NA,0,NA,"300GS",450,40,1970,"BV786-A","CD11b",3.8497493324379
"BM_Neu_078.fcs",78,"mature neutrophils","Comp-FITC-A",-41.7,"MFI","Lumbar","mouse20","rep4","5LOzymozan24","male",NA,0,NA,"300GS",450,40,1970,"FITC-A","CX3CR1",-0.274538264202891
"BM_Neu_078.fcs",78,"mature neutrophils","Comp-PE-A",543,"MFI","Lumbar","mouse20","rep4","5LOzymozan24","male",NA,0,NA,"300GS",450,40,1970,"PE-A","DC-Trail-R1",1.99817488370457
"BM_Neu_078.fcs",78,"mature neutrophils","Comp-PE-Cy5-A",-467,"MFI","Lumbar","mouse20","rep4","5LOzymozan24","male",NA,0,NA,"300GS",450,40,1970,"PE-Cy5-A","CD150",-1.85368909618832
"BM_Neu_078.fcs",78,"mature neutrophils","Comp-PE-Cy7-A",298,"MFI","Lumbar","mouse20","rep4","5LOzymozan24","male",NA,0,NA,"300GS",450,40,1970,"PE-Cy7-A","CD101",1.43765667669981
"BM_Neu_078.fcs",78,"mature neutrophils","Comp-PE-Texas Red-A",1464,"MFI","Lumbar","mouse20","rep4","5LOzymozan24","male",NA,0,NA,"300GS",450,40,1970,"PE-Texas Red-A","ICAM1",2.97405377163376
"BM_Neu_079.fcs",79,"mature neutrophils","Comp-APC-A",-98.6,"MFI","Sternum","mouse20","rep4","5LOzymozan24","male",NA,0,NA,"300GS",150,80,1970,"APC-A","CD117",-0.617362594533848
"BM_Neu_079.fcs",79,"mature neutrophils","Comp-APC-Cy7-A",749,"MFI","Sternum","mouse20","rep4","5LOzymozan24","male",NA,0,NA,"300GS",150,80,1970,"APC-Cy7-A","CD14",2.31113006156604
"BM_Neu_079.fcs",79,"mature neutrophils","Comp-BB700-A",655,"MFI","Sternum","mouse20","rep4","5LOzymozan24","male",NA,0,NA,"300GS",150,80,1970,"BB700-A","CD16/32",2.18000765736508
"BM_Neu_079.fcs",79,"mature neutrophils","Comp-BUV395-A",1.06,"MFI","Sternum","mouse20","rep4","5LOzymozan24","male",NA,0,NA,"300GS",150,80,1970,"BUV395-A","Sca1",0.00706660785238339
"BM_Neu_079.fcs",79,"mature neutrophils","Comp-BUV496-A",1234,"MFI","Sternum","mouse20","rep4","5LOzymozan24","male",NA,0,NA,"300GS",150,80,1970,"BUV496-A","MHCII",2.80420174948397
"BM_Neu_079.fcs",79,"mature neutrophils","Comp-BUV563-A",175,"MFI","Sternum","mouse20","rep4","5LOzymozan24","male",NA,0,NA,"300GS",150,80,1970,"BUV563-A","CD106",0.994457493817766
"BM_Neu_079.fcs",79,"mature neutrophils","Comp-BUV615-A",444,"MFI","Sternum","mouse20","rep4","5LOzymozan24","male",NA,0,NA,"300GS",150,80,1970,"BUV615-A","CCR5",1.80572087591206
"BM_Neu_079.fcs",79,"mature neutrophils","Comp-BUV661-A",2844,"MFI","Sternum","mouse20","rep4","5LOzymozan24","male",NA,0,NA,"300GS",150,80,1970,"BUV661-A","CD74",3.63617339892499
"BM_Neu_079.fcs",79,"mature neutrophils","Comp-BUV737-A",6944,"MFI","Sternum","mouse20","rep4","5LOzymozan24","male",NA,0,NA,"300GS",150,80,1970,"BUV737-A","Ly6G",4.52826177732796
"BM_Neu_079.fcs",79,"mature neutrophils","Comp-BUV805-A",12447,"MFI","Sternum","mouse20","rep4","5LOzymozan24","male",NA,0,NA,"300GS",150,80,1970,"BUV805-A","CD45",5.11178310072012
"BM_Neu_079.fcs",79,"mature neutrophils","Comp-BV421-A",1021,"MFI","Sternum","mouse20","rep4","5LOzymozan24","male",NA,0,NA,"300GS",150,80,1970,"BV421-A","PDL1",2.61640253482932
"BM_Neu_079.fcs",79,"mature neutrophils","Comp-BV570-A",914,"MFI","Sternum","mouse20","rep4","5LOzymozan24","male",NA,0,NA,"300GS",150,80,1970,"BV570-A","CD44",2.50700878483465
"BM_Neu_079.fcs",79,"mature neutrophils","Comp-BV605-A",844,"MFI","Sternum","mouse20","rep4","5LOzymozan24","male",NA,0,NA,"300GS",150,80,1970,"BV605-A","CD115",2.42846901018422
"BM_Neu_079.fcs",79,"mature neutrophils","Comp-BV650-A",10085,"MFI","Sternum","mouse20","rep4","5LOzymozan24","male",NA,0,NA,"300GS",150,80,1970,"BV650-A","Ly6C",4.90137163806993
"BM_Neu_079.fcs",79,"mature neutrophils","Comp-BV711-A",629,"MFI","Sternum","mouse20","rep4","5LOzymozan24","male",NA,0,NA,"300GS",150,80,1970,"BV711-A","CD39",2.14056661049907
"BM_Neu_079.fcs",79,"mature neutrophils","Comp-BV786-A",3867,"MFI","Sternum","mouse20","rep4","5LOzymozan24","male",NA,0,NA,"300GS",150,80,1970,"BV786-A","CD11b",3.94312212736276
"BM_Neu_079.fcs",79,"mature neutrophils","Comp-FITC-A",-45.1,"MFI","Sternum","mouse20","rep4","5LOzymozan24","male",NA,0,NA,"300GS",150,80,1970,"FITC-A","CX3CR1",-0.296311539804959
"BM_Neu_079.fcs",79,"mature neutrophils","Comp-PE-A",525,"MFI","Sternum","mouse20","rep4","5LOzymozan24","male",NA,0,NA,"300GS",150,80,1970,"PE-A","DC-Trail-R1",1.96572047164965
"BM_Neu_079.fcs",79,"mature neutrophils","Comp-PE-Cy5-A",-487,"MFI","Sternum","mouse20","rep4","5LOzymozan24","male",NA,0,NA,"300GS",150,80,1970,"PE-Cy5-A","CD150",-1.89369138975365
"BM_Neu_079.fcs",79,"mature neutrophils","Comp-PE-Cy7-A",303,"MFI","Sternum","mouse20","rep4","5LOzymozan24","male",NA,0,NA,"300GS",150,80,1970,"PE-Cy7-A","CD101",1.45254413624738
"BM_Neu_079.fcs",79,"mature neutrophils","Comp-PE-Texas Red-A",1541,"MFI","Sternum","mouse20","rep4","5LOzymozan24","male",NA,0,NA,"300GS",150,80,1970,"PE-Texas Red-A","ICAM1",3.02505908863646
"BM_Neu_080.fcs",80,"mature neutrophils","Comp-APC-A",-74.4,"MFI","Calvaria","mouse20","rep4","5LOzymozan24","male",NA,0,NA,"300GS",300,80,1970,"APC-A","CD117",-0.477631257199912
"BM_Neu_080.fcs",80,"mature neutrophils","Comp-APC-Cy7-A",777,"MFI","Calvaria","mouse20","rep4","5LOzymozan24","male",NA,0,NA,"300GS",300,80,1970,"APC-Cy7-A","CD14",2.34714175050764
"BM_Neu_080.fcs",80,"mature neutrophils","Comp-BB700-A",696,"MFI","Calvaria","mouse20","rep4","5LOzymozan24","male",NA,0,NA,"300GS",300,80,1970,"BB700-A","CD16/32",2.23927627718837
"BM_Neu_080.fcs",80,"mature neutrophils","Comp-BUV395-A",-62.3,"MFI","Calvaria","mouse20","rep4","5LOzymozan24","male",NA,0,NA,"300GS",300,80,1970,"BUV395-A","Sca1",-0.404234047744148
"BM_Neu_080.fcs",80,"mature neutrophils","Comp-BUV496-A",1195,"MFI","Calvaria","mouse20","rep4","5LOzymozan24","male",NA,0,NA,"300GS",300,80,1970,"BUV496-A","MHCII",2.77232928547863
"BM_Neu_080.fcs",80,"mature neutrophils","Comp-BUV563-A",155,"MFI","Calvaria","mouse20","rep4","5LOzymozan24","male",NA,0,NA,"300GS",300,80,1970,"BUV563-A","CD106",0.904748498782685
"BM_Neu_080.fcs",80,"mature neutrophils","Comp-BUV615-A",371,"MFI","Calvaria","mouse20","rep4","5LOzymozan24","male",NA,0,NA,"300GS",300,80,1970,"BUV615-A","CCR5",1.63728160223446
"BM_Neu_080.fcs",80,"mature neutrophils","Comp-BUV661-A",2516,"MFI","Calvaria","mouse20","rep4","5LOzymozan24","male",NA,0,NA,"300GS",300,80,1970,"BUV661-A","CD74",3.51382491188573
"BM_Neu_080.fcs",80,"mature neutrophils","Comp-BUV737-A",6642,"MFI","Calvaria","mouse20","rep4","5LOzymozan24","male",NA,0,NA,"300GS",300,80,1970,"BUV737-A","Ly6G",4.48380776830746
"BM_Neu_080.fcs",80,"mature neutrophils","Comp-BUV805-A",12345,"MFI","Calvaria","mouse20","rep4","5LOzymozan24","male",NA,0,NA,"300GS",300,80,1970,"BUV805-A","CD45",5.1035551958846
"BM_Neu_080.fcs",80,"mature neutrophils","Comp-BV421-A",922,"MFI","Calvaria","mouse20","rep4","5LOzymozan24","male",NA,0,NA,"300GS",300,80,1970,"BV421-A","PDL1",2.51560937554717
"BM_Neu_080.fcs",80,"mature neutrophils","Comp-BV570-A",918,"MFI","Calvaria","mouse20","rep4","5LOzymozan24","male",NA,0,NA,"300GS",300,80,1970,"BV570-A","CD44",2.51131820541601
"BM_Neu_080.fcs",80,"mature neutrophils","Comp-BV605-A",855,"MFI","Calvaria","mouse20","rep4","5LOzymozan24","male",NA,0,NA,"300GS",300,80,1970,"BV605-A","CD115",2.44122070725561
"BM_Neu_080.fcs",80,"mature neutrophils","Comp-BV650-A",9363,"MFI","Calvaria","mouse20","rep4","5LOzymozan24","male",NA,0,NA,"300GS",300,80,1970,"BV650-A","Ly6C",4.82709707538301
"BM_Neu_080.fcs",80,"mature neutrophils","Comp-BV711-A",676,"MFI","Calvaria","mouse20","rep4","5LOzymozan24","male",NA,0,NA,"300GS",300,80,1970,"BV711-A","CD39",2.21079289175438
"BM_Neu_080.fcs",80,"mature neutrophils","Comp-BV786-A",3726,"MFI","Calvaria","mouse20","rep4","5LOzymozan24","male",NA,0,NA,"300GS",300,80,1970,"BV786-A","CD11b",3.90600736117793
"BM_Neu_080.fcs",80,"mature neutrophils","Comp-FITC-A",-41.3,"MFI","Calvaria","mouse20","rep4","5LOzymozan24","male",NA,0,NA,"300GS",300,80,1970,"FITC-A","CX3CR1",-0.271968148611796
"BM_Neu_080.fcs",80,"mature neutrophils","Comp-PE-A",533,"MFI","Calvaria","mouse20","rep4","5LOzymozan24","male",NA,0,NA,"300GS",300,80,1970,"PE-A","DC-Trail-R1",1.98026997839917
"BM_Neu_080.fcs",80,"mature neutrophils","Comp-PE-Cy5-A",-495,"MFI","Calvaria","mouse20","rep4","5LOzymozan24","male",NA,0,NA,"300GS",300,80,1970,"PE-Cy5-A","CD150",-1.90927401401634
"BM_Neu_080.fcs",80,"mature neutrophils","Comp-PE-Cy7-A",337,"MFI","Calvaria","mouse20","rep4","5LOzymozan24","male",NA,0,NA,"300GS",300,80,1970,"PE-Cy7-A","CD101",1.54880332396044
"BM_Neu_080.fcs",80,"mature neutrophils","Comp-PE-Texas Red-A",1550,"MFI","Calvaria","mouse20","rep4","5LOzymozan24","male",NA,0,NA,"300GS",300,80,1970,"PE-Texas Red-A","ICAM1",3.03085522742482
"BM_Neu_081.fcs",81,"mature neutrophils","Comp-APC-A",-65.4,"MFI","Femur","mouse21","rep1","15LOzymozan24","male",NA,0,NA,"300GS",450,50,1970,"APC-A","CD117",-0.4232494988953
"BM_Neu_081.fcs",81,"mature neutrophils","Comp-APC-Cy7-A",768,"MFI","Femur","mouse21","rep1","15LOzymozan24","male",NA,0,NA,"300GS",450,50,1970,"APC-Cy7-A","CD14",2.33570475932935
"BM_Neu_081.fcs",81,"mature neutrophils","Comp-BB700-A",918,"MFI","Femur","mouse21","rep1","15LOzymozan24","male",NA,0,NA,"300GS",450,50,1970,"BB700-A","CD16/32",2.51131820541601
"BM_Neu_081.fcs",81,"mature neutrophils","Comp-BUV395-A",150,"MFI","Femur","mouse21","rep1","15LOzymozan24","male",NA,0,NA,"300GS",450,50,1970,"BUV395-A","Sca1",0.881373587019543
"BM_Neu_081.fcs",81,"mature neutrophils","Comp-BUV496-A",1332,"MFI","Femur","mouse21","rep1","15LOzymozan24","male",NA,0,NA,"300GS",450,50,1970,"BUV496-A","MHCII",2.88010416588597
"BM_Neu_081.fcs",81,"mature neutrophils","Comp-BUV563-A",219,"MFI","Femur","mouse21","rep1","15LOzymozan24","male",NA,0,NA,"300GS",450,50,1970,"BUV563-A","CD106",1.17236842496706
"BM_Neu_081.fcs",81,"mature neutrophils","Comp-BUV615-A",421,"MFI","Femur","mouse21","rep1","15LOzymozan24","male",NA,0,NA,"300GS",450,50,1970,"BUV615-A","CCR5",1.75546877949743
"BM_Neu_081.fcs",81,"mature neutrophils","Comp-BUV661-A",2863,"MFI","Femur","mouse21","rep1","15LOzymozan24","male",NA,0,NA,"300GS",450,50,1970,"BUV661-A","CD74",3.64282273224417
"BM_Neu_081.fcs",81,"mature neutrophils","Comp-BUV737-A",6078,"MFI","Femur","mouse21","rep1","15LOzymozan24","male",NA,0,NA,"300GS",450,50,1970,"BUV737-A","Ly6G",4.39509509054267
"BM_Neu_081.fcs",81,"mature neutrophils","Comp-BUV805-A",13648,"MFI","Femur","mouse21","rep1","15LOzymozan24","male",NA,0,NA,"300GS",450,50,1970,"BUV805-A","CD45",5.20389035326666
"BM_Neu_081.fcs",81,"mature neutrophils","Comp-BV421-A",1081,"MFI","Femur","mouse21","rep1","15LOzymozan24","male",NA,0,NA,"300GS",450,50,1970,"BV421-A","PDL1",2.67293292759441
"BM_Neu_081.fcs",81,"mature neutrophils","Comp-BV570-A",1214,"MFI","Femur","mouse21","rep1","15LOzymozan24","male",NA,0,NA,"300GS",450,50,1970,"BV570-A","CD44",2.78798286582596
"BM_Neu_081.fcs",81,"mature neutrophils","Comp-BV605-A",1194,"MFI","Femur","mouse21","rep1","15LOzymozan24","male",NA,0,NA,"300GS",450,50,1970,"BV605-A","CD115",2.77149863877487
"BM_Neu_081.fcs",81,"mature neutrophils","Comp-BV650-A",9495,"MFI","Femur","mouse21","rep1","15LOzymozan24","male",NA,0,NA,"300GS",450,50,1970,"BV650-A","Ly6C",4.84109489640051
"BM_Neu_081.fcs",81,"mature neutrophils","Comp-BV711-A",585,"MFI","Femur","mouse21","rep1","15LOzymozan24","male",NA,0,NA,"300GS",450,50,1970,"BV711-A","CD39",2.07016923992771
"BM_Neu_081.fcs",81,"mature neutrophils","Comp-BV786-A",4362,"MFI","Femur","mouse21","rep1","15LOzymozan24","male",NA,0,NA,"300GS",450,50,1970,"BV786-A","CD11b",4.0634933340526
"BM_Neu_081.fcs",81,"mature neutrophils","Comp-FITC-A",-51.3,"MFI","Femur","mouse21","rep1","15LOzymozan24","male",NA,0,NA,"300GS",450,50,1970,"FITC-A","CX3CR1",-0.335661319263548
"BM_Neu_081.fcs",81,"mature neutrophils","Comp-PE-A",716,"MFI","Femur","mouse21","rep1","15LOzymozan24","male",NA,0,NA,"300GS",450,50,1970,"PE-A","DC-Trail-R1",2.26698801752195
"BM_Neu_081.fcs",81,"mature neutrophils","Comp-PE-Cy5-A",-613,"MFI","Femur","mouse21","rep1","15LOzymozan24","male",NA,0,NA,"300GS",450,50,1970,"PE-Cy5-A","CD150",-2.11552076513648
"BM_Neu_081.fcs",81,"mature neutrophils","Comp-PE-Cy7-A",211,"MFI","Femur","mouse21","rep1","15LOzymozan24","male",NA,0,NA,"300GS",450,50,1970,"PE-Cy7-A","CD101",1.14185086803348
"BM_Neu_081.fcs",81,"mature neutrophils","Comp-PE-Texas Red-A",2045,"MFI","Femur","mouse21","rep1","15LOzymozan24","male",NA,0,NA,"300GS",450,50,1970,"PE-Texas Red-A","ICAM1",3.30700729149016
"BM_Neu_082.fcs",82,"mature neutrophils","Comp-APC-A",-60.9,"MFI","Lumbar","mouse21","rep1","15LOzymozan24","male",NA,0,NA,"300GS",450,40,1970,"APC-A","CD117",-0.395600400169062
"BM_Neu_082.fcs",82,"mature neutrophils","Comp-APC-Cy7-A",707,"MFI","Lumbar","mouse21","rep1","15LOzymozan24","male",NA,0,NA,"300GS",450,40,1970,"APC-Cy7-A","CD14",2.25461060688482
"BM_Neu_082.fcs",82,"mature neutrophils","Comp-BB700-A",882,"MFI","Lumbar","mouse21","rep1","15LOzymozan24","male",NA,0,NA,"300GS",450,40,1970,"BB700-A","CD16/32",2.47185753635042
"BM_Neu_082.fcs",82,"mature neutrophils","Comp-BUV395-A",89.7,"MFI","Lumbar","mouse21","rep1","15LOzymozan24","male",NA,0,NA,"300GS",450,40,1970,"BUV395-A","Sca1",0.567109156443432
"BM_Neu_082.fcs",82,"mature neutrophils","Comp-BUV496-A",1316,"MFI","Lumbar","mouse21","rep1","15LOzymozan24","male",NA,0,NA,"300GS",450,40,1970,"BUV496-A","MHCII",2.8680962482937
"BM_Neu_082.fcs",82,"mature neutrophils","Comp-BUV563-A",178,"MFI","Lumbar","mouse21","rep1","15LOzymozan24","male",NA,0,NA,"300GS",450,40,1970,"BUV563-A","CD106",1.00740927614537
"BM_Neu_082.fcs",82,"mature neutrophils","Comp-BUV615-A",422,"MFI","Lumbar","mouse21","rep1","15LOzymozan24","male",NA,0,NA,"300GS",450,40,1970,"BUV615-A","CCR5",1.757703941795
"BM_Neu_082.fcs",82,"mature neutrophils","Comp-BUV661-A",2876,"MFI","Lumbar","mouse21","rep1","15LOzymozan24","male",NA,0,NA,"300GS",450,40,1970,"BUV661-A","CD74",3.64734696877237
"BM_Neu_082.fcs",82,"mature neutrophils","Comp-BUV737-A",5842,"MFI","Lumbar","mouse21","rep1","15LOzymozan24","male",NA,0,NA,"300GS",450,40,1970,"BUV737-A","Ly6G",4.35550514469943
"BM_Neu_082.fcs",82,"mature neutrophils","Comp-BUV805-A",13660,"MFI","Lumbar","mouse21","rep1","15LOzymozan24","male",NA,0,NA,"300GS",450,40,1970,"BUV805-A","CD45",5.2047691636308
"BM_Neu_082.fcs",82,"mature neutrophils","Comp-BV421-A",1021,"MFI","Lumbar","mouse21","rep1","15LOzymozan24","male",NA,0,NA,"300GS",450,40,1970,"BV421-A","PDL1",2.61640253482932
"BM_Neu_082.fcs",82,"mature neutrophils","Comp-BV570-A",1142,"MFI","Lumbar","mouse21","rep1","15LOzymozan24","male",NA,0,NA,"300GS",450,40,1970,"BV570-A","CD44",2.72733374465459
"BM_Neu_082.fcs",82,"mature neutrophils","Comp-BV605-A",1079,"MFI","Lumbar","mouse21","rep1","15LOzymozan24","male",NA,0,NA,"300GS",450,40,1970,"BV605-A","CD115",2.67109868214441
"BM_Neu_082.fcs",82,"mature neutrophils","Comp-BV650-A",9685,"MFI","Lumbar","mouse21","rep1","15LOzymozan24","male",NA,0,NA,"300GS",450,40,1970,"BV650-A","Ly6C",4.8609054254237
"BM_Neu_082.fcs",82,"mature neutrophils","Comp-BV711-A",563,"MFI","Lumbar","mouse21","rep1","15LOzymozan24","male",NA,0,NA,"300GS",450,40,1970,"BV711-A","CD39",2.03308314084585
"BM_Neu_082.fcs",82,"mature neutrophils","Comp-BV786-A",4327,"MFI","Lumbar","mouse21","rep1","15LOzymozan24","male",NA,0,NA,"300GS",450,40,1970,"BV786-A","CD11b",4.05544192515049
"BM_Neu_082.fcs",82,"mature neutrophils","Comp-FITC-A",-49.9,"MFI","Lumbar","mouse21","rep1","15LOzymozan24","male",NA,0,NA,"300GS",450,40,1970,"FITC-A","CX3CR1",-0.326817631489202
"BM_Neu_082.fcs",82,"mature neutrophils","Comp-PE-A",677,"MFI","Lumbar","mouse21","rep1","15LOzymozan24","male",NA,0,NA,"300GS",450,40,1970,"PE-A","DC-Trail-R1",2.2122360388043
"BM_Neu_082.fcs",82,"mature neutrophils","Comp-PE-Cy5-A",-588,"MFI","Lumbar","mouse21","rep1","15LOzymozan24","male",NA,0,NA,"300GS",450,40,1970,"PE-Cy5-A","CD150",-2.07512483245169
"BM_Neu_082.fcs",82,"mature neutrophils","Comp-PE-Cy7-A",222,"MFI","Lumbar","mouse21","rep1","15LOzymozan24","male",NA,0,NA,"300GS",450,40,1970,"PE-Cy7-A","CD101",1.18361776447006
"BM_Neu_082.fcs",82,"mature neutrophils","Comp-PE-Texas Red-A",1908,"MFI","Lumbar","mouse21","rep1","15LOzymozan24","male",NA,0,NA,"300GS",450,40,1970,"PE-Texas Red-A","ICAM1",3.23786430227434
"BM_Neu_083.fcs",83,"mature neutrophils","Comp-APC-A",-89.5,"MFI","Sternum","mouse21","rep1","15LOzymozan24","male",NA,0,NA,"300GS",150,80,1970,"APC-A","CD117",-0.565964488090035
"BM_Neu_083.fcs",83,"mature neutrophils","Comp-APC-Cy7-A",999,"MFI","Sternum","mouse21","rep1","15LOzymozan24","male",NA,0,NA,"300GS",150,80,1970,"APC-Cy7-A","CD14",2.59485586889738
"BM_Neu_083.fcs",83,"mature neutrophils","Comp-BB700-A",839,"MFI","Sternum","mouse21","rep1","15LOzymozan24","male",NA,0,NA,"300GS",150,80,1970,"BB700-A","CD16/32",2.42261942946056
"BM_Neu_083.fcs",83,"mature neutrophils","Comp-BUV395-A",204,"MFI","Sternum","mouse21","rep1","15LOzymozan24","male",NA,0,NA,"300GS",150,80,1970,"BUV395-A","Sca1",1.11451051536296
"BM_Neu_083.fcs",83,"mature neutrophils","Comp-BUV496-A",1380,"MFI","Sternum","mouse21","rep1","15LOzymozan24","male",NA,0,NA,"300GS",150,80,1970,"BUV496-A","MHCII",2.91529134965747
"BM_Neu_083.fcs",83,"mature neutrophils","Comp-BUV563-A",191,"MFI","Sternum","mouse21","rep1","15LOzymozan24","male",NA,0,NA,"300GS",150,80,1970,"BUV563-A","CD106",1.06208670412293
"BM_Neu_083.fcs",83,"mature neutrophils","Comp-BUV615-A",535,"MFI","Sternum","mouse21","rep1","15LOzymozan24","male",NA,0,NA,"300GS",150,80,1970,"BUV615-A","CCR5",1.98387574589913
"BM_Neu_083.fcs",83,"mature neutrophils","Comp-BUV661-A",3676,"MFI","Sternum","mouse21","rep1","15LOzymozan24","male",NA,0,NA,"300GS",150,80,1970,"BUV661-A","CD74",3.89250837682009
"BM_Neu_083.fcs",83,"mature neutrophils","Comp-BUV737-A",6645,"MFI","Sternum","mouse21","rep1","15LOzymozan24","male",NA,0,NA,"300GS",150,80,1970,"BUV737-A","Ly6G",4.48425922246007
"BM_Neu_083.fcs",83,"mature neutrophils","Comp-BUV805-A",14240,"MFI","Sternum","mouse21","rep1","15LOzymozan24","male",NA,0,NA,"300GS",150,80,1970,"BUV805-A","CD45",5.24634981002583
"BM_Neu_083.fcs",83,"mature neutrophils","Comp-BV421-A",1268,"MFI","Sternum","mouse21","rep1","15LOzymozan24","male",NA,0,NA,"300GS",150,80,1970,"BV421-A","PDL1",2.83118832071443
"BM_Neu_083.fcs",83,"mature neutrophils","Comp-BV570-A",1486,"MFI","Sternum","mouse21","rep1","15LOzymozan24","male",NA,0,NA,"300GS",150,80,1970,"BV570-A","CD44",2.98889276137801
"BM_Neu_083.fcs",83,"mature neutrophils","Comp-BV605-A",1553,"MFI","Sternum","mouse21","rep1","15LOzymozan24","male",NA,0,NA,"300GS",150,80,1970,"BV605-A","CD115",3.03277986662752
"BM_Neu_083.fcs",83,"mature neutrophils","Comp-BV650-A",12288,"MFI","Sternum","mouse21","rep1","15LOzymozan24","male",NA,0,NA,"300GS",150,80,1970,"BV650-A","Ly6C",5.09892759267263
"BM_Neu_083.fcs",83,"mature neutrophils","Comp-BV711-A",650,"MFI","Sternum","mouse21","rep1","15LOzymozan24","male",NA,0,NA,"300GS",150,80,1970,"BV711-A","CD39",2.17253958196608
"BM_Neu_083.fcs",83,"mature neutrophils","Comp-BV786-A",4773,"MFI","Sternum","mouse21","rep1","15LOzymozan24","male",NA,0,NA,"300GS",150,80,1970,"BV786-A","CD11b",4.15348902262885
"BM_Neu_083.fcs",83,"mature neutrophils","Comp-FITC-A",-55.7,"MFI","Sternum","mouse21","rep1","15LOzymozan24","male",NA,0,NA,"300GS",150,80,1970,"FITC-A","CX3CR1",-0.363289332179965
"BM_Neu_083.fcs",83,"mature neutrophils","Comp-PE-A",714,"MFI","Sternum","mouse21","rep1","15LOzymozan24","male",NA,0,NA,"300GS",150,80,1970,"PE-A","DC-Trail-R1",2.26425040816365
"BM_Neu_083.fcs",83,"mature neutrophils","Comp-PE-Cy5-A",-676,"MFI","Sternum","mouse21","rep1","15LOzymozan24","male",NA,0,NA,"300GS",150,80,1970,"PE-Cy5-A","CD150",-2.21079289175438
"BM_Neu_083.fcs",83,"mature neutrophils","Comp-PE-Cy7-A",225,"MFI","Sternum","mouse21","rep1","15LOzymozan24","male",NA,0,NA,"300GS",150,80,1970,"PE-Cy7-A","CD101",1.19476321728711
"BM_Neu_083.fcs",83,"mature neutrophils","Comp-PE-Texas Red-A",2241,"MFI","Sternum","mouse21","rep1","15LOzymozan24","male",NA,0,NA,"300GS",150,80,1970,"PE-Texas Red-A","ICAM1",3.3983075367737
"BM_Neu_084.fcs",84,"mature neutrophils","Comp-APC-A",-46.1,"MFI","Calvaria","mouse21","rep1","15LOzymozan24","male",NA,0,NA,"300GS",300,80,1970,"APC-A","CD117",-0.302689975263473
"BM_Neu_084.fcs",84,"mature neutrophils","Comp-APC-Cy7-A",779,"MFI","Calvaria","mouse21","rep1","15LOzymozan24","male",NA,0,NA,"300GS",300,80,1970,"APC-Cy7-A","CD14",2.34966595823802
"BM_Neu_084.fcs",84,"mature neutrophils","Comp-BB700-A",847,"MFI","Calvaria","mouse21","rep1","15LOzymozan24","male",NA,0,NA,"300GS",300,80,1970,"BB700-A","CD16/32",2.43196265596912
"BM_Neu_084.fcs",84,"mature neutrophils","Comp-BUV395-A",186,"MFI","Calvaria","mouse21","rep1","15LOzymozan24","male",NA,0,NA,"300GS",300,80,1970,"BUV395-A","Sca1",1.04133079200879
"BM_Neu_084.fcs",84,"mature neutrophils","Comp-BUV496-A",1340,"MFI","Calvaria","mouse21","rep1","15LOzymozan24","male",NA,0,NA,"300GS",300,80,1970,"BUV496-A","MHCII",2.88605481834037
"BM_Neu_084.fcs",84,"mature neutrophils","Comp-BUV563-A",216,"MFI","Calvaria","mouse21","rep1","15LOzymozan24","male",NA,0,NA,"300GS",300,80,1970,"BUV563-A","CD106",1.16101370283877
"BM_Neu_084.fcs",84,"mature neutrophils","Comp-BUV615-A",421,"MFI","Calvaria","mouse21","rep1","15LOzymozan24","male",NA,0,NA,"300GS",300,80,1970,"BUV615-A","CCR5",1.75546877949743
"BM_Neu_084.fcs",84,"mature neutrophils","Comp-BUV661-A",3041,"MFI","Calvaria","mouse21","rep1","15LOzymozan24","male",NA,0,NA,"300GS",300,80,1970,"BUV661-A","CD74",3.70306128051926
"BM_Neu_084.fcs",84,"mature neutrophils","Comp-BUV737-A",5544,"MFI","Calvaria","mouse21","rep1","15LOzymozan24","male",NA,0,NA,"300GS",300,80,1970,"BUV737-A","Ly6G",4.3031663876466
"BM_Neu_084.fcs",84,"mature neutrophils","Comp-BUV805-A",13854,"MFI","Calvaria","mouse21","rep1","15LOzymozan24","male",NA,0,NA,"300GS",300,80,1970,"BUV805-A","CD45",5.21887047081167
"BM_Neu_084.fcs",84,"mature neutrophils","Comp-BV421-A",1254,"MFI","Calvaria","mouse21","rep1","15LOzymozan24","male",NA,0,NA,"300GS",300,80,1970,"BV421-A","PDL1",2.82016363578179
"BM_Neu_084.fcs",84,"mature neutrophils","Comp-BV570-A",1500,"MFI","Calvaria","mouse21","rep1","15LOzymozan24","male",NA,0,NA,"300GS",300,80,1970,"BV570-A","CD44",2.99822295029797
"BM_Neu_084.fcs",84,"mature neutrophils","Comp-BV605-A",1667,"MFI","Calvaria","mouse21","rep1","15LOzymozan24","male",NA,0,NA,"300GS",300,80,1970,"BV605-A","CD115",3.10331084093819
"BM_Neu_084.fcs",84,"mature neutrophils","Comp-BV650-A",10470,"MFI","Calvaria","mouse21","rep1","15LOzymozan24","male",NA,0,NA,"300GS",300,80,1970,"BV650-A","Ly6C",4.93883249958676
"BM_Neu_084.fcs",84,"mature neutrophils","Comp-BV711-A",655,"MFI","Calvaria","mouse21","rep1","15LOzymozan24","male",NA,0,NA,"300GS",300,80,1970,"BV711-A","CD39",2.18000765736508
"BM_Neu_084.fcs",84,"mature neutrophils","Comp-BV786-A",4718,"MFI","Calvaria","mouse21","rep1","15LOzymozan24","male",NA,0,NA,"300GS",300,80,1970,"BV786-A","CD11b",4.14190475151996
"BM_Neu_084.fcs",84,"mature neutrophils","Comp-FITC-A",-55.2,"MFI","Calvaria","mouse21","rep1","15LOzymozan24","male",NA,0,NA,"300GS",300,80,1970,"FITC-A","CX3CR1",-0.360162787811965
"BM_Neu_084.fcs",84,"mature neutrophils","Comp-PE-A",619,"MFI","Calvaria","mouse21","rep1","15LOzymozan24","male",NA,0,NA,"300GS",300,80,1970,"PE-A","DC-Trail-R1",2.12498455223656
"BM_Neu_084.fcs",84,"mature neutrophils","Comp-PE-Cy5-A",-667,"MFI","Calvaria","mouse21","rep1","15LOzymozan24","male",NA,0,NA,"300GS",300,80,1970,"PE-Cy5-A","CD150",-2.19771226617522
"BM_Neu_084.fcs",84,"mature neutrophils","Comp-PE-Cy7-A",227,"MFI","Calvaria","mouse21","rep1","15LOzymozan24","male",NA,0,NA,"300GS",300,80,1970,"PE-Cy7-A","CD101",1.20213653544285
"BM_Neu_084.fcs",84,"mature neutrophils","Comp-PE-Texas Red-A",2205,"MFI","Calvaria","mouse21","rep1","15LOzymozan24","male",NA,0,NA,"300GS",300,80,1970,"PE-Texas Red-A","ICAM1",3.3821495971315
"BM_Neu_085.fcs",85,"mature neutrophils","Comp-APC-A",7.78,"MFI","Femur","mouse22","rep2","15LOzymozan24","male",NA,0,NA,"300GS",450,50,1970,"APC-A","CD117",0.0518434399114348
"BM_Neu_085.fcs",85,"mature neutrophils","Comp-APC-Cy7-A",973,"MFI","Femur","mouse22","rep2","15LOzymozan24","male",NA,0,NA,"300GS",450,50,1970,"APC-Cy7-A","CD14",2.56878521495128
"BM_Neu_085.fcs",85,"mature neutrophils","Comp-BB700-A",1060,"MFI","Femur","mouse22","rep2","15LOzymozan24","male",NA,0,NA,"300GS",450,50,1970,"BB700-A","CD16/32",2.65350512284513
"BM_Neu_085.fcs",85,"mature neutrophils","Comp-BUV395-A",121,"MFI","Femur","mouse22","rep2","15LOzymozan24","male",NA,0,NA,"300GS",450,50,1970,"BUV395-A","Sca1",0.737865587480073
"BM_Neu_085.fcs",85,"mature neutrophils","Comp-BUV496-A",1555,"MFI","Femur","mouse22","rep2","15LOzymozan24","male",NA,0,NA,"300GS",450,50,1970,"BUV496-A","MHCII",3.03406091410435
"BM_Neu_085.fcs",85,"mature neutrophils","Comp-BUV563-A",225,"MFI","Femur","mouse22","rep2","15LOzymozan24","male",NA,0,NA,"300GS",450,50,1970,"BUV563-A","CD106",1.19476321728711
"BM_Neu_085.fcs",85,"mature neutrophils","Comp-BUV615-A",398,"MFI","Femur","mouse22","rep2","15LOzymozan24","male",NA,0,NA,"300GS",450,50,1970,"BUV615-A","CCR5",1.70271950105717
"BM_Neu_085.fcs",85,"mature neutrophils","Comp-BUV661-A",2757,"MFI","Femur","mouse22","rep2","15LOzymozan24","male",NA,0,NA,"300GS",450,50,1970,"BUV661-A","CD74",3.60514950680584
"BM_Neu_085.fcs",85,"mature neutrophils","Comp-BUV737-A",5898,"MFI","Femur","mouse22","rep2","15LOzymozan24","male",NA,0,NA,"300GS",450,50,1970,"BUV737-A","Ly6G",4.36504213773811
"BM_Neu_085.fcs",85,"mature neutrophils","Comp-BUV805-A",10834,"MFI","Femur","mouse22","rep2","15LOzymozan24","male",NA,0,NA,"300GS",450,50,1970,"BUV805-A","CD45",4.97300442233264
"BM_Neu_085.fcs",85,"mature neutrophils","Comp-BV421-A",776,"MFI","Femur","mouse22","rep2","15LOzymozan24","male",NA,0,NA,"300GS",450,50,1970,"BV421-A","PDL1",2.3458772966808
"BM_Neu_085.fcs",85,"mature neutrophils","Comp-BV570-A",1135,"MFI","Femur","mouse22","rep2","15LOzymozan24","male",NA,0,NA,"300GS",450,50,1970,"BV570-A","CD44",2.72123796485826
"BM_Neu_085.fcs",85,"mature neutrophils","Comp-BV605-A",1016,"MFI","Femur","mouse22","rep2","15LOzymozan24","male",NA,0,NA,"300GS",450,50,1970,"BV605-A","CD115",2.61154573486544
"BM_Neu_085.fcs",85,"mature neutrophils","Comp-BV650-A",10122,"MFI","Femur","mouse22","rep2","15LOzymozan24","male",NA,0,NA,"300GS",450,50,1970,"BV650-A","Ly6C",4.90503333593121
"BM_Neu_085.fcs",85,"mature neutrophils","Comp-BV711-A",571,"MFI","Femur","mouse22","rep2","15LOzymozan24","male",NA,0,NA,"300GS",450,50,1970,"BV711-A","CD39",2.04672343645623
"BM_Neu_085.fcs",85,"mature neutrophils","Comp-BV786-A",3059,"MFI","Femur","mouse22","rep2","15LOzymozan24","male",NA,0,NA,"300GS",450,50,1970,"BV786-A","CD11b",3.70895581262878
"BM_Neu_085.fcs",85,"mature neutrophils","Comp-FITC-A",-40.2,"MFI","Femur","mouse22","rep2","15LOzymozan24","male",NA,0,NA,"300GS",450,50,1970,"FITC-A","CX3CR1",-0.264891323792298
"BM_Neu_085.fcs",85,"mature neutrophils","Comp-PE-A",785,"MFI","Femur","mouse22","rep2","15LOzymozan24","male",NA,0,NA,"300GS",450,50,1970,"PE-A","DC-Trail-R1",2.35720125476243
"BM_Neu_085.fcs",85,"mature neutrophils","Comp-PE-Cy5-A",-631,"MFI","Femur","mouse22","rep2","15LOzymozan24","male",NA,0,NA,"300GS",450,50,1970,"PE-Cy5-A","CD150",-2.14365488645348
"BM_Neu_085.fcs",85,"mature neutrophils","Comp-PE-Cy7-A",253,"MFI","Femur","mouse22","rep2","15LOzymozan24","male",NA,0,NA,"300GS",450,50,1970,"PE-Cy7-A","CD101",1.29404039932644
"BM_Neu_085.fcs",85,"mature neutrophils","Comp-PE-Texas Red-A",1914,"MFI","Femur","mouse22","rep2","15LOzymozan24","male",NA,0,NA,"300GS",450,50,1970,"PE-Texas Red-A","ICAM1",3.24099439457633
"BM_Neu_086.fcs",86,"mature neutrophils","Comp-APC-A",-14.7,"MFI","Lumbar","mouse22","rep2","15LOzymozan24","male",NA,0,NA,"300GS",450,40,1970,"APC-A","CD117",-0.0978438087568569
"BM_Neu_086.fcs",86,"mature neutrophils","Comp-APC-Cy7-A",1010,"MFI","Lumbar","mouse22","rep2","15LOzymozan24","male",NA,0,NA,"300GS",450,40,1970,"APC-Cy7-A","CD14",2.60568660346496
"BM_Neu_086.fcs",86,"mature neutrophils","Comp-BB700-A",1052,"MFI","Lumbar","mouse22","rep2","15LOzymozan24","male",NA,0,NA,"300GS",450,40,1970,"BB700-A","CD16/32",2.64600462139638
"BM_Neu_086.fcs",86,"mature neutrophils","Comp-BUV395-A",123,"MFI","Lumbar","mouse22","rep2","15LOzymozan24","male",NA,0,NA,"300GS",450,40,1970,"BUV395-A","Sca1",0.748209563094823
"BM_Neu_086.fcs",86,"mature neutrophils","Comp-BUV496-A",1508,"MFI","Lumbar","mouse22","rep2","15LOzymozan24","male",NA,0,NA,"300GS",450,40,1970,"BUV496-A","MHCII",3.00351585267488
"BM_Neu_086.fcs",86,"mature neutrophils","Comp-BUV563-A",205,"MFI","Lumbar","mouse22","rep2","15LOzymozan24","male",NA,0,NA,"300GS",450,40,1970,"BUV563-A","CD106",1.11845351198985
"BM_Neu_086.fcs",86,"mature neutrophils","Comp-BUV615-A",387,"MFI","Lumbar","mouse22","rep2","15LOzymozan24","male",NA,0,NA,"300GS",450,40,1970,"BUV615-A","CCR5",1.6765394071755
"BM_Neu_086.fcs",86,"mature neutrophils","Comp-BUV661-A",2824,"MFI","Lumbar","mouse22","rep2","15LOzymozan24","male",NA,0,NA,"300GS",450,40,1970,"BUV661-A","CD74",3.62912607128224
"BM_Neu_086.fcs",86,"mature neutrophils","Comp-BUV737-A",5803,"MFI","Lumbar","mouse22","rep2","15LOzymozan24","male",NA,0,NA,"300GS",450,40,1970,"BUV737-A","Ly6G",4.34880918762622
"BM_Neu_086.fcs",86,"mature neutrophils","Comp-BUV805-A",12036,"MFI","Lumbar","mouse22","rep2","15LOzymozan24","male",NA,0,NA,"300GS",450,40,1970,"BUV805-A","CD45",5.07820815112775
"BM_Neu_086.fcs",86,"mature neutrophils","Comp-BV421-A",930,"MFI","Lumbar","mouse22","rep2","15LOzymozan24","male",NA,0,NA,"300GS",450,40,1970,"BV421-A","PDL1",2.52413757020033
"BM_Neu_086.fcs",86,"mature neutrophils","Comp-BV570-A",1129,"MFI","Lumbar","mouse22","rep2","15LOzymozan24","male",NA,0,NA,"300GS",450,40,1970,"BV570-A","CD44",2.71598352912929
"BM_Neu_086.fcs",86,"mature neutrophils","Comp-BV605-A",1020,"MFI","Lumbar","mouse22","rep2","15LOzymozan24","male",NA,0,NA,"300GS",450,40,1970,"BV605-A","CD115",2.61543304000393
"BM_Neu_086.fcs",86,"mature neutrophils","Comp-BV650-A",10332,"MFI","Lumbar","mouse22","rep2","15LOzymozan24","male",NA,0,NA,"300GS",450,40,1970,"BV650-A","Ly6C",4.92556572961293
"BM_Neu_086.fcs",86,"mature neutrophils","Comp-BV711-A",650,"MFI","Lumbar","mouse22","rep2","15LOzymozan24","male",NA,0,NA,"300GS",450,40,1970,"BV711-A","CD39",2.17253958196608
"BM_Neu_086.fcs",86,"mature neutrophils","Comp-BV786-A",3661,"MFI","Lumbar","mouse22","rep2","15LOzymozan24","male",NA,0,NA,"300GS",450,40,1970,"BV786-A","CD11b",3.88842292026169
"BM_Neu_086.fcs",86,"mature neutrophils","Comp-FITC-A",-39.4,"MFI","Lumbar","mouse22","rep2","15LOzymozan24","male",NA,0,NA,"300GS",450,40,1970,"FITC-A","CX3CR1",-0.259736368167788
"BM_Neu_086.fcs",86,"mature neutrophils","Comp-PE-A",744,"MFI","Lumbar","mouse22","rep2","15LOzymozan24","male",NA,0,NA,"300GS",450,40,1970,"PE-A","DC-Trail-R1",2.30456337167797
"BM_Neu_086.fcs",86,"mature neutrophils","Comp-PE-Cy5-A",-640,"MFI","Lumbar","mouse22","rep2","15LOzymozan24","male",NA,0,NA,"300GS",450,40,1970,"PE-Cy5-A","CD150",-2.15743841743625
"BM_Neu_086.fcs",86,"mature neutrophils","Comp-PE-Cy7-A",259,"MFI","Lumbar","mouse22","rep2","15LOzymozan24","male",NA,0,NA,"300GS",450,40,1970,"PE-Cy7-A","CD101",1.31426268425644
"BM_Neu_086.fcs",86,"mature neutrophils","Comp-PE-Texas Red-A",1976,"MFI","Lumbar","mouse22","rep2","15LOzymozan24","male",NA,0,NA,"300GS",450,40,1970,"PE-Texas Red-A","ICAM1",3.27277927900039
"BM_Neu_087.fcs",87,"mature neutrophils","Comp-APC-A",-57,"MFI","Sternum","mouse22","rep2","15LOzymozan24","male",NA,0,NA,"300GS",150,80,1970,"APC-A","CD117",-0.37140239146356
"BM_Neu_087.fcs",87,"mature neutrophils","Comp-APC-Cy7-A",1022,"MFI","Sternum","mouse22","rep2","15LOzymozan24","male",NA,0,NA,"300GS",150,80,1970,"APC-Cy7-A","CD14",2.61737110060787
"BM_Neu_087.fcs",87,"mature neutrophils","Comp-BB700-A",1051,"MFI","Sternum","mouse22","rep2","15LOzymozan24","male",NA,0,NA,"300GS",150,80,1970,"BB700-A","CD16/32",2.64506313039344
"BM_Neu_087.fcs",87,"mature neutrophils","Comp-BUV395-A",137,"MFI","Sternum","mouse22","rep2","15LOzymozan24","male",NA,0,NA,"300GS",150,80,1970,"BUV395-A","Sca1",0.818744727668938
"BM_Neu_087.fcs",87,"mature neutrophils","Comp-BUV496-A",1514,"MFI","Sternum","mouse22","rep2","15LOzymozan24","male",NA,0,NA,"300GS",150,80,1970,"BUV496-A","MHCII",3.00746731501904
"BM_Neu_087.fcs",87,"mature neutrophils","Comp-BUV563-A",197,"MFI","Sternum","mouse22","rep2","15LOzymozan24","male",NA,0,NA,"300GS",150,80,1970,"BUV563-A","CD106",1.08655442330519
"BM_Neu_087.fcs",87,"mature neutrophils","Comp-BUV615-A",368,"MFI","Sternum","mouse22","rep2","15LOzymozan24","male",NA,0,NA,"300GS",150,80,1970,"BUV615-A","CCR5",1.62975874192805
"BM_Neu_087.fcs",87,"mature neutrophils","Comp-BUV661-A",3074,"MFI","Sternum","mouse22","rep2","15LOzymozan24","male",NA,0,NA,"300GS",150,80,1970,"BUV661-A","CD74",3.71384155084558
"BM_Neu_087.fcs",87,"mature neutrophils","Comp-BUV737-A",6814,"MFI","Sternum","mouse22","rep2","15LOzymozan24","male",NA,0,NA,"300GS",150,80,1970,"BUV737-A","Ly6G",4.5093676112384
"BM_Neu_087.fcs",87,"mature neutrophils","Comp-BUV805-A",12683,"MFI","Sternum","mouse22","rep2","15LOzymozan24","male",NA,0,NA,"300GS",150,80,1970,"BUV805-A","CD45",5.13056464632094
"BM_Neu_087.fcs",87,"mature neutrophils","Comp-BV421-A",1220,"MFI","Sternum","mouse22","rep2","15LOzymozan24","male",NA,0,NA,"300GS",150,80,1970,"BV421-A","PDL1",2.79287600453916
"BM_Neu_087.fcs",87,"mature neutrophils","Comp-BV570-A",1311,"MFI","Sternum","mouse22","rep2","15LOzymozan24","male",NA,0,NA,"300GS",150,80,1970,"BV570-A","CD44",2.8643142019189
"BM_Neu_087.fcs",87,"mature neutrophils","Comp-BV605-A",1304,"MFI","Sternum","mouse22","rep2","15LOzymozan24","male",NA,0,NA,"300GS",150,80,1970,"BV605-A","CD115",2.85899534818082
"BM_Neu_087.fcs",87,"mature neutrophils","Comp-BV650-A",11353,"MFI","Sternum","mouse22","rep2","15LOzymozan24","male",NA,0,NA,"300GS",150,80,1970,"BV650-A","Ly6C",5.01979283043056
"BM_Neu_087.fcs",87,"mature neutrophils","Comp-BV711-A",817,"MFI","Sternum","mouse22","rep2","15LOzymozan24","male",NA,0,NA,"300GS",150,80,1970,"BV711-A","CD39",2.39647351411983
"BM_Neu_087.fcs",87,"mature neutrophils","Comp-BV786-A",4074,"MFI","Sternum","mouse22","rep2","15LOzymozan24","male",NA,0,NA,"300GS",150,80,1970,"BV786-A","CD11b",3.99523121804507
"BM_Neu_087.fcs",87,"mature neutrophils","Comp-FITC-A",-53.2,"MFI","Sternum","mouse22","rep2","15LOzymozan24","male",NA,0,NA,"300GS",150,80,1970,"FITC-A","CX3CR1",-0.347623013287
"BM_Neu_087.fcs",87,"mature neutrophils","Comp-PE-A",652,"MFI","Sternum","mouse22","rep2","15LOzymozan24","male",NA,0,NA,"300GS",150,80,1970,"PE-A","DC-Trail-R1",2.17553333772048
"BM_Neu_087.fcs",87,"mature neutrophils","Comp-PE-Cy5-A",-687,"MFI","Sternum","mouse22","rep2","15LOzymozan24","male",NA,0,NA,"300GS",150,80,1970,"PE-Cy5-A","CD150",-2.22655674292944
"BM_Neu_087.fcs",87,"mature neutrophils","Comp-PE-Cy7-A",262,"MFI","Sternum","mouse22","rep2","15LOzymozan24","male",NA,0,NA,"300GS",150,80,1970,"PE-Cy7-A","CD101",1.32424278214724
"BM_Neu_087.fcs",87,"mature neutrophils","Comp-PE-Texas Red-A",2222,"MFI","Sternum","mouse22","rep2","15LOzymozan24","male",NA,0,NA,"300GS",150,80,1970,"PE-Texas Red-A","ICAM1",3.38981220495077
"BM_Neu_088.fcs",88,"mature neutrophils","Comp-APC-A",-22.3,"MFI","Calvaria","mouse22","rep2","15LOzymozan24","male",NA,0,NA,"300GS",300,80,1970,"APC-A","CD117",-0.148124409781509
"BM_Neu_088.fcs",88,"mature neutrophils","Comp-APC-Cy7-A",941,"MFI","Calvaria","mouse22","rep2","15LOzymozan24","male",NA,0,NA,"300GS",300,80,1970,"APC-Cy7-A","CD14",2.53574781516598
"BM_Neu_088.fcs",88,"mature neutrophils","Comp-BB700-A",1065,"MFI","Calvaria","mouse22","rep2","15LOzymozan24","male",NA,0,NA,"300GS",300,80,1970,"BB700-A","CD16/32",2.65816480695414
"BM_Neu_088.fcs",88,"mature neutrophils","Comp-BUV395-A",215,"MFI","Calvaria","mouse22","rep2","15LOzymozan24","male",NA,0,NA,"300GS",300,80,1970,"BUV395-A","Sca1",1.15720511618694
"BM_Neu_088.fcs",88,"mature neutrophils","Comp-BUV496-A",1530,"MFI","Calvaria","mouse22","rep2","15LOzymozan24","male",NA,0,NA,"300GS",300,80,1970,"BUV496-A","MHCII",3.01792920771119
"BM_Neu_088.fcs",88,"mature neutrophils","Comp-BUV563-A",213,"MFI","Calvaria","mouse22","rep2","15LOzymozan24","male",NA,0,NA,"300GS",300,80,1970,"BUV563-A","CD106",1.14955208587213
"BM_Neu_088.fcs",88,"mature neutrophils","Comp-BUV615-A",422,"MFI","Calvaria","mouse22","rep2","15LOzymozan24","male",NA,0,NA,"300GS",300,80,1970,"BUV615-A","CCR5",1.757703941795
"BM_Neu_088.fcs",88,"mature neutrophils","Comp-BUV661-A",3102,"MFI","Calvaria","mouse22","rep2","15LOzymozan24","male",NA,0,NA,"300GS",300,80,1970,"BUV661-A","CD74",3.72289829152838
"BM_Neu_088.fcs",88,"mature neutrophils","Comp-BUV737-A",5763,"MFI","Calvaria","mouse22","rep2","15LOzymozan24","male",NA,0,NA,"300GS",300,80,1970,"BUV737-A","Ly6G",4.34189466052168
"BM_Neu_088.fcs",88,"mature neutrophils","Comp-BUV805-A",13544,"MFI","Calvaria","mouse22","rep2","15LOzymozan24","male",NA,0,NA,"300GS",300,80,1970,"BUV805-A","CD45",5.19624147285436
"BM_Neu_088.fcs",88,"mature neutrophils","Comp-BV421-A",1259,"MFI","Calvaria","mouse22","rep2","15LOzymozan24","male",NA,0,NA,"300GS",300,80,1970,"BV421-A","PDL1",2.82411489258482
"BM_Neu_088.fcs",88,"mature neutrophils","Comp-BV570-A",1415,"MFI","Calvaria","mouse22","rep2","15LOzymozan24","male",NA,0,NA,"300GS",300,80,1970,"BV570-A","CD44",2.94019430560367
"BM_Neu_088.fcs",88,"mature neutrophils","Comp-BV605-A",1435,"MFI","Calvaria","mouse22","rep2","15LOzymozan24","male",NA,0,NA,"300GS",300,80,1970,"BV605-A","CD115",2.95415249976729
"BM_Neu_088.fcs",88,"mature neutrophils","Comp-BV650-A",10970,"MFI","Calvaria","mouse22","rep2","15LOzymozan24","male",NA,0,NA,"300GS",300,80,1970,"BV650-A","Ly6C",4.98547817866922
"BM_Neu_088.fcs",88,"mature neutrophils","Comp-BV711-A",715,"MFI","Calvaria","mouse22","rep2","15LOzymozan24","male",NA,0,NA,"300GS",300,80,1970,"BV711-A","CD39",2.2656201296966
"BM_Neu_088.fcs",88,"mature neutrophils","Comp-BV786-A",4397,"MFI","Calvaria","mouse22","rep2","15LOzymozan24","male",NA,0,NA,"300GS",300,80,1970,"BV786-A","CD11b",4.0714804728812
"BM_Neu_088.fcs",88,"mature neutrophils","Comp-FITC-A",-41.5,"MFI","Calvaria","mouse22","rep2","15LOzymozan24","male",NA,0,NA,"300GS",300,80,1970,"FITC-A","CX3CR1",-0.273253426576204
"BM_Neu_088.fcs",88,"mature neutrophils","Comp-PE-A",737,"MFI","Calvaria","mouse22","rep2","15LOzymozan24","male",NA,0,NA,"300GS",300,80,1970,"PE-A","DC-Trail-R1",2.29529840910806
"BM_Neu_088.fcs",88,"mature neutrophils","Comp-PE-Cy5-A",-745,"MFI","Calvaria","mouse22","rep2","15LOzymozan24","male",NA,0,NA,"300GS",300,80,1970,"PE-Cy5-A","CD150",-2.30588009603288
"BM_Neu_088.fcs",88,"mature neutrophils","Comp-PE-Cy7-A",317,"MFI","Calvaria","mouse22","rep2","15LOzymozan24","male",NA,0,NA,"300GS",300,80,1970,"PE-Cy7-A","CD101",1.4932004952001
"BM_Neu_088.fcs",88,"mature neutrophils","Comp-PE-Texas Red-A",2337,"MFI","Calvaria","mouse22","rep2","15LOzymozan24","male",NA,0,NA,"300GS",300,80,1970,"PE-Texas Red-A","ICAM1",3.44016355733833
"BM_Neu_089.fcs",89,"mature neutrophils","Comp-APC-A",37.9,"MFI","Femur","mouse23","rep3","15LOzymozan24","male",NA,0,NA,"300GS",450,50,1970,"APC-A","CD117",0.250052694218997
"BM_Neu_089.fcs",89,"mature neutrophils","Comp-APC-Cy7-A",1180,"MFI","Femur","mouse23","rep3","15LOzymozan24","male",NA,0,NA,"300GS",450,50,1970,"APC-Cy7-A","CD14",2.75979712897641
"BM_Neu_089.fcs",89,"mature neutrophils","Comp-BB700-A",1160,"MFI","Femur","mouse23","rep3","15LOzymozan24","male",NA,0,NA,"300GS",450,50,1970,"BB700-A","CD16/32",2.74284149049013
"BM_Neu_089.fcs",89,"mature neutrophils","Comp-BUV395-A",-129,"MFI","Femur","mouse23","rep3","15LOzymozan24","male",NA,0,NA,"300GS",450,50,1970,"BUV395-A","Sca1",-0.778838046163972
"BM_Neu_089.fcs",89,"mature neutrophils","Comp-BUV496-A",1033,"MFI","Femur","mouse23","rep3","15LOzymozan24","male",NA,0,NA,"300GS",450,50,1970,"BUV496-A","MHCII",2.62796450685314
"BM_Neu_089.fcs",89,"mature neutrophils","Comp-BUV563-A",167,"MFI","Femur","mouse23","rep3","15LOzymozan24","male",NA,0,NA,"300GS",450,50,1970,"BUV563-A","CD106",0.959286216533764
"BM_Neu_089.fcs",89,"mature neutrophils","Comp-BUV615-A",-180,"MFI","Femur","mouse23","rep3","15LOzymozan24","male",NA,0,NA,"300GS",450,50,1970,"BUV615-A","CCR5",-1.01597313417969
"BM_Neu_089.fcs",89,"mature neutrophils","Comp-BUV661-A",1524,"MFI","Femur","mouse23","rep3","15LOzymozan24","male",NA,0,NA,"300GS",450,50,1970,"BUV661-A","CD74",3.01401875135393
"BM_Neu_089.fcs",89,"mature neutrophils","Comp-BUV737-A",3934,"MFI","Femur","mouse23","rep3","15LOzymozan24","male",NA,0,NA,"300GS",450,50,1970,"BUV737-A","Ly6G",3.96028714507153
"BM_Neu_089.fcs",89,"mature neutrophils","Comp-BUV805-A",6581,"MFI","Femur","mouse23","rep3","15LOzymozan24","male",NA,0,NA,"300GS",450,50,1970,"BUV805-A","CD45",4.4745837285672
"BM_Neu_089.fcs",89,"mature neutrophils","Comp-BV421-A",630,"MFI","Femur","mouse23","rep3","15LOzymozan24","male",NA,0,NA,"300GS",450,50,1970,"BV421-A","PDL1",2.14211190823691
"BM_Neu_089.fcs",89,"mature neutrophils","Comp-BV570-A",653,"MFI","Femur","mouse23","rep3","15LOzymozan24","male",NA,0,NA,"300GS",450,50,1970,"BV570-A","CD44",2.1770269466379
"BM_Neu_089.fcs",89,"mature neutrophils","Comp-BV605-A",478,"MFI","Femur","mouse23","rep3","15LOzymozan24","male",NA,0,NA,"300GS",450,50,1970,"BV605-A","CD115",1.87587901799282
"BM_Neu_089.fcs",89,"mature neutrophils","Comp-BV650-A",6055,"MFI","Femur","mouse23","rep3","15LOzymozan24","male",NA,0,NA,"300GS",450,50,1970,"BV650-A","Ly6C",4.39130493148311
"BM_Neu_089.fcs",89,"mature neutrophils","Comp-BV711-A",419,"MFI","Femur","mouse23","rep3","15LOzymozan24","male",NA,0,NA,"300GS",450,50,1970,"BV711-A","CD39",1.75098428796388
"BM_Neu_089.fcs",89,"mature neutrophils","Comp-BV786-A",2219,"MFI","Femur","mouse23","rep3","15LOzymozan24","male",NA,0,NA,"300GS",450,50,1970,"BV786-A","CD11b",3.38846422980658
"BM_Neu_089.fcs",89,"mature neutrophils","Comp-FITC-A",-21,"MFI","Femur","mouse23","rep3","15LOzymozan24","male",NA,0,NA,"300GS",450,50,1970,"FITC-A","CX3CR1",-0.139546653905865
"BM_Neu_089.fcs",89,"mature neutrophils","Comp-PE-A",871,"MFI","Femur","mouse23","rep3","15LOzymozan24","male",NA,0,NA,"300GS",450,50,1970,"PE-A","DC-Trail-R1",2.45948730651871
"BM_Neu_089.fcs",89,"mature neutrophils","Comp-PE-Cy5-A",-453,"MFI","Femur","mouse23","rep3","15LOzymozan24","male",NA,0,NA,"300GS",450,50,1970,"PE-Cy5-A","CD150",-1.82475211228123
"BM_Neu_089.fcs",89,"mature neutrophils","Comp-PE-Cy7-A",188,"MFI","Femur","mouse23","rep3","15LOzymozan24","male",NA,0,NA,"300GS",450,50,1970,"PE-Cy7-A","CD101",1.04967363778175
"BM_Neu_089.fcs",89,"mature neutrophils","Comp-PE-Texas Red-A",1666,"MFI","Femur","mouse23","rep3","15LOzymozan24","male",NA,0,NA,"300GS",450,50,1970,"PE-Texas Red-A","ICAM1",3.10271319697314
"BM_Neu_090.fcs",90,"mature neutrophils","Comp-APC-A",30.4,"MFI","Lumbar","mouse23","rep3","15LOzymozan24","male",NA,0,NA,"300GS",450,40,1970,"APC-A","CD117",0.201304319035709
"BM_Neu_090.fcs",90,"mature neutrophils","Comp-APC-Cy7-A",1143,"MFI","Lumbar","mouse23","rep3","15LOzymozan24","male",NA,0,NA,"300GS",450,40,1970,"APC-Cy7-A","CD14",2.72820157068431
"BM_Neu_090.fcs",90,"mature neutrophils","Comp-BB700-A",1146,"MFI","Lumbar","mouse23","rep3","15LOzymozan24","male",NA,0,NA,"300GS",450,40,1970,"BB700-A","CD16/32",2.73080057738838
"BM_Neu_090.fcs",90,"mature neutrophils","Comp-BUV395-A",-130,"MFI","Lumbar","mouse23","rep3","15LOzymozan24","male",NA,0,NA,"300GS",450,40,1970,"BUV395-A","Sca1",-0.78388429075048
"BM_Neu_090.fcs",90,"mature neutrophils","Comp-BUV496-A",1275,"MFI","Lumbar","mouse23","rep3","15LOzymozan24","male",NA,0,NA,"300GS",450,40,1970,"BUV496-A","MHCII",2.83665572896893
"BM_Neu_090.fcs",90,"mature neutrophils","Comp-BUV563-A",282,"MFI","Lumbar","mouse23","rep3","15LOzymozan24","male",NA,0,NA,"300GS",450,40,1970,"BUV563-A","CD106",1.38864486269368
"BM_Neu_090.fcs",90,"mature neutrophils","Comp-BUV615-A",-5.65,"MFI","Lumbar","mouse23","rep3","15LOzymozan24","male",NA,0,NA,"300GS",450,40,1970,"BUV615-A","CCR5",-0.0376577655767924
"BM_Neu_090.fcs",90,"mature neutrophils","Comp-BUV661-A",1924,"MFI","Lumbar","mouse23","rep3","15LOzymozan24","male",NA,0,NA,"300GS",450,40,1970,"BUV661-A","CD74",3.24618960672218
"BM_Neu_090.fcs",90,"mature neutrophils","Comp-BUV737-A",4777,"MFI","Lumbar","mouse23","rep3","15LOzymozan24","male",NA,0,NA,"300GS",450,40,1970,"BUV737-A","Ly6G",4.15432630599275
"BM_Neu_090.fcs",90,"mature neutrophils","Comp-BUV805-A",8507,"MFI","Lumbar","mouse23","rep3","15LOzymozan24","male",NA,0,NA,"300GS",450,40,1970,"BUV805-A","CD45",4.73123423697729
"BM_Neu_090.fcs",90,"mature neutrophils","Comp-BV421-A",842,"MFI","Lumbar","mouse23","rep3","15LOzymozan24","male",NA,0,NA,"300GS",450,40,1970,"BV421-A","PDL1",2.4261332187538
"BM_Neu_090.fcs",90,"mature neutrophils","Comp-BV570-A",811,"MFI","Lumbar","mouse23","rep3","15LOzymozan24","male",NA,0,NA,"300GS",450,40,1970,"BV570-A","CD44",2.38922452675893
"BM_Neu_090.fcs",90,"mature neutrophils","Comp-BV605-A",689,"MFI","Lumbar","mouse23","rep3","15LOzymozan24","male",NA,0,NA,"300GS",450,40,1970,"BV605-A","CD115",2.22939700056835
"BM_Neu_090.fcs",90,"mature neutrophils","Comp-BV650-A",7262,"MFI","Lumbar","mouse23","rep3","15LOzymozan24","male",NA,0,NA,"300GS",450,40,1970,"BV650-A","Ly6C",4.57302908345414
"BM_Neu_090.fcs",90,"mature neutrophils","Comp-BV711-A",600,"MFI","Lumbar","mouse23","rep3","15LOzymozan24","male",NA,0,NA,"300GS",450,40,1970,"BV711-A","CD39",2.0947125472611
"BM_Neu_090.fcs",90,"mature neutrophils","Comp-BV786-A",2835,"MFI","Lumbar","mouse23","rep3","15LOzymozan24","male",NA,0,NA,"300GS",450,40,1970,"BV786-A","CD11b",3.63300823746715
"BM_Neu_090.fcs",90,"mature neutrophils","Comp-FITC-A",-25.3,"MFI","Lumbar","mouse23","rep3","15LOzymozan24","male",NA,0,NA,"300GS",450,40,1970,"FITC-A","CX3CR1",-0.167877017030425
"BM_Neu_090.fcs",90,"mature neutrophils","Comp-PE-A",781,"MFI","Lumbar","mouse23","rep3","15LOzymozan24","male",NA,0,NA,"300GS",450,40,1970,"PE-A","DC-Trail-R1",2.35218392474588
"BM_Neu_090.fcs",90,"mature neutrophils","Comp-PE-Cy5-A",-522,"MFI","Lumbar","mouse23","rep3","15LOzymozan24","male",NA,0,NA,"300GS",450,40,1970,"PE-Cy5-A","CD150",-1.96021148631373
"BM_Neu_090.fcs",90,"mature neutrophils","Comp-PE-Cy7-A",213,"MFI","Lumbar","mouse23","rep3","15LOzymozan24","male",NA,0,NA,"300GS",450,40,1970,"PE-Cy7-A","CD101",1.14955208587213
"BM_Neu_090.fcs",90,"mature neutrophils","Comp-PE-Texas Red-A",1726,"MFI","Lumbar","mouse23","rep3","15LOzymozan24","male",NA,0,NA,"300GS",450,40,1970,"PE-Texas Red-A","ICAM1",3.13795660201193
"BM_Neu_091.fcs",91,"mature neutrophils","Comp-APC-A",12.7,"MFI","Sternum","mouse23","rep3","15LOzymozan24","male",NA,0,NA,"300GS",150,80,1970,"APC-A","CD117",0.0845658368699366
"BM_Neu_091.fcs",91,"mature neutrophils","Comp-APC-Cy7-A",1198,"MFI","Sternum","mouse23","rep3","15LOzymozan24","male",NA,0,NA,"300GS",150,80,1970,"APC-Cy7-A","CD14",2.7748171258266
"BM_Neu_091.fcs",91,"mature neutrophils","Comp-BB700-A",1085,"MFI","Sternum","mouse23","rep3","15LOzymozan24","male",NA,0,NA,"300GS",150,80,1970,"BB700-A","CD16/32",2.6765914509722
"BM_Neu_091.fcs",91,"mature neutrophils","Comp-BUV395-A",-58.5,"MFI","Sternum","mouse23","rep3","15LOzymozan24","male",NA,0,NA,"300GS",150,80,1970,"BUV395-A","Sca1",-0.380734623641985
"BM_Neu_091.fcs",91,"mature neutrophils","Comp-BUV496-A",1282,"MFI","Sternum","mouse23","rep3","15LOzymozan24","male",NA,0,NA,"300GS",150,80,1970,"BUV496-A","MHCII",2.84209360968252
"BM_Neu_091.fcs",91,"mature neutrophils","Comp-BUV563-A",300,"MFI","Sternum","mouse23","rep3","15LOzymozan24","male",NA,0,NA,"300GS",150,80,1970,"BUV563-A","CD106",1.44363547517881
"BM_Neu_091.fcs",91,"mature neutrophils","Comp-BUV615-A",87.2,"MFI","Sternum","mouse23","rep3","15LOzymozan24","male",NA,0,NA,"300GS",150,80,1970,"BUV615-A","CCR5",0.552752602722727
"BM_Neu_091.fcs",91,"mature neutrophils","Comp-BUV661-A",2163,"MFI","Sternum","mouse23","rep3","15LOzymozan24","male",NA,0,NA,"300GS",150,80,1970,"BUV661-A","CD74",3.36296344063761
"BM_Neu_091.fcs",91,"mature neutrophils","Comp-BUV737-A",5546,"MFI","Sternum","mouse23","rep3","15LOzymozan24","male",NA,0,NA,"300GS",150,80,1970,"BUV737-A","Ly6G",4.30352694105416
"BM_Neu_091.fcs",91,"mature neutrophils","Comp-BUV805-A",9548,"MFI","Sternum","mouse23","rep3","15LOzymozan24","male",NA,0,NA,"300GS",150,80,1970,"BUV805-A","CD45",4.8466605699944
"BM_Neu_091.fcs",91,"mature neutrophils","Comp-BV421-A",1120,"MFI","Sternum","mouse23","rep3","15LOzymozan24","male",NA,0,NA,"300GS",150,80,1970,"BV421-A","PDL1",2.70805020110221
"BM_Neu_091.fcs",91,"mature neutrophils","Comp-BV570-A",898,"MFI","Sternum","mouse23","rep3","15LOzymozan24","male",NA,0,NA,"300GS",150,80,1970,"BV570-A","CD44",2.48958549305869
"BM_Neu_091.fcs",91,"mature neutrophils","Comp-BV605-A",833,"MFI","Sternum","mouse23","rep3","15LOzymozan24","male",NA,0,NA,"300GS",150,80,1970,"BV605-A","CD115",2.41555517870076
"BM_Neu_091.fcs",91,"mature neutrophils","Comp-BV650-A",7397,"MFI","Sternum","mouse23","rep3","15LOzymozan24","male",NA,0,NA,"300GS",150,80,1970,"BV650-A","Ly6C",4.59144446650424
"BM_Neu_091.fcs",91,"mature neutrophils","Comp-BV711-A",721,"MFI","Sternum","mouse23","rep3","15LOzymozan24","male",NA,0,NA,"300GS",150,80,1970,"BV711-A","CD39",2.27380011824381
"BM_Neu_091.fcs",91,"mature neutrophils","Comp-BV786-A",3515,"MFI","Sternum","mouse23","rep3","15LOzymozan24","male",NA,0,NA,"300GS",150,80,1970,"BV786-A","CD11b",3.84776165308397
"BM_Neu_091.fcs",91,"mature neutrophils","Comp-FITC-A",-34.7,"MFI","Sternum","mouse23","rep3","15LOzymozan24","male",NA,0,NA,"300GS",150,80,1970,"FITC-A","CX3CR1",-0.229318189275718
"BM_Neu_091.fcs",91,"mature neutrophils","Comp-PE-A",754,"MFI","Sternum","mouse23","rep3","15LOzymozan24","male",NA,0,NA,"300GS",150,80,1970,"PE-A","DC-Trail-R1",2.31765473998912
"BM_Neu_091.fcs",91,"mature neutrophils","Comp-PE-Cy5-A",-551,"MFI","Sternum","mouse23","rep3","15LOzymozan24","male",NA,0,NA,"300GS",150,80,1970,"PE-Cy5-A","CD150",-2.0122796152998
"BM_Neu_091.fcs",91,"mature neutrophils","Comp-PE-Cy7-A",217,"MFI","Sternum","mouse23","rep3","15LOzymozan24","male",NA,0,NA,"300GS",150,80,1970,"PE-Cy7-A","CD101",1.16481041241452
"BM_Neu_091.fcs",91,"mature neutrophils","Comp-PE-Texas Red-A",1779,"MFI","Sternum","mouse23","rep3","15LOzymozan24","male",NA,0,NA,"300GS",150,80,1970,"PE-Texas Red-A","ICAM1",3.16809119482198
"BM_Neu_092.fcs",92,"mature neutrophils","Comp-APC-A",44.4,"MFI","Calvaria","mouse23","rep3","15LOzymozan24","male",NA,0,NA,"300GS",300,80,1970,"APC-A","CD117",0.291839640518654
"BM_Neu_092.fcs",92,"mature neutrophils","Comp-APC-Cy7-A",1179,"MFI","Calvaria","mouse23","rep3","15LOzymozan24","male",NA,0,NA,"300GS",300,80,1970,"APC-Cy7-A","CD14",2.75895608581174
"BM_Neu_092.fcs",92,"mature neutrophils","Comp-BB700-A",1113,"MFI","Calvaria","mouse23","rep3","15LOzymozan24","male",NA,0,NA,"300GS",300,80,1970,"BB700-A","CD16/32",2.70183641604542
"BM_Neu_092.fcs",92,"mature neutrophils","Comp-BUV395-A",-107,"MFI","Calvaria","mouse23","rep3","15LOzymozan24","male",NA,0,NA,"300GS",300,80,1970,"BUV395-A","Sca1",-0.663555445784575
"BM_Neu_092.fcs",92,"mature neutrophils","Comp-BUV496-A",1249,"MFI","Calvaria","mouse23","rep3","15LOzymozan24","male",NA,0,NA,"300GS",300,80,1970,"BUV496-A","MHCII",2.81619681598071
"BM_Neu_092.fcs",92,"mature neutrophils","Comp-BUV563-A",285,"MFI","Calvaria","mouse23","rep3","15LOzymozan24","male",NA,0,NA,"300GS",300,80,1970,"BUV563-A","CD106",1.39799836511143
"BM_Neu_092.fcs",92,"mature neutrophils","Comp-BUV615-A",81.4,"MFI","Calvaria","mouse23","rep3","15LOzymozan24","male",NA,0,NA,"300GS",300,80,1970,"BUV615-A","CCR5",0.519044929487044
"BM_Neu_092.fcs",92,"mature neutrophils","Comp-BUV661-A",1972,"MFI","Calvaria","mouse23","rep3","15LOzymozan24","male",NA,0,NA,"300GS",300,80,1970,"BUV661-A","CD74",3.27075876085814
"BM_Neu_092.fcs",92,"mature neutrophils","Comp-BUV737-A",4988,"MFI","Calvaria","mouse23","rep3","15LOzymozan24","male",NA,0,NA,"300GS",300,80,1970,"BUV737-A","Ly6G",4.1975282005317
"BM_Neu_092.fcs",92,"mature neutrophils","Comp-BUV805-A",8673,"MFI","Calvaria","mouse23","rep3","15LOzymozan24","male",NA,0,NA,"300GS",300,80,1970,"BUV805-A","CD45",4.75055668848141
"BM_Neu_092.fcs",92,"mature neutrophils","Comp-BV421-A",896,"MFI","Calvaria","mouse23","rep3","15LOzymozan24","male",NA,0,NA,"300GS",300,80,1970,"BV421-A","PDL1",2.48738637375745
"BM_Neu_092.fcs",92,"mature neutrophils","Comp-BV570-A",900,"MFI","Calvaria","mouse23","rep3","15LOzymozan24","male",NA,0,NA,"300GS",300,80,1970,"BV570-A","CD44",2.49177985264491
"BM_Neu_092.fcs",92,"mature neutrophils","Comp-BV605-A",896,"MFI","Calvaria","mouse23","rep3","15LOzymozan24","male",NA,0,NA,"300GS",300,80,1970,"BV605-A","CD115",2.48738637375745
"BM_Neu_092.fcs",92,"mature neutrophils","Comp-BV650-A",6750,"MFI","Calvaria","mouse23","rep3","15LOzymozan24","male",NA,0,NA,"300GS",300,80,1970,"BV650-A","Ly6C",4.49993310426429
"BM_Neu_092.fcs",92,"mature neutrophils","Comp-BV711-A",769,"MFI","Calvaria","mouse23","rep3","15LOzymozan24","male",NA,0,NA,"300GS",300,80,1970,"BV711-A","CD39",2.3369818953165
"BM_Neu_092.fcs",92,"mature neutrophils","Comp-BV786-A",2896,"MFI","Calvaria","mouse23","rep3","15LOzymozan24","male",NA,0,NA,"300GS",300,80,1970,"BV786-A","CD11b",3.6542676617542
"BM_Neu_092.fcs",92,"mature neutrophils","Comp-FITC-A",-28.8,"MFI","Calvaria","mouse23","rep3","15LOzymozan24","male",NA,0,NA,"300GS",300,80,1970,"FITC-A","CX3CR1",-0.190839502034626
"BM_Neu_092.fcs",92,"mature neutrophils","Comp-PE-A",688,"MFI","Calvaria","mouse23","rep3","15LOzymozan24","male",NA,0,NA,"300GS",300,80,1970,"PE-A","DC-Trail-R1",2.22797785698708
"BM_Neu_092.fcs",92,"mature neutrophils","Comp-PE-Cy5-A",-544,"MFI","Calvaria","mouse23","rep3","15LOzymozan24","male",NA,0,NA,"300GS",300,80,1970,"PE-Cy5-A","CD150",-1.99994850188414
"BM_Neu_092.fcs",92,"mature neutrophils","Comp-PE-Cy7-A",201,"MFI","Calvaria","mouse23","rep3","15LOzymozan24","male",NA,0,NA,"300GS",300,80,1970,"PE-Cy7-A","CD101",1.10260589847628
"BM_Neu_092.fcs",92,"mature neutrophils","Comp-PE-Texas Red-A",1702,"MFI","Calvaria","mouse23","rep3","15LOzymozan24","male",NA,0,NA,"300GS",300,80,1970,"PE-Texas Red-A","ICAM1",3.12400735919078
"BM_Neu_093.fcs",93,"mature neutrophils","Comp-APC-A",76.1,"MFI","Femur","mouse24","rep4","15LOzymozan24","male",NA,0,NA,"300GS",450,50,1970,"APC-A","CD117",0.487761319126145
"BM_Neu_093.fcs",93,"mature neutrophils","Comp-APC-Cy7-A",1090,"MFI","Femur","mouse24","rep4","15LOzymozan24","male",NA,0,NA,"300GS",450,50,1970,"APC-Cy7-A","CD14",2.68114603852972
"BM_Neu_093.fcs",93,"mature neutrophils","Comp-BB700-A",1054,"MFI","Femur","mouse24","rep4","15LOzymozan24","male",NA,0,NA,"300GS",450,50,1970,"BB700-A","CD16/32",2.64788497487879
"BM_Neu_093.fcs",93,"mature neutrophils","Comp-BUV395-A",-44.9,"MFI","Femur","mouse24","rep4","15LOzymozan24","male",NA,0,NA,"300GS",450,50,1970,"BUV395-A","Sca1",-0.295034438156622
"BM_Neu_093.fcs",93,"mature neutrophils","Comp-BUV496-A",1233,"MFI","Femur","mouse24","rep4","15LOzymozan24","male",NA,0,NA,"300GS",450,50,1970,"BUV496-A","MHCII",2.80339697676513
"BM_Neu_093.fcs",93,"mature neutrophils","Comp-BUV563-A",318,"MFI","Femur","mouse24","rep4","15LOzymozan24","male",NA,0,NA,"300GS",450,50,1970,"BUV563-A","CD106",1.49604828328163
"BM_Neu_093.fcs",93,"mature neutrophils","Comp-BUV615-A",153,"MFI","Femur","mouse24","rep4","15LOzymozan24","male",NA,0,NA,"300GS",450,50,1970,"BUV615-A","CCR5",0.895445249389719
"BM_Neu_093.fcs",93,"mature neutrophils","Comp-BUV661-A",2058,"MFI","Femur","mouse24","rep4","15LOzymozan24","male",NA,0,NA,"300GS",450,50,1970,"BUV661-A","CD74",3.31332726793877
"BM_Neu_093.fcs",93,"mature neutrophils","Comp-BUV737-A",4737,"MFI","Femur","mouse24","rep4","15LOzymozan24","male",NA,0,NA,"300GS",450,50,1970,"BUV737-A","Ly6G",4.14592177291324
"BM_Neu_093.fcs",93,"mature neutrophils","Comp-BUV805-A",9603,"MFI","Femur","mouse24","rep4","15LOzymozan24","male",NA,0,NA,"300GS",450,50,1970,"BUV805-A","CD45",4.85240370654861
"BM_Neu_093.fcs",93,"mature neutrophils","Comp-BV421-A",1040,"MFI","Femur","mouse24","rep4","15LOzymozan24","male",NA,0,NA,"300GS",450,50,1970,"BV421-A","PDL1",2.63464840004601
"BM_Neu_093.fcs",93,"mature neutrophils","Comp-BV570-A",975,"MFI","Femur","mouse24","rep4","15LOzymozan24","male",NA,0,NA,"300GS",450,50,1970,"BV570-A","CD44",2.5708146780957
"BM_Neu_093.fcs",93,"mature neutrophils","Comp-BV605-A",1057,"MFI","Femur","mouse24","rep4","15LOzymozan24","male",NA,0,NA,"300GS",450,50,1970,"BV605-A","CD115",2.65069895794865
"BM_Neu_093.fcs",93,"mature neutrophils","Comp-BV650-A",6717,"MFI","Femur","mouse24","rep4","15LOzymozan24","male",NA,0,NA,"300GS",450,50,1970,"BV650-A","Ly6C",4.49503344125559
"BM_Neu_093.fcs",93,"mature neutrophils","Comp-BV711-A",858,"MFI","Femur","mouse24","rep4","15LOzymozan24","male",NA,0,NA,"300GS",450,50,1970,"BV711-A","CD39",2.44467082783007
"BM_Neu_093.fcs",93,"mature neutrophils","Comp-BV786-A",3270,"MFI","Femur","mouse24","rep4","15LOzymozan24","male",NA,0,NA,"300GS",450,50,1970,"BV786-A","CD11b",3.77558278574246
"BM_Neu_093.fcs",93,"mature neutrophils","Comp-FITC-A",-31.2,"MFI","Femur","mouse24","rep4","15LOzymozan24","male",NA,0,NA,"300GS",450,50,1970,"FITC-A","CX3CR1",-0.206528650499904
"BM_Neu_093.fcs",93,"mature neutrophils","Comp-PE-A",642,"MFI","Femur","mouse24","rep4","15LOzymozan24","male",NA,0,NA,"300GS",450,50,1970,"PE-A","DC-Trail-R1",2.16047647060402
"BM_Neu_093.fcs",93,"mature neutrophils","Comp-PE-Cy5-A",-543,"MFI","Femur","mouse24","rep4","15LOzymozan24","male",NA,0,NA,"300GS",450,50,1970,"PE-Cy5-A","CD150",-1.99817488370457
"BM_Neu_093.fcs",93,"mature neutrophils","Comp-PE-Cy7-A",202,"MFI","Femur","mouse24","rep4","15LOzymozan24","male",NA,0,NA,"300GS",450,50,1970,"PE-Cy7-A","CD101",1.10658676709135
"BM_Neu_093.fcs",93,"mature neutrophils","Comp-PE-Texas Red-A",1712,"MFI","Femur","mouse24","rep4","15LOzymozan24","male",NA,0,NA,"300GS",450,50,1970,"PE-Texas Red-A","ICAM1",3.12984311864321
"BM_Neu_094.fcs",94,"mature neutrophils","Comp-APC-A",44.1,"MFI","Lumbar","mouse24","rep4","15LOzymozan24","male",NA,0,NA,"300GS",450,40,1970,"APC-A","CD117",0.289921368557428
"BM_Neu_094.fcs",94,"mature neutrophils","Comp-APC-Cy7-A",1064,"MFI","Lumbar","mouse24","rep4","15LOzymozan24","male",NA,0,NA,"300GS",450,40,1970,"APC-Cy7-A","CD14",2.65723458851799
"BM_Neu_094.fcs",94,"mature neutrophils","Comp-BB700-A",1062,"MFI","Lumbar","mouse24","rep4","15LOzymozan24","male",NA,0,NA,"300GS",450,40,1970,"BB700-A","CD16/32",2.65537157720774
"BM_Neu_094.fcs",94,"mature neutrophils","Comp-BUV395-A",4.79,"MFI","Lumbar","mouse24","rep4","15LOzymozan24","male",NA,0,NA,"300GS",450,40,1970,"BUV395-A","Sca1",0.031927908551238
"BM_Neu_094.fcs",94,"mature neutrophils","Comp-BUV496-A",1162,"MFI","Lumbar","mouse24","rep4","15LOzymozan24","male",NA,0,NA,"300GS",450,40,1970,"BUV496-A","MHCII",2.7445499437279
"BM_Neu_094.fcs",94,"mature neutrophils","Comp-BUV563-A",281,"MFI","Lumbar","mouse24","rep4","15LOzymozan24","male",NA,0,NA,"300GS",450,40,1970,"BUV563-A","CD106",1.38550977589813
"BM_Neu_094.fcs",94,"mature neutrophils","Comp-BUV615-A",129,"MFI","Lumbar","mouse24","rep4","15LOzymozan24","male",NA,0,NA,"300GS",450,40,1970,"BUV615-A","CCR5",0.778838046163972
"BM_Neu_094.fcs",94,"mature neutrophils","Comp-BUV661-A",2196,"MFI","Lumbar","mouse24","rep4","15LOzymozan24","male",NA,0,NA,"300GS",450,40,1970,"BUV661-A","CD74",3.37806908131853
"BM_Neu_094.fcs",94,"mature neutrophils","Comp-BUV737-A",4231,"MFI","Lumbar","mouse24","rep4","15LOzymozan24","male",NA,0,NA,"300GS",450,40,1970,"BUV737-A","Ly6G",4.03301961110262
"BM_Neu_094.fcs",94,"mature neutrophils","Comp-BUV805-A",9483,"MFI","Lumbar","mouse24","rep4","15LOzymozan24","male",NA,0,NA,"300GS",450,40,1970,"BUV805-A","CD45",4.83983043201396
"BM_Neu_094.fcs",94,"mature neutrophils","Comp-BV421-A",1012,"MFI","Lumbar","mouse24","rep4","15LOzymozan24","male",NA,0,NA,"300GS",450,40,1970,"BV421-A","PDL1",2.60764342290252
"BM_Neu_094.fcs",94,"mature neutrophils","Comp-BV570-A",1015,"MFI","Lumbar","mouse24","rep4","15LOzymozan24","male",NA,0,NA,"300GS",450,40,1970,"BV570-A","CD44",2.61057156823575
"BM_Neu_094.fcs",94,"mature neutrophils","Comp-BV605-A",1076,"MFI","Lumbar","mouse24","rep4","15LOzymozan24","male",NA,0,NA,"300GS",450,40,1970,"BV605-A","CD115",2.66834105056244
"BM_Neu_094.fcs",94,"mature neutrophils","Comp-BV650-A",7434,"MFI","Lumbar","mouse24","rep4","15LOzymozan24","male",NA,0,NA,"300GS",450,40,1970,"BV650-A","Ly6C",4.5964330052922
"BM_Neu_094.fcs",94,"mature neutrophils","Comp-BV711-A",663,"MFI","Lumbar","mouse24","rep4","15LOzymozan24","male",NA,0,NA,"300GS",450,40,1970,"BV711-A","CD39",2.19184463065673
"BM_Neu_094.fcs",94,"mature neutrophils","Comp-BV786-A",3096,"MFI","Lumbar","mouse24","rep4","15LOzymozan24","male",NA,0,NA,"300GS",450,40,1970,"BV786-A","CD11b",3.72096444650748
"BM_Neu_094.fcs",94,"mature neutrophils","Comp-FITC-A",-35.5,"MFI","Lumbar","mouse24","rep4","15LOzymozan24","male",NA,0,NA,"300GS",450,40,1970,"FITC-A","CX3CR1",-0.234511236998426
"BM_Neu_094.fcs",94,"mature neutrophils","Comp-PE-A",643,"MFI","Lumbar","mouse24","rep4","15LOzymozan24","male",NA,0,NA,"300GS",450,40,1970,"PE-A","DC-Trail-R1",2.16199213352204
"BM_Neu_094.fcs",94,"mature neutrophils","Comp-PE-Cy5-A",-544,"MFI","Lumbar","mouse24","rep4","15LOzymozan24","male",NA,0,NA,"300GS",450,40,1970,"PE-Cy5-A","CD150",-1.99994850188414
"BM_Neu_094.fcs",94,"mature neutrophils","Comp-PE-Cy7-A",225,"MFI","Lumbar","mouse24","rep4","15LOzymozan24","male",NA,0,NA,"300GS",450,40,1970,"PE-Cy7-A","CD101",1.19476321728711
"BM_Neu_094.fcs",94,"mature neutrophils","Comp-PE-Texas Red-A",1843,"MFI","Lumbar","mouse24","rep4","15LOzymozan24","male",NA,0,NA,"300GS",450,40,1970,"PE-Texas Red-A","ICAM1",3.20331378942674
"BM_Neu_095.fcs",95,"mature neutrophils","Comp-APC-A",32.9,"MFI","Sternum","mouse24","rep4","15LOzymozan24","male",NA,0,NA,"300GS",150,80,1970,"APC-A","CD117",0.217611765625599
"BM_Neu_095.fcs",95,"mature neutrophils","Comp-APC-Cy7-A",1392,"MFI","Sternum","mouse24","rep4","15LOzymozan24","male",NA,0,NA,"300GS",150,80,1970,"APC-Cy7-A","CD14",2.92389914743252
"BM_Neu_095.fcs",95,"mature neutrophils","Comp-BB700-A",1056,"MFI","Sternum","mouse24","rep4","15LOzymozan24","male",NA,0,NA,"300GS",150,80,1970,"BB700-A","CD16/32",2.64976183440609
"BM_Neu_095.fcs",95,"mature neutrophils","Comp-BUV395-A",-22.8,"MFI","Sternum","mouse24","rep4","15LOzymozan24","male",NA,0,NA,"300GS",150,80,1970,"BUV395-A","Sca1",-0.151420701534605
"BM_Neu_095.fcs",95,"mature neutrophils","Comp-BUV496-A",1224,"MFI","Sternum","mouse24","rep4","15LOzymozan24","male",NA,0,NA,"300GS",150,80,1970,"BUV496-A","MHCII",2.79612494464781
"BM_Neu_095.fcs",95,"mature neutrophils","Comp-BUV563-A",299,"MFI","Sternum","mouse24","rep4","15LOzymozan24","male",NA,0,NA,"300GS",150,80,1970,"BUV563-A","CD106",1.44065006978431
"BM_Neu_095.fcs",95,"mature neutrophils","Comp-BUV615-A",213,"MFI","Sternum","mouse24","rep4","15LOzymozan24","male",NA,0,NA,"300GS",150,80,1970,"BUV615-A","CCR5",1.14955208587213
"BM_Neu_095.fcs",95,"mature neutrophils","Comp-BUV661-A",2363,"MFI","Sternum","mouse24","rep4","15LOzymozan24","male",NA,0,NA,"300GS",150,80,1970,"BUV661-A","CD74",3.45120502889584
"BM_Neu_095.fcs",95,"mature neutrophils","Comp-BUV737-A",5751,"MFI","Sternum","mouse24","rep4","15LOzymozan24","male",NA,0,NA,"300GS",150,80,1970,"BUV737-A","Ly6G",4.33981094797063
"BM_Neu_095.fcs",95,"mature neutrophils","Comp-BUV805-A",11232,"MFI","Sternum","mouse24","rep4","15LOzymozan24","male",NA,0,NA,"300GS",150,80,1970,"BUV805-A","CD45",5.0090785967563
"BM_Neu_095.fcs",95,"mature neutrophils","Comp-BV421-A",1366,"MFI","Sternum","mouse24","rep4","15LOzymozan24","male",NA,0,NA,"300GS",150,80,1970,"BV421-A","PDL1",2.90515492654688
"BM_Neu_095.fcs",95,"mature neutrophils","Comp-BV570-A",1192,"MFI","Sternum","mouse24","rep4","15LOzymozan24","male",NA,0,NA,"300GS",150,80,1970,"BV570-A","CD44",2.76983528877243
"BM_Neu_095.fcs",95,"mature neutrophils","Comp-BV605-A",1355,"MFI","Sternum","mouse24","rep4","15LOzymozan24","male",NA,0,NA,"300GS",150,80,1970,"BV605-A","CD115",2.8971183194034
"BM_Neu_095.fcs",95,"mature neutrophils","Comp-BV650-A",7812,"MFI","Sternum","mouse24","rep4","15LOzymozan24","male",NA,0,NA,"300GS",150,80,1970,"BV650-A","Ly6C",4.64602033751702
"BM_Neu_095.fcs",95,"mature neutrophils","Comp-BV711-A",959,"MFI","Sternum","mouse24","rep4","15LOzymozan24","male",NA,0,NA,"300GS",150,80,1970,"BV711-A","CD39",2.55446385036633
"BM_Neu_095.fcs",95,"mature neutrophils","Comp-BV786-A",4288,"MFI","Sternum","mouse24","rep4","15LOzymozan24","male",NA,0,NA,"300GS",150,80,1970,"BV786-A","CD11b",4.0463933725203
"BM_Neu_095.fcs",95,"mature neutrophils","Comp-FITC-A",-47.4,"MFI","Sternum","mouse24","rep4","15LOzymozan24","male",NA,0,NA,"300GS",150,80,1970,"FITC-A","CX3CR1",-0.310964078372651
"BM_Neu_095.fcs",95,"mature neutrophils","Comp-PE-A",695,"MFI","Sternum","mouse24","rep4","15LOzymozan24","male",NA,0,NA,"300GS",150,80,1970,"PE-A","DC-Trail-R1",2.23787077893662
"BM_Neu_095.fcs",95,"mature neutrophils","Comp-PE-Cy5-A",-604,"MFI","Sternum","mouse24","rep4","15LOzymozan24","male",NA,0,NA,"300GS",150,80,1970,"PE-Cy5-A","CD150",-2.10115995522949
"BM_Neu_095.fcs",95,"mature neutrophils","Comp-PE-Cy7-A",219,"MFI","Sternum","mouse24","rep4","15LOzymozan24","male",NA,0,NA,"300GS",150,80,1970,"PE-Cy7-A","CD101",1.17236842496706
"BM_Neu_095.fcs",95,"mature neutrophils","Comp-PE-Texas Red-A",1889,"MFI","Sternum","mouse24","rep4","15LOzymozan24","male",NA,0,NA,"300GS",150,80,1970,"PE-Texas Red-A","ICAM1",3.22788741117995
"BM_Neu_096.fcs",96,"mature neutrophils","Comp-APC-A",70.5,"MFI","Calvaria","mouse24","rep4","15LOzymozan24","male",NA,0,NA,"300GS",300,80,1970,"APC-A","CD117",0.454219358912955
"BM_Neu_096.fcs",96,"mature neutrophils","Comp-APC-Cy7-A",1318,"MFI","Calvaria","mouse24","rep4","15LOzymozan24","male",NA,0,NA,"300GS",300,80,1970,"APC-Cy7-A","CD14",2.86960509651493
"BM_Neu_096.fcs",96,"mature neutrophils","Comp-BB700-A",1116,"MFI","Calvaria","mouse24","rep4","15LOzymozan24","male",NA,0,NA,"300GS",300,80,1970,"BB700-A","CD16/32",2.70450415393233
"BM_Neu_096.fcs",96,"mature neutrophils","Comp-BUV395-A",12.4,"MFI","Calvaria","mouse24","rep4","15LOzymozan24","male",NA,0,NA,"300GS",300,80,1970,"BUV395-A","Sca1",0.0825728007659458
"BM_Neu_096.fcs",96,"mature neutrophils","Comp-BUV496-A",1334,"MFI","Calvaria","mouse24","rep4","15LOzymozan24","male",NA,0,NA,"300GS",300,80,1970,"BUV496-A","MHCII",2.88159513121337
"BM_Neu_096.fcs",96,"mature neutrophils","Comp-BUV563-A",292,"MFI","Calvaria","mouse24","rep4","15LOzymozan24","male",NA,0,NA,"300GS",300,80,1970,"BUV563-A","CD106",1.41952646607086
"BM_Neu_096.fcs",96,"mature neutrophils","Comp-BUV615-A",204,"MFI","Calvaria","mouse24","rep4","15LOzymozan24","male",NA,0,NA,"300GS",300,80,1970,"BUV615-A","CCR5",1.11451051536296
"BM_Neu_096.fcs",96,"mature neutrophils","Comp-BUV661-A",2252,"MFI","Calvaria","mouse24","rep4","15LOzymozan24","male",NA,0,NA,"300GS",300,80,1970,"BUV661-A","CD74",3.40319317340923
"BM_Neu_096.fcs",96,"mature neutrophils","Comp-BUV737-A",5193,"MFI","Calvaria","mouse24","rep4","15LOzymozan24","male",NA,0,NA,"300GS",300,80,1970,"BUV737-A","Ly6G",4.23778725142442
"BM_Neu_096.fcs",96,"mature neutrophils","Comp-BUV805-A",10642,"MFI","Calvaria","mouse24","rep4","15LOzymozan24","male",NA,0,NA,"300GS",300,80,1970,"BUV805-A","CD45",4.95512526584517
"BM_Neu_096.fcs",96,"mature neutrophils","Comp-BV421-A",1255,"MFI","Calvaria","mouse24","rep4","15LOzymozan24","male",NA,0,NA,"300GS",300,80,1970,"BV421-A","PDL1",2.82095512829711
"BM_Neu_096.fcs",96,"mature neutrophils","Comp-BV570-A",1147,"MFI","Calvaria","mouse24","rep4","15LOzymozan24","male",NA,0,NA,"300GS",300,80,1970,"BV570-A","CD44",2.73166542671969
"BM_Neu_096.fcs",96,"mature neutrophils","Comp-BV605-A",1342,"MFI","Calvaria","mouse24","rep4","15LOzymozan24","male",NA,0,NA,"300GS",300,80,1970,"BV605-A","CD115",2.88753699925678
"BM_Neu_096.fcs",96,"mature neutrophils","Comp-BV650-A",7134,"MFI","Calvaria","mouse24","rep4","15LOzymozan24","male",NA,0,NA,"300GS",300,80,1970,"BV650-A","Ly6C",4.55524975799312
"BM_Neu_096.fcs",96,"mature neutrophils","Comp-BV711-A",886,"MFI","Calvaria","mouse24","rep4","15LOzymozan24","male",NA,0,NA,"300GS",300,80,1970,"BV711-A","CD39",2.47631866287802
"BM_Neu_096.fcs",96,"mature neutrophils","Comp-BV786-A",3750,"MFI","Calvaria","mouse24","rep4","15LOzymozan24","male",NA,0,NA,"300GS",300,80,1970,"BV786-A","CD11b",3.91242276564126
"BM_Neu_096.fcs",96,"mature neutrophils","Comp-FITC-A",-36.9,"MFI","Calvaria","mouse24","rep4","15LOzymozan24","male",NA,0,NA,"300GS",300,80,1970,"FITC-A","CX3CR1",-0.243584073435406
"BM_Neu_096.fcs",96,"mature neutrophils","Comp-PE-A",618,"MFI","Calvaria","mouse24","rep4","15LOzymozan24","male",NA,0,NA,"300GS",300,80,1970,"PE-A","DC-Trail-R1",2.12341328549348
"BM_Neu_096.fcs",96,"mature neutrophils","Comp-PE-Cy5-A",-609,"MFI","Calvaria","mouse24","rep4","15LOzymozan24","male",NA,0,NA,"300GS",300,80,1970,"PE-Cy5-A","CD150",-2.10916289118253
"BM_Neu_096.fcs",96,"mature neutrophils","Comp-PE-Cy7-A",248,"MFI","Calvaria","mouse24","rep4","15LOzymozan24","male",NA,0,NA,"300GS",300,80,1970,"PE-Cy7-A","CD101",1.27691547799218
"BM_Neu_096.fcs",96,"mature neutrophils","Comp-PE-Texas Red-A",1902,"MFI","Calvaria","mouse24","rep4","15LOzymozan24","male",NA,0,NA,"300GS",300,80,1970,"PE-Texas Red-A","ICAM1",3.23472441204993
"BM_Neu_097_001.fcs",97,"mature neutrophils","Comp-APC-A",-82,"MFI","Femur","mouse25","rep1","WTzymosan72","male",NA,0,NA,"300GS",450,50,1970,"APC-A","CD117",-0.522557674021425
"BM_Neu_097_001.fcs",97,"mature neutrophils","Comp-APC-Cy7-A",722,"MFI","Femur","mouse25","rep1","WTzymosan72","male",NA,0,NA,"300GS",450,50,1970,"APC-Cy7-A","CD14",2.27515710389419
"BM_Neu_097_001.fcs",97,"mature neutrophils","Comp-BB700-A",786,"MFI","Femur","mouse25","rep1","WTzymosan72","male",NA,0,NA,"300GS",450,50,1970,"BB700-A","CD16/32",2.35845173346293
"BM_Neu_097_001.fcs",97,"mature neutrophils","Comp-BUV395-A",-140,"MFI","Femur","mouse25","rep1","WTzymosan72","male",NA,0,NA,"300GS",450,50,1970,"BUV395-A","Sca1",-0.83343896888059
"BM_Neu_097_001.fcs",97,"mature neutrophils","Comp-BUV496-A",1635,"MFI","Femur","mouse25","rep1","WTzymosan72","male",NA,0,NA,"300GS",450,50,1970,"BUV496-A","MHCII",3.08400755917694
"BM_Neu_097_001.fcs",97,"mature neutrophils","Comp-BUV563-A",215,"MFI","Femur","mouse25","rep1","WTzymosan72","male",NA,0,NA,"300GS",450,50,1970,"BUV563-A","CD106",1.15720511618694
"BM_Neu_097_001.fcs",97,"mature neutrophils","Comp-BUV615-A",564,"MFI","Femur","mouse25","rep1","WTzymosan72","male",NA,0,NA,"300GS",450,50,1970,"BUV615-A","CCR5",2.0347980457459
"BM_Neu_097_001.fcs",97,"mature neutrophils","Comp-BUV661-A",2708,"MFI","Femur","mouse25","rep1","WTzymosan72","male",NA,0,NA,"300GS",450,50,1970,"BUV661-A","CD74",3.5872436921491
"BM_Neu_097_001.fcs",97,"mature neutrophils","Comp-BUV737-A",4875,"MFI","Femur","mouse25","rep1","WTzymosan72","male",NA,0,NA,"300GS",450,50,1970,"BUV737-A","Ly6G",4.17462387229967
"BM_Neu_097_001.fcs",97,"mature neutrophils","Comp-BUV805-A",11882,"MFI","Femur","mouse25","rep1","WTzymosan72","male",NA,0,NA,"300GS",450,50,1970,"BUV805-A","CD45",5.06533165520945
"BM_Neu_097_001.fcs",97,"mature neutrophils","Comp-BV421-A",403,"MFI","Femur","mouse25","rep1","WTzymosan72","male",NA,0,NA,"300GS",450,50,1970,"BV421-A","PDL1",1.7144109110036
"BM_Neu_097_001.fcs",97,"mature neutrophils","Comp-BV570-A",1026,"MFI","Femur","mouse25","rep1","WTzymosan72","male",NA,0,NA,"300GS",450,50,1970,"BV570-A","CD44",2.62123610837412
"BM_Neu_097_001.fcs",97,"mature neutrophils","Comp-BV605-A",1057,"MFI","Femur","mouse25","rep1","WTzymosan72","male",NA,0,NA,"300GS",450,50,1970,"BV605-A","CD115",2.65069895794865
"BM_Neu_097_001.fcs",97,"mature neutrophils","Comp-BV650-A",9777,"MFI","Femur","mouse25","rep1","WTzymosan72","male",NA,0,NA,"300GS",450,50,1970,"BV650-A","Ly6C",4.8703586940102
"BM_Neu_097_001.fcs",97,"mature neutrophils","Comp-BV711-A",520,"MFI","Femur","mouse25","rep1","WTzymosan72","male",NA,0,NA,"300GS",450,50,1970,"BV711-A","CD39",1.95652255687705
"BM_Neu_097_001.fcs",97,"mature neutrophils","Comp-BV786-A",3301,"MFI","Femur","mouse25","rep1","WTzymosan72","male",NA,0,NA,"300GS",450,50,1970,"BV786-A","CD11b",3.78500843507635
"BM_Neu_097_001.fcs",97,"mature neutrophils","Comp-FITC-A",-46.5,"MFI","Femur","mouse25","rep1","WTzymosan72","male",NA,0,NA,"300GS",450,50,1970,"FITC-A","CX3CR1",-0.305238019925228
"BM_Neu_097_001.fcs",97,"mature neutrophils","Comp-PE-A",451,"MFI","Femur","mouse25","rep1","WTzymosan72","male",NA,0,NA,"300GS",450,50,1970,"PE-A","DC-Trail-R1",1.82055253880498
"BM_Neu_097_001.fcs",97,"mature neutrophils","Comp-PE-Cy5-A",-535,"MFI","Femur","mouse25","rep1","WTzymosan72","male",NA,0,NA,"300GS",450,50,1970,"PE-Cy5-A","CD150",-1.98387574589913
"BM_Neu_097_001.fcs",97,"mature neutrophils","Comp-PE-Cy7-A",603,"MFI","Femur","mouse25","rep1","WTzymosan72","male",NA,0,NA,"300GS",450,50,1970,"PE-Cy7-A","CD101",2.09955188089442
"BM_Neu_097_001.fcs",97,"mature neutrophils","Comp-PE-Texas Red-A",1504,"MFI","Femur","mouse25","rep1","WTzymosan72","male",NA,0,NA,"300GS",450,50,1970,"PE-Texas Red-A","ICAM1",3.00087288604686
"BM_Neu_098_002.fcs",98,"mature neutrophils","Comp-APC-A",-56.6,"MFI","Lumbar","mouse25","rep1","WTzymosan72","male",NA,0,NA,"300GS",450,40,1970,"APC-A","CD117",-0.368908533225062
"BM_Neu_098_002.fcs",98,"mature neutrophils","Comp-APC-Cy7-A",672,"MFI","Lumbar","mouse25","rep1","WTzymosan72","male",NA,0,NA,"300GS",450,40,1970,"APC-Cy7-A","CD14",2.20499988643846
"BM_Neu_098_002.fcs",98,"mature neutrophils","Comp-BB700-A",740,"MFI","Lumbar","mouse25","rep1","WTzymosan72","male",NA,0,NA,"300GS",450,40,1970,"BB700-A","CD16/32",2.29927941341114
"BM_Neu_098_002.fcs",98,"mature neutrophils","Comp-BUV395-A",-135,"MFI","Lumbar","mouse25","rep1","WTzymosan72","male",NA,0,NA,"300GS",450,40,1970,"BUV395-A","Sca1",-0.808866935652782
"BM_Neu_098_002.fcs",98,"mature neutrophils","Comp-BUV496-A",1629,"MFI","Lumbar","mouse25","rep1","WTzymosan72","male",NA,0,NA,"300GS",450,40,1970,"BUV496-A","MHCII",3.080346515843
"BM_Neu_098_002.fcs",98,"mature neutrophils","Comp-BUV563-A",213,"MFI","Lumbar","mouse25","rep1","WTzymosan72","male",NA,0,NA,"300GS",450,40,1970,"BUV563-A","CD106",1.14955208587213
"BM_Neu_098_002.fcs",98,"mature neutrophils","Comp-BUV615-A",502,"MFI","Lumbar","mouse25","rep1","WTzymosan72","male",NA,0,NA,"300GS",450,40,1970,"BUV615-A","CCR5",1.92272076370552
"BM_Neu_098_002.fcs",98,"mature neutrophils","Comp-BUV661-A",2266,"MFI","Lumbar","mouse25","rep1","WTzymosan72","male",NA,0,NA,"300GS",450,40,1970,"BUV661-A","CD74",3.40937700793852
"BM_Neu_098_002.fcs",98,"mature neutrophils","Comp-BUV737-A",4973,"MFI","Lumbar","mouse25","rep1","WTzymosan72","male",NA,0,NA,"300GS",450,40,1970,"BUV737-A","Ly6G",4.19451781744317
"BM_Neu_098_002.fcs",98,"mature neutrophils","Comp-BUV805-A",10517,"MFI","Lumbar","mouse25","rep1","WTzymosan72","male",NA,0,NA,"300GS",450,40,1970,"BUV805-A","CD45",4.9433110127043
"BM_Neu_098_002.fcs",98,"mature neutrophils","Comp-BV421-A",342,"MFI","Lumbar","mouse25","rep1","WTzymosan72","male",NA,0,NA,"300GS",450,40,1970,"BV421-A","PDL1",1.56227473234639
"BM_Neu_098_002.fcs",98,"mature neutrophils","Comp-BV570-A",859,"MFI","Lumbar","mouse25","rep1","WTzymosan72","male",NA,0,NA,"300GS",450,40,1970,"BV570-A","CD44",2.44581826732719
"BM_Neu_098_002.fcs",98,"mature neutrophils","Comp-BV605-A",822,"MFI","Lumbar","mouse25","rep1","WTzymosan72","male",NA,0,NA,"300GS",450,40,1970,"BV605-A","CD115",2.40247510519724
"BM_Neu_098_002.fcs",98,"mature neutrophils","Comp-BV650-A",8236,"MFI","Lumbar","mouse25","rep1","WTzymosan72","male",NA,0,NA,"300GS",450,40,1970,"BV650-A","Ly6C",4.69886487013278
"BM_Neu_098_002.fcs",98,"mature neutrophils","Comp-BV711-A",417,"MFI","Lumbar","mouse25","rep1","WTzymosan72","male",NA,0,NA,"300GS",450,40,1970,"BV711-A","CD39",1.74648078220208
"BM_Neu_098_002.fcs",98,"mature neutrophils","Comp-BV786-A",2856,"MFI","Lumbar","mouse25","rep1","WTzymosan72","male",NA,0,NA,"300GS",450,40,1970,"BV786-A","CD11b",3.64037811174394
"BM_Neu_098_002.fcs",98,"mature neutrophils","Comp-FITC-A",-42.3,"MFI","Lumbar","mouse25","rep1","WTzymosan72","male",NA,0,NA,"300GS",450,40,1970,"FITC-A","CX3CR1",-0.278390118419877
"BM_Neu_098_002.fcs",98,"mature neutrophils","Comp-PE-A",443,"MFI","Lumbar","mouse25","rep1","WTzymosan72","male",NA,0,NA,"300GS",450,40,1970,"PE-A","DC-Trail-R1",1.80358494332159
"BM_Neu_098_002.fcs",98,"mature neutrophils","Comp-PE-Cy5-A",-492,"MFI","Lumbar","mouse25","rep1","WTzymosan72","male",NA,0,NA,"300GS",450,40,1970,"PE-Cy5-A","CD150",-1.90345771108775
"BM_Neu_098_002.fcs",98,"mature neutrophils","Comp-PE-Cy7-A",606,"MFI","Lumbar","mouse25","rep1","WTzymosan72","male",NA,0,NA,"300GS",450,40,1970,"PE-Cy7-A","CD101",2.10436859418096
"BM_Neu_098_002.fcs",98,"mature neutrophils","Comp-PE-Texas Red-A",1368,"MFI","Lumbar","mouse25","rep1","WTzymosan72","male",NA,0,NA,"300GS",450,40,1970,"PE-Texas Red-A","ICAM1",2.90660925534604
"BM_Neu_099_003.fcs",99,"mature neutrophils","Comp-APC-A",-55.3,"MFI","Sternum","mouse25","rep1","WTzymosan72","male",NA,0,NA,"300GS",150,80,1970,"APC-A","CD117",-0.360788367682486
"BM_Neu_099_003.fcs",99,"mature neutrophils","Comp-APC-Cy7-A",723,"MFI","Sternum","mouse25","rep1","WTzymosan72","male",NA,0,NA,"300GS",150,80,1970,"APC-Cy7-A","CD14",2.2765122890247
"BM_Neu_099_003.fcs",99,"mature neutrophils","Comp-BB700-A",736,"MFI","Sternum","mouse25","rep1","WTzymosan72","male",NA,0,NA,"300GS",150,80,1970,"BB700-A","CD16/32",2.29396794894194
"BM_Neu_099_003.fcs",99,"mature neutrophils","Comp-BUV395-A",-98.7,"MFI","Sternum","mouse25","rep1","WTzymosan72","male",NA,0,NA,"300GS",150,80,1970,"BUV395-A","Sca1",-0.617919597577233
"BM_Neu_099_003.fcs",99,"mature neutrophils","Comp-BUV496-A",1704,"MFI","Sternum","mouse25","rep1","WTzymosan72","male",NA,0,NA,"300GS",150,80,1970,"BUV496-A","MHCII",3.12517722825349
"BM_Neu_099_003.fcs",99,"mature neutrophils","Comp-BUV563-A",224,"MFI","Sternum","mouse25","rep1","WTzymosan72","male",NA,0,NA,"300GS",150,80,1970,"BUV563-A","CD106",1.19105951766036
"BM_Neu_099_003.fcs",99,"mature neutrophils","Comp-BUV615-A",548,"MFI","Sternum","mouse25","rep1","WTzymosan72","male",NA,0,NA,"300GS",150,80,1970,"BUV615-A","CCR5",2.00701279988909
"BM_Neu_099_003.fcs",99,"mature neutrophils","Comp-BUV661-A",2453,"MFI","Sternum","mouse25","rep1","WTzymosan72","male",NA,0,NA,"300GS",150,80,1970,"BUV661-A","CD74",3.48851244139329
"BM_Neu_099_003.fcs",99,"mature neutrophils","Comp-BUV737-A",5057,"MFI","Sternum","mouse25","rep1","WTzymosan72","male",NA,0,NA,"300GS",150,80,1970,"BUV737-A","Ly6G",4.21126047141625
"BM_Neu_099_003.fcs",99,"mature neutrophils","Comp-BUV805-A",10241,"MFI","Sternum","mouse25","rep1","WTzymosan72","male",NA,0,NA,"300GS",150,80,1970,"BUV805-A","CD45",4.91672006592923
"BM_Neu_099_003.fcs",99,"mature neutrophils","Comp-BV421-A",218,"MFI","Sternum","mouse25","rep1","WTzymosan72","male",NA,0,NA,"300GS",150,80,1970,"BV421-A","PDL1",1.16859530112034
"BM_Neu_099_003.fcs",99,"mature neutrophils","Comp-BV570-A",948,"MFI","Sternum","mouse25","rep1","WTzymosan72","male",NA,0,NA,"300GS",150,80,1970,"BV570-A","CD44",2.54306744296896
"BM_Neu_099_003.fcs",99,"mature neutrophils","Comp-BV605-A",921,"MFI","Sternum","mouse25","rep1","WTzymosan72","male",NA,0,NA,"300GS",150,80,1970,"BV605-A","CD115",2.51453828565492
"BM_Neu_099_003.fcs",99,"mature neutrophils","Comp-BV650-A",8838,"MFI","Sternum","mouse25","rep1","WTzymosan72","male",NA,0,NA,"300GS",150,80,1970,"BV650-A","Ly6C",4.76939977797838
"BM_Neu_099_003.fcs",99,"mature neutrophils","Comp-BV711-A",370,"MFI","Sternum","mouse25","rep1","WTzymosan72","male",NA,0,NA,"300GS",150,80,1970,"BV711-A","CD39",1.63477980434798
"BM_Neu_099_003.fcs",99,"mature neutrophils","Comp-BV786-A",2361,"MFI","Sternum","mouse25","rep1","WTzymosan72","male",NA,0,NA,"300GS",150,80,1970,"BV786-A","CD11b",3.45035999107759
"BM_Neu_099_003.fcs",99,"mature neutrophils","Comp-FITC-A",-43.6,"MFI","Sternum","mouse25","rep1","WTzymosan72","male",NA,0,NA,"300GS",150,80,1970,"FITC-A","CX3CR1",-0.286721943540633
"BM_Neu_099_003.fcs",99,"mature neutrophils","Comp-PE-A",440,"MFI","Sternum","mouse25","rep1","WTzymosan72","male",NA,0,NA,"300GS",150,80,1970,"PE-A","DC-Trail-R1",1.79715109930739
"BM_Neu_099_003.fcs",99,"mature neutrophils","Comp-PE-Cy5-A",-515,"MFI","Sternum","mouse25","rep1","WTzymosan72","male",NA,0,NA,"300GS",150,80,1970,"PE-Cy5-A","CD150",-1.94724262975191
"BM_Neu_099_003.fcs",99,"mature neutrophils","Comp-PE-Cy7-A",592,"MFI","Sternum","mouse25","rep1","WTzymosan72","male",NA,0,NA,"300GS",150,80,1970,"PE-Cy7-A","CD101",2.08169548804771
"BM_Neu_099_003.fcs",99,"mature neutrophils","Comp-PE-Texas Red-A",1441,"MFI","Sternum","mouse25","rep1","WTzymosan72","male",NA,0,NA,"300GS",150,80,1970,"PE-Texas Red-A","ICAM1",2.95830245089767
"BM_Neu_100_004.fcs",100,"mature neutrophils","Comp-APC-A",-68,"MFI","Calvaria","mouse25","rep1","WTzymosan72","male",NA,0,NA,"300GS",300,80,1970,"APC-A","CD117",-0.439087509008793
"BM_Neu_100_004.fcs",100,"mature neutrophils","Comp-APC-Cy7-A",680,"MFI","Calvaria","mouse25","rep1","WTzymosan72","male",NA,0,NA,"300GS",300,80,1970,"APC-Cy7-A","CD14",2.21655331919442
"BM_Neu_100_004.fcs",100,"mature neutrophils","Comp-BB700-A",739,"MFI","Calvaria","mouse25","rep1","WTzymosan72","male",NA,0,NA,"300GS",300,80,1970,"BB700-A","CD16/32",2.29795413693867
"BM_Neu_100_004.fcs",100,"mature neutrophils","Comp-BUV395-A",-146,"MFI","Calvaria","mouse25","rep1","WTzymosan72","male",NA,0,NA,"300GS",300,80,1970,"BUV395-A","Sca1",-0.862391145397568
"BM_Neu_100_004.fcs",100,"mature neutrophils","Comp-BUV496-A",1680,"MFI","Calvaria","mouse25","rep1","WTzymosan72","male",NA,0,NA,"300GS",300,80,1970,"BUV496-A","MHCII",3.11104801182267
"BM_Neu_100_004.fcs",100,"mature neutrophils","Comp-BUV563-A",206,"MFI","Calvaria","mouse25","rep1","WTzymosan72","male",NA,0,NA,"300GS",300,80,1970,"BUV563-A","CD106",1.122384001354
"BM_Neu_100_004.fcs",100,"mature neutrophils","Comp-BUV615-A",518,"MFI","Calvaria","mouse25","rep1","WTzymosan72","male",NA,0,NA,"300GS",300,80,1970,"BUV615-A","CCR5",1.95282050584403
"BM_Neu_100_004.fcs",100,"mature neutrophils","Comp-BUV661-A",2404,"MFI","Calvaria","mouse25","rep1","WTzymosan72","male",NA,0,NA,"300GS",300,80,1970,"BUV661-A","CD74",3.46837307958181
"BM_Neu_100_004.fcs",100,"mature neutrophils","Comp-BUV737-A",5335,"MFI","Calvaria","mouse25","rep1","WTzymosan72","male",NA,0,NA,"300GS",300,80,1970,"BUV737-A","Ly6G",4.26475362200659
"BM_Neu_100_004.fcs",100,"mature neutrophils","Comp-BUV805-A",11036,"MFI","Calvaria","mouse25","rep1","WTzymosan72","male",NA,0,NA,"300GS",300,80,1970,"BUV805-A","CD45",4.99147600340971
"BM_Neu_100_004.fcs",100,"mature neutrophils","Comp-BV421-A",365,"MFI","Calvaria","mouse25","rep1","WTzymosan72","male",NA,0,NA,"300GS",300,80,1970,"BV421-A","PDL1",1.6221831068829
"BM_Neu_100_004.fcs",100,"mature neutrophils","Comp-BV570-A",902,"MFI","Calvaria","mouse25","rep1","WTzymosan72","male",NA,0,NA,"300GS",300,80,1970,"BV570-A","CD44",2.49396947279025
"BM_Neu_100_004.fcs",100,"mature neutrophils","Comp-BV605-A",863,"MFI","Calvaria","mouse25","rep1","WTzymosan72","male",NA,0,NA,"300GS",300,80,1970,"BV605-A","CD115",2.45039509877385
"BM_Neu_100_004.fcs",100,"mature neutrophils","Comp-BV650-A",8646,"MFI","Calvaria","mouse25","rep1","WTzymosan72","male",NA,0,NA,"300GS",300,80,1970,"BV650-A","Ly6C",4.74743919069746
"BM_Neu_100_004.fcs",100,"mature neutrophils","Comp-BV711-A",415,"MFI","Calvaria","mouse25","rep1","WTzymosan72","male",NA,0,NA,"300GS",300,80,1970,"BV711-A","CD39",1.74195811079419
"BM_Neu_100_004.fcs",100,"mature neutrophils","Comp-BV786-A",2977,"MFI","Calvaria","mouse25","rep1","WTzymosan72","male",NA,0,NA,"300GS",300,80,1970,"BV786-A","CD11b",3.68181733875344
"BM_Neu_100_004.fcs",100,"mature neutrophils","Comp-FITC-A",-46,"MFI","Calvaria","mouse25","rep1","WTzymosan72","male",NA,0,NA,"300GS",300,80,1970,"FITC-A","CX3CR1",-0.302052665376074
"BM_Neu_100_004.fcs",100,"mature neutrophils","Comp-PE-A",472,"MFI","Calvaria","mouse25","rep1","WTzymosan72","male",NA,0,NA,"300GS",300,80,1970,"PE-A","DC-Trail-R1",1.86383363744751
"BM_Neu_100_004.fcs",100,"mature neutrophils","Comp-PE-Cy5-A",-505,"MFI","Calvaria","mouse25","rep1","WTzymosan72","male",NA,0,NA,"300GS",300,80,1970,"PE-Cy5-A","CD150",-1.92843105301064
"BM_Neu_100_004.fcs",100,"mature neutrophils","Comp-PE-Cy7-A",627,"MFI","Calvaria","mouse25","rep1","WTzymosan72","male",NA,0,NA,"300GS",300,80,1970,"PE-Cy7-A","CD101",2.13746902928911
"BM_Neu_100_004.fcs",100,"mature neutrophils","Comp-PE-Texas Red-A",1450,"MFI","Calvaria","mouse25","rep1","WTzymosan72","male",NA,0,NA,"300GS",300,80,1970,"PE-Texas Red-A","ICAM1",2.9644954351712
"BM_Neu_101_005.fcs",101,"mature neutrophils","Comp-APC-A",-68.2,"MFI","Femur","mouse26","rep2","WTzymosan72","male",NA,0,NA,"300GS",450,50,1970,"APC-A","CD117",-0.44030158028504
"BM_Neu_101_005.fcs",101,"mature neutrophils","Comp-APC-Cy7-A",657,"MFI","Femur","mouse26","rep2","WTzymosan72","male",NA,0,NA,"300GS",450,50,1970,"APC-Cy7-A","CD14",2.18297973273572
"BM_Neu_101_005.fcs",101,"mature neutrophils","Comp-BB700-A",878,"MFI","Femur","mouse26","rep2","WTzymosan72","male",NA,0,NA,"300GS",450,50,1970,"BB700-A","CD16/32",2.46737670318885
"BM_Neu_101_005.fcs",101,"mature neutrophils","Comp-BUV395-A",-125,"MFI","Femur","mouse26","rep2","WTzymosan72","male",NA,0,NA,"300GS",450,50,1970,"BUV395-A","Sca1",-0.758486137193742
"BM_Neu_101_005.fcs",101,"mature neutrophils","Comp-BUV496-A",1693,"MFI","Femur","mouse26","rep2","WTzymosan72","male",NA,0,NA,"300GS",450,50,1970,"BUV496-A","MHCII",3.1187260118142
"BM_Neu_101_005.fcs",101,"mature neutrophils","Comp-BUV563-A",237,"MFI","Femur","mouse26","rep2","WTzymosan72","male",NA,0,NA,"300GS",450,50,1970,"BUV563-A","CD106",1.23833547822897
"BM_Neu_101_005.fcs",101,"mature neutrophils","Comp-BUV615-A",560,"MFI","Femur","mouse26","rep2","WTzymosan72","male",NA,0,NA,"300GS",450,50,1970,"BUV615-A","CCR5",2.02792131068924
"BM_Neu_101_005.fcs",101,"mature neutrophils","Comp-BUV661-A",2552,"MFI","Femur","mouse26","rep2","WTzymosan72","male",NA,0,NA,"300GS",450,50,1970,"BUV661-A","CD74",3.52800711066724
"BM_Neu_101_005.fcs",101,"mature neutrophils","Comp-BUV737-A",5019,"MFI","Femur","mouse26","rep2","WTzymosan72","male",NA,0,NA,"300GS",450,50,1970,"BUV737-A","Ly6G",4.20372110105943
"BM_Neu_101_005.fcs",101,"mature neutrophils","Comp-BUV805-A",11818,"MFI","Femur","mouse26","rep2","WTzymosan72","male",NA,0,NA,"300GS",450,50,1970,"BUV805-A","CD45",5.05993123084428
"BM_Neu_101_005.fcs",101,"mature neutrophils","Comp-BV421-A",349,"MFI","Femur","mouse26","rep2","WTzymosan72","male",NA,0,NA,"300GS",450,50,1970,"BV421-A","PDL1",1.5808597038437
"BM_Neu_101_005.fcs",101,"mature neutrophils","Comp-BV570-A",966,"MFI","Femur","mouse26","rep2","WTzymosan72","male",NA,0,NA,"300GS",450,50,1970,"BV570-A","CD44",2.56164986651514
"BM_Neu_101_005.fcs",101,"mature neutrophils","Comp-BV605-A",954,"MFI","Femur","mouse26","rep2","WTzymosan72","male",NA,0,NA,"300GS",450,50,1970,"BV605-A","CD115",2.54929956472493
"BM_Neu_101_005.fcs",101,"mature neutrophils","Comp-BV650-A",8849,"MFI","Femur","mouse26","rep2","WTzymosan72","male",NA,0,NA,"300GS",450,50,1970,"BV650-A","Ly6C",4.77064345066783
"BM_Neu_101_005.fcs",101,"mature neutrophils","Comp-BV711-A",448,"MFI","Femur","mouse26","rep2","WTzymosan72","male",NA,0,NA,"300GS",450,50,1970,"BV711-A","CD39",1.81422163498371
"BM_Neu_101_005.fcs",101,"mature neutrophils","Comp-BV786-A",2994,"MFI","Femur","mouse26","rep2","WTzymosan72","male",NA,0,NA,"300GS",450,50,1970,"BV786-A","CD11b",3.68750436913706
"BM_Neu_101_005.fcs",101,"mature neutrophils","Comp-FITC-A",-44.7,"MFI","Femur","mouse26","rep2","WTzymosan72","male",NA,0,NA,"300GS",450,50,1970,"FITC-A","CX3CR1",-0.293756868631831
"BM_Neu_101_005.fcs",101,"mature neutrophils","Comp-PE-A",458,"MFI","Femur","mouse26","rep2","WTzymosan72","male",NA,0,NA,"300GS",450,50,1970,"PE-A","DC-Trail-R1",1.83517836122744
"BM_Neu_101_005.fcs",101,"mature neutrophils","Comp-PE-Cy5-A",-534,"MFI","Femur","mouse26","rep2","WTzymosan72","male",NA,0,NA,"300GS",450,50,1970,"PE-Cy5-A","CD150",-1.98207442678672
"BM_Neu_101_005.fcs",101,"mature neutrophils","Comp-PE-Cy7-A",587,"MFI","Femur","mouse26","rep2","WTzymosan72","male",NA,0,NA,"300GS",450,50,1970,"PE-Cy7-A","CD101",2.07347561047709
"BM_Neu_101_005.fcs",101,"mature neutrophils","Comp-PE-Texas Red-A",1529,"MFI","Femur","mouse26","rep2","WTzymosan72","male",NA,0,NA,"300GS",450,50,1970,"PE-Texas Red-A","ICAM1",3.01727852091034
"BM_Neu_102_006.fcs",102,"mature neutrophils","Comp-APC-A",-69.6,"MFI","Lumbar","mouse26","rep2","WTzymosan72","male",NA,0,NA,"300GS",450,40,1970,"APC-A","CD117",-0.448782957806572
"BM_Neu_102_006.fcs",102,"mature neutrophils","Comp-APC-Cy7-A",653,"MFI","Lumbar","mouse26","rep2","WTzymosan72","male",NA,0,NA,"300GS",450,40,1970,"APC-Cy7-A","CD14",2.1770269466379
"BM_Neu_102_006.fcs",102,"mature neutrophils","Comp-BB700-A",831,"MFI","Lumbar","mouse26","rep2","WTzymosan72","male",NA,0,NA,"300GS",450,40,1970,"BB700-A","CD16/32",2.41318947142367
"BM_Neu_102_006.fcs",102,"mature neutrophils","Comp-BUV395-A",-136,"MFI","Lumbar","mouse26","rep2","WTzymosan72","male",NA,0,NA,"300GS",450,40,1970,"BUV395-A","Sca1",-0.813814023750864
"BM_Neu_102_006.fcs",102,"mature neutrophils","Comp-BUV496-A",1688,"MFI","Lumbar","mouse26","rep2","WTzymosan72","male",NA,0,NA,"300GS",450,40,1970,"BUV496-A","MHCII",3.11577987990685
"BM_Neu_102_006.fcs",102,"mature neutrophils","Comp-BUV563-A",252,"MFI","Lumbar","mouse26","rep2","WTzymosan72","male",NA,0,NA,"300GS",450,40,1970,"BUV563-A","CD106",1.2906354945648
"BM_Neu_102_006.fcs",102,"mature neutrophils","Comp-BUV615-A",563,"MFI","Lumbar","mouse26","rep2","WTzymosan72","male",NA,0,NA,"300GS",450,40,1970,"BUV615-A","CCR5",2.03308314084585
"BM_Neu_102_006.fcs",102,"mature neutrophils","Comp-BUV661-A",2605,"MFI","Lumbar","mouse26","rep2","WTzymosan72","male",NA,0,NA,"300GS",450,40,1970,"BUV661-A","CD74",3.54852772132236
"BM_Neu_102_006.fcs",102,"mature neutrophils","Comp-BUV737-A",5010,"MFI","Lumbar","mouse26","rep2","WTzymosan72","male",NA,0,NA,"300GS",450,40,1970,"BUV737-A","Ly6G",4.20192710793989
"BM_Neu_102_006.fcs",102,"mature neutrophils","Comp-BUV805-A",11901,"MFI","Lumbar","mouse26","rep2","WTzymosan72","male",NA,0,NA,"300GS",450,40,1970,"BUV805-A","CD45",5.06692930837638
"BM_Neu_102_006.fcs",102,"mature neutrophils","Comp-BV421-A",475,"MFI","Lumbar","mouse26","rep2","WTzymosan72","male",NA,0,NA,"300GS",450,40,1970,"BV421-A","PDL1",1.86987362215714
"BM_Neu_102_006.fcs",102,"mature neutrophils","Comp-BV570-A",1072,"MFI","Lumbar","mouse26","rep2","WTzymosan72","male",NA,0,NA,"300GS",450,40,1970,"BV570-A","CD44",2.66465245329358
"BM_Neu_102_006.fcs",102,"mature neutrophils","Comp-BV605-A",1153,"MFI","Lumbar","mouse26","rep2","WTzymosan72","male",NA,0,NA,"300GS",450,40,1970,"BV605-A","CD115",2.73683900533244
"BM_Neu_102_006.fcs",102,"mature neutrophils","Comp-BV650-A",9315,"MFI","Lumbar","mouse26","rep2","WTzymosan72","male",NA,0,NA,"300GS",450,40,1970,"BV650-A","Ly6C",4.82195799032842
"BM_Neu_102_006.fcs",102,"mature neutrophils","Comp-BV711-A",595,"MFI","Lumbar","mouse26","rep2","WTzymosan72","male",NA,0,NA,"300GS",450,40,1970,"BV711-A","CD39",2.08659616094239
"BM_Neu_102_006.fcs",102,"mature neutrophils","Comp-BV786-A",3286,"MFI","Lumbar","mouse26","rep2","WTzymosan72","male",NA,0,NA,"300GS",450,40,1970,"BV786-A","CD11b",3.78045871810794
"BM_Neu_102_006.fcs",102,"mature neutrophils","Comp-FITC-A",-48.1,"MFI","Lumbar","mouse26","rep2","WTzymosan72","male",NA,0,NA,"300GS",450,40,1970,"FITC-A","CX3CR1",-0.315410867982687
"BM_Neu_102_006.fcs",102,"mature neutrophils","Comp-PE-A",413,"MFI","Lumbar","mouse26","rep2","WTzymosan72","male",NA,0,NA,"300GS",450,40,1970,"PE-A","DC-Trail-R1",1.73741612065103
"BM_Neu_102_006.fcs",102,"mature neutrophils","Comp-PE-Cy5-A",-538,"MFI","Lumbar","mouse26","rep2","WTzymosan72","male",NA,0,NA,"300GS",450,40,1970,"PE-Cy5-A","CD150",-1.98926103143351
"BM_Neu_102_006.fcs",102,"mature neutrophils","Comp-PE-Cy7-A",601,"MFI","Lumbar","mouse26","rep2","WTzymosan72","male",NA,0,NA,"300GS",450,40,1970,"PE-Cy7-A","CD101",2.0963281845512
"BM_Neu_102_006.fcs",102,"mature neutrophils","Comp-PE-Texas Red-A",1501,"MFI","Lumbar","mouse26","rep2","WTzymosan72","male",NA,0,NA,"300GS",450,40,1970,"PE-Texas Red-A","ICAM1",2.99888608959051
"BM_Neu_103_007.fcs",103,"mature neutrophils","Comp-APC-A",-70,"MFI","Sternum","mouse26","rep2","WTzymosan72","male",NA,0,NA,"300GS",150,80,1970,"APC-A","CD117",-0.451200679788109
"BM_Neu_103_007.fcs",103,"mature neutrophils","Comp-APC-Cy7-A",677,"MFI","Sternum","mouse26","rep2","WTzymosan72","male",NA,0,NA,"300GS",150,80,1970,"APC-Cy7-A","CD14",2.2122360388043
"BM_Neu_103_007.fcs",103,"mature neutrophils","Comp-BB700-A",862,"MFI","Sternum","mouse26","rep2","WTzymosan72","male",NA,0,NA,"300GS",150,80,1970,"BB700-A","CD16/32",2.44925282415677
"BM_Neu_103_007.fcs",103,"mature neutrophils","Comp-BUV395-A",-152,"MFI","Sternum","mouse26","rep2","WTzymosan72","male",NA,0,NA,"300GS",150,80,1970,"BUV395-A","Sca1",-0.890770320648198
"BM_Neu_103_007.fcs",103,"mature neutrophils","Comp-BUV496-A",1815,"MFI","Sternum","mouse26","rep2","WTzymosan72","male",NA,0,NA,"300GS",150,80,1970,"BUV496-A","MHCII",3.1880558098157
"BM_Neu_103_007.fcs",103,"mature neutrophils","Comp-BUV563-A",262,"MFI","Sternum","mouse26","rep2","WTzymosan72","male",NA,0,NA,"300GS",150,80,1970,"BUV563-A","CD106",1.32424278214724
"BM_Neu_103_007.fcs",103,"mature neutrophils","Comp-BUV615-A",560,"MFI","Sternum","mouse26","rep2","WTzymosan72","male",NA,0,NA,"300GS",150,80,1970,"BUV615-A","CCR5",2.02792131068924
"BM_Neu_103_007.fcs",103,"mature neutrophils","Comp-BUV661-A",2611,"MFI","Sternum","mouse26","rep2","WTzymosan72","male",NA,0,NA,"300GS",150,80,1970,"BUV661-A","CD74",3.55082454000801
"BM_Neu_103_007.fcs",103,"mature neutrophils","Comp-BUV737-A",5960,"MFI","Sternum","mouse26","rep2","WTzymosan72","male",NA,0,NA,"300GS",150,80,1970,"BUV737-A","Ly6G",4.37549596327557
"BM_Neu_103_007.fcs",103,"mature neutrophils","Comp-BUV805-A",12297,"MFI","Sternum","mouse26","rep2","WTzymosan72","male",NA,0,NA,"300GS",150,80,1970,"BUV805-A","CD45",5.09965969195392
"BM_Neu_103_007.fcs",103,"mature neutrophils","Comp-BV421-A",234,"MFI","Sternum","mouse26","rep2","WTzymosan72","male",NA,0,NA,"300GS",150,80,1970,"BV421-A","PDL1",1.22759095838141
"BM_Neu_103_007.fcs",103,"mature neutrophils","Comp-BV570-A",843,"MFI","Sternum","mouse26","rep2","WTzymosan72","male",NA,0,NA,"300GS",150,80,1970,"BV570-A","CD44",2.42730178591253
"BM_Neu_103_007.fcs",103,"mature neutrophils","Comp-BV605-A",711,"MFI","Sternum","mouse26","rep2","WTzymosan72","male",NA,0,NA,"300GS",150,80,1970,"BV605-A","CD115",2.26013019308494
"BM_Neu_103_007.fcs",103,"mature neutrophils","Comp-BV650-A",8088,"MFI","Sternum","mouse26","rep2","WTzymosan72","male",NA,0,NA,"300GS",150,80,1970,"BV650-A","Ly6C",4.68073462454906
"BM_Neu_103_007.fcs",103,"mature neutrophils","Comp-BV711-A",282,"MFI","Sternum","mouse26","rep2","WTzymosan72","male",NA,0,NA,"300GS",150,80,1970,"BV711-A","CD39",1.38864486269368
"BM_Neu_103_007.fcs",103,"mature neutrophils","Comp-BV786-A",2516,"MFI","Sternum","mouse26","rep2","WTzymosan72","male",NA,0,NA,"300GS",150,80,1970,"BV786-A","CD11b",3.51382491188573
"BM_Neu_103_007.fcs",103,"mature neutrophils","Comp-FITC-A",-43.4,"MFI","Sternum","mouse26","rep2","WTzymosan72","male",NA,0,NA,"300GS",150,80,1970,"FITC-A","CX3CR1",-0.28544137142273
"BM_Neu_103_007.fcs",103,"mature neutrophils","Comp-PE-A",539,"MFI","Sternum","mouse26","rep2","WTzymosan72","male",NA,0,NA,"300GS",150,80,1970,"PE-A","DC-Trail-R1",1.99104993704668
"BM_Neu_103_007.fcs",103,"mature neutrophils","Comp-PE-Cy5-A",-530,"MFI","Sternum","mouse26","rep2","WTzymosan72","male",NA,0,NA,"300GS",150,80,1970,"PE-Cy5-A","CD150",-1.97483775274027
"BM_Neu_103_007.fcs",103,"mature neutrophils","Comp-PE-Cy7-A",637,"MFI","Sternum","mouse26","rep2","WTzymosan72","male",NA,0,NA,"300GS",150,80,1970,"PE-Cy7-A","CD101",2.15286442218783
"BM_Neu_103_007.fcs",103,"mature neutrophils","Comp-PE-Texas Red-A",1615,"MFI","Sternum","mouse26","rep2","WTzymosan72","male",NA,0,NA,"300GS",150,80,1970,"PE-Texas Red-A","ICAM1",3.07175181782345
"BM_Neu_104_008.fcs",104,"mature neutrophils","Comp-APC-A",-65.8,"MFI","Calvaria","mouse26","rep2","WTzymosan72","male",NA,0,NA,"300GS",300,80,1970,"APC-A","CD117",-0.425692734314172
"BM_Neu_104_008.fcs",104,"mature neutrophils","Comp-APC-Cy7-A",769,"MFI","Calvaria","mouse26","rep2","WTzymosan72","male",NA,0,NA,"300GS",300,80,1970,"APC-Cy7-A","CD14",2.3369818953165
"BM_Neu_104_008.fcs",104,"mature neutrophils","Comp-BB700-A",836,"MFI","Calvaria","mouse26","rep2","WTzymosan72","male",NA,0,NA,"300GS",300,80,1970,"BB700-A","CD16/32",2.41909344397213
"BM_Neu_104_008.fcs",104,"mature neutrophils","Comp-BUV395-A",-182,"MFI","Calvaria","mouse26","rep2","WTzymosan72","male",NA,0,NA,"300GS",300,80,1970,"BUV395-A","Sca1",-1.02448101985769
"BM_Neu_104_008.fcs",104,"mature neutrophils","Comp-BUV496-A",1689,"MFI","Calvaria","mouse26","rep2","WTzymosan72","male",NA,0,NA,"300GS",300,80,1970,"BUV496-A","MHCII",3.11636979835069
"BM_Neu_104_008.fcs",104,"mature neutrophils","Comp-BUV563-A",211,"MFI","Calvaria","mouse26","rep2","WTzymosan72","male",NA,0,NA,"300GS",300,80,1970,"BUV563-A","CD106",1.14185086803348
"BM_Neu_104_008.fcs",104,"mature neutrophils","Comp-BUV615-A",533,"MFI","Calvaria","mouse26","rep2","WTzymosan72","male",NA,0,NA,"300GS",300,80,1970,"BUV615-A","CCR5",1.98026997839917
"BM_Neu_104_008.fcs",104,"mature neutrophils","Comp-BUV661-A",2597,"MFI","Calvaria","mouse26","rep2","WTzymosan72","male",NA,0,NA,"300GS",300,80,1970,"BUV661-A","CD74",3.54545708081405
"BM_Neu_104_008.fcs",104,"mature neutrophils","Comp-BUV737-A",5799,"MFI","Calvaria","mouse26","rep2","WTzymosan72","male",NA,0,NA,"300GS",300,80,1970,"BUV737-A","Ly6G",4.34811988171408
"BM_Neu_104_008.fcs",104,"mature neutrophils","Comp-BUV805-A",13069,"MFI","Calvaria","mouse26","rep2","WTzymosan72","male",NA,0,NA,"300GS",300,80,1970,"BUV805-A","CD45",5.16054311092809
"BM_Neu_104_008.fcs",104,"mature neutrophils","Comp-BV421-A",478,"MFI","Calvaria","mouse26","rep2","WTzymosan72","male",NA,0,NA,"300GS",300,80,1970,"BV421-A","PDL1",1.87587901799282
"BM_Neu_104_008.fcs",104,"mature neutrophils","Comp-BV570-A",999,"MFI","Calvaria","mouse26","rep2","WTzymosan72","male",NA,0,NA,"300GS",300,80,1970,"BV570-A","CD44",2.59485586889738
"BM_Neu_104_008.fcs",104,"mature neutrophils","Comp-BV605-A",972,"MFI","Calvaria","mouse26","rep2","WTzymosan72","male",NA,0,NA,"300GS",300,80,1970,"BV605-A","CD115",2.56776895483546
"BM_Neu_104_008.fcs",104,"mature neutrophils","Comp-BV650-A",9249,"MFI","Calvaria","mouse26","rep2","WTzymosan72","male",NA,0,NA,"300GS",300,80,1970,"BV650-A","Ly6C",4.81484835216695
"BM_Neu_104_008.fcs",104,"mature neutrophils","Comp-BV711-A",483,"MFI","Calvaria","mouse26","rep2","WTzymosan72","male",NA,0,NA,"300GS",300,80,1970,"BV711-A","CD39",1.88581216171741
"BM_Neu_104_008.fcs",104,"mature neutrophils","Comp-BV786-A",3559,"MFI","Calvaria","mouse26","rep2","WTzymosan72","male",NA,0,NA,"300GS",300,80,1970,"BV786-A","CD11b",3.86019056190436
"BM_Neu_104_008.fcs",104,"mature neutrophils","Comp-FITC-A",-49.3,"MFI","Calvaria","mouse26","rep2","WTzymosan72","male",NA,0,NA,"300GS",300,80,1970,"FITC-A","CX3CR1",-0.323019872642368
"BM_Neu_104_008.fcs",104,"mature neutrophils","Comp-PE-A",484,"MFI","Calvaria","mouse26","rep2","WTzymosan72","male",NA,0,NA,"300GS",300,80,1970,"PE-A","DC-Trail-R1",1.8877875357102
"BM_Neu_104_008.fcs",104,"mature neutrophils","Comp-PE-Cy5-A",-548,"MFI","Calvaria","mouse26","rep2","WTzymosan72","male",NA,0,NA,"300GS",300,80,1970,"PE-Cy5-A","CD150",-2.00701279988909
"BM_Neu_104_008.fcs",104,"mature neutrophils","Comp-PE-Cy7-A",650,"MFI","Calvaria","mouse26","rep2","WTzymosan72","male",NA,0,NA,"300GS",300,80,1970,"PE-Cy7-A","CD101",2.17253958196608
"BM_Neu_104_008.fcs",104,"mature neutrophils","Comp-PE-Texas Red-A",1581,"MFI","Calvaria","mouse26","rep2","WTzymosan72","male",NA,0,NA,"300GS",300,80,1970,"PE-Texas Red-A","ICAM1",3.05056756019072
"BM_Neu_105_009.fcs",105,"mature neutrophils","Comp-APC-A",-73.2,"MFI","Femur","mouse27","rep3","WTzymosan72","male",NA,0,NA,"300GS",450,50,1970,"APC-A","CD117",-0.470453023184308
"BM_Neu_105_009.fcs",105,"mature neutrophils","Comp-APC-Cy7-A",663,"MFI","Femur","mouse27","rep3","WTzymosan72","male",NA,0,NA,"300GS",450,50,1970,"APC-Cy7-A","CD14",2.19184463065673
"BM_Neu_105_009.fcs",105,"mature neutrophils","Comp-BB700-A",827,"MFI","Femur","mouse27","rep3","WTzymosan72","male",NA,0,NA,"300GS",450,50,1970,"BB700-A","CD16/32",2.40844147020924
"BM_Neu_105_009.fcs",105,"mature neutrophils","Comp-BUV395-A",-117,"MFI","Femur","mouse27","rep3","WTzymosan72","male",NA,0,NA,"300GS",450,50,1970,"BUV395-A","Sca1",-0.716974594095005
"BM_Neu_105_009.fcs",105,"mature neutrophils","Comp-BUV496-A",1720,"MFI","Femur","mouse27","rep3","WTzymosan72","male",NA,0,NA,"300GS",450,50,1970,"BUV496-A","MHCII",3.13448742188641
"BM_Neu_105_009.fcs",105,"mature neutrophils","Comp-BUV563-A",241,"MFI","Femur","mouse27","rep3","WTzymosan72","male",NA,0,NA,"300GS",450,50,1970,"BUV563-A","CD106",1.25251136929742
"BM_Neu_105_009.fcs",105,"mature neutrophils","Comp-BUV615-A",570,"MFI","Femur","mouse27","rep3","WTzymosan72","male",NA,0,NA,"300GS",450,50,1970,"BUV615-A","CCR5",2.04502820486763
"BM_Neu_105_009.fcs",105,"mature neutrophils","Comp-BUV661-A",2662,"MFI","Femur","mouse27","rep3","WTzymosan72","male",NA,0,NA,"300GS",450,50,1970,"BUV661-A","CD74",3.57013773338933
"BM_Neu_105_009.fcs",105,"mature neutrophils","Comp-BUV737-A",4947,"MFI","Femur","mouse27","rep3","WTzymosan72","male",NA,0,NA,"300GS",450,50,1970,"BUV737-A","Ly6G",4.18927826541673
"BM_Neu_105_009.fcs",105,"mature neutrophils","Comp-BUV805-A",11860,"MFI","Femur","mouse27","rep3","WTzymosan72","male",NA,0,NA,"300GS",450,50,1970,"BUV805-A","CD45",5.06347854677744
"BM_Neu_105_009.fcs",105,"mature neutrophils","Comp-BV421-A",350,"MFI","Femur","mouse27","rep3","WTzymosan72","male",NA,0,NA,"300GS",450,50,1970,"BV421-A","PDL1",1.5834890066051
"BM_Neu_105_009.fcs",105,"mature neutrophils","Comp-BV570-A",990,"MFI","Femur","mouse27","rep3","WTzymosan72","male",NA,0,NA,"300GS",450,50,1970,"BV570-A","CD44",2.58590725287313
"BM_Neu_105_009.fcs",105,"mature neutrophils","Comp-BV605-A",985,"MFI","Femur","mouse27","rep3","WTzymosan72","male",NA,0,NA,"300GS",450,50,1970,"BV605-A","CD115",2.58090137307849
"BM_Neu_105_009.fcs",105,"mature neutrophils","Comp-BV650-A",9131,"MFI","Femur","mouse27","rep3","WTzymosan72","male",NA,0,NA,"300GS",450,50,1970,"BV650-A","Ly6C",4.80200984239012
"BM_Neu_105_009.fcs",105,"mature neutrophils","Comp-BV711-A",461,"MFI","Femur","mouse27","rep3","WTzymosan72","male",NA,0,NA,"300GS",450,50,1970,"BV711-A","CD39",1.84138488776001
"BM_Neu_105_009.fcs",105,"mature neutrophils","Comp-BV786-A",2896,"MFI","Femur","mouse27","rep3","WTzymosan72","male",NA,0,NA,"300GS",450,50,1970,"BV786-A","CD11b",3.6542676617542
"BM_Neu_105_009.fcs",105,"mature neutrophils","Comp-FITC-A",-43.6,"MFI","Femur","mouse27","rep3","WTzymosan72","male",NA,0,NA,"300GS",450,50,1970,"FITC-A","CX3CR1",-0.286721943540633
"BM_Neu_105_009.fcs",105,"mature neutrophils","Comp-PE-A",482,"MFI","Femur","mouse27","rep3","WTzymosan72","male",NA,0,NA,"300GS",450,50,1970,"PE-A","DC-Trail-R1",1.88383305414861
"BM_Neu_105_009.fcs",105,"mature neutrophils","Comp-PE-Cy5-A",-536,"MFI","Femur","mouse27","rep3","WTzymosan72","male",NA,0,NA,"300GS",450,50,1970,"PE-Cy5-A","CD150",-1.98567394614596
"BM_Neu_105_009.fcs",105,"mature neutrophils","Comp-PE-Cy7-A",595,"MFI","Femur","mouse27","rep3","WTzymosan72","male",NA,0,NA,"300GS",450,50,1970,"PE-Cy7-A","CD101",2.08659616094239
"BM_Neu_105_009.fcs",105,"mature neutrophils","Comp-PE-Texas Red-A",1577,"MFI","Femur","mouse27","rep3","WTzymosan72","male",NA,0,NA,"300GS",450,50,1970,"PE-Texas Red-A","ICAM1",3.04804566371598
"BM_Neu_106_010.fcs",106,"mature neutrophils","Comp-APC-A",-61.6,"MFI","Lumbar","mouse27","rep3","WTzymosan72","male",NA,0,NA,"300GS",450,40,1970,"APC-A","CD117",-0.39992076346808
"BM_Neu_106_010.fcs",106,"mature neutrophils","Comp-APC-Cy7-A",616,"MFI","Lumbar","mouse27","rep3","WTzymosan72","male",NA,0,NA,"300GS",450,40,1970,"APC-Cy7-A","CD14",2.12026353620009
"BM_Neu_106_010.fcs",106,"mature neutrophils","Comp-BB700-A",812,"MFI","Lumbar","mouse27","rep3","WTzymosan72","male",NA,0,NA,"300GS",450,40,1970,"BB700-A","CD16/32",2.39043628564002
"BM_Neu_106_010.fcs",106,"mature neutrophils","Comp-BUV395-A",-90.4,"MFI","Lumbar","mouse27","rep3","WTzymosan72","male",NA,0,NA,"300GS",450,40,1970,"BUV395-A","Sca1",-0.571110201039883
"BM_Neu_106_010.fcs",106,"mature neutrophils","Comp-BUV496-A",1764,"MFI","Lumbar","mouse27","rep3","WTzymosan72","male",NA,0,NA,"300GS",450,40,1970,"BUV496-A","MHCII",3.15965393684883
"BM_Neu_106_010.fcs",106,"mature neutrophils","Comp-BUV563-A",240,"MFI","Lumbar","mouse27","rep3","WTzymosan72","male",NA,0,NA,"300GS",450,40,1970,"BUV563-A","CD106",1.24898332790488
"BM_Neu_106_010.fcs",106,"mature neutrophils","Comp-BUV615-A",557,"MFI","Lumbar","mouse27","rep3","WTzymosan72","male",NA,0,NA,"300GS",450,40,1970,"BUV615-A","CCR5",2.02273361433393
"BM_Neu_106_010.fcs",106,"mature neutrophils","Comp-BUV661-A",2491,"MFI","Lumbar","mouse27","rep3","WTzymosan72","male",NA,0,NA,"300GS",450,40,1970,"BUV661-A","CD74",3.50385668670925
"BM_Neu_106_010.fcs",106,"mature neutrophils","Comp-BUV737-A",5014,"MFI","Lumbar","mouse27","rep3","WTzymosan72","male",NA,0,NA,"300GS",450,40,1970,"BUV737-A","Ly6G",4.20272483539864
"BM_Neu_106_010.fcs",106,"mature neutrophils","Comp-BUV805-A",10661,"MFI","Lumbar","mouse27","rep3","WTzymosan72","male",NA,0,NA,"300GS",450,40,1970,"BUV805-A","CD45",4.95690887578735
"BM_Neu_106_010.fcs",106,"mature neutrophils","Comp-BV421-A",243,"MFI","Lumbar","mouse27","rep3","WTzymosan72","male",NA,0,NA,"300GS",450,40,1970,"BV421-A","PDL1",1.25953589527878
"BM_Neu_106_010.fcs",106,"mature neutrophils","Comp-BV570-A",909,"MFI","Lumbar","mouse27","rep3","WTzymosan72","male",NA,0,NA,"300GS",450,40,1970,"BV570-A","CD44",2.5015961099333
"BM_Neu_106_010.fcs",106,"mature neutrophils","Comp-BV605-A",853,"MFI","Lumbar","mouse27","rep3","WTzymosan72","male",NA,0,NA,"300GS",450,40,1970,"BV605-A","CD115",2.43891409604982
"BM_Neu_106_010.fcs",106,"mature neutrophils","Comp-BV650-A",8483,"MFI","Lumbar","mouse27","rep3","WTzymosan72","male",NA,0,NA,"300GS",450,40,1970,"BV650-A","Ly6C",4.72840948413461
"BM_Neu_106_010.fcs",106,"mature neutrophils","Comp-BV711-A",336,"MFI","Lumbar","mouse27","rep3","WTzymosan72","male",NA,0,NA,"300GS",450,40,1970,"BV711-A","CD39",1.54608901877631
"BM_Neu_106_010.fcs",106,"mature neutrophils","Comp-BV786-A",2327,"MFI","Lumbar","mouse27","rep3","WTzymosan72","male",NA,0,NA,"300GS",450,40,1970,"BV786-A","CD11b",3.43588422963427
"BM_Neu_106_010.fcs",106,"mature neutrophils","Comp-FITC-A",-40.4,"MFI","Lumbar","mouse27","rep3","WTzymosan72","male",NA,0,NA,"300GS",450,40,1970,"FITC-A","CX3CR1",-0.266178993567079
"BM_Neu_106_010.fcs",106,"mature neutrophils","Comp-PE-A",478,"MFI","Lumbar","mouse27","rep3","WTzymosan72","male",NA,0,NA,"300GS",450,40,1970,"PE-A","DC-Trail-R1",1.87587901799282
"BM_Neu_106_010.fcs",106,"mature neutrophils","Comp-PE-Cy5-A",-514,"MFI","Lumbar","mouse27","rep3","WTzymosan72","male",NA,0,NA,"300GS",450,40,1970,"PE-Cy5-A","CD150",-1.94537667914401
"BM_Neu_106_010.fcs",106,"mature neutrophils","Comp-PE-Cy7-A",545,"MFI","Lumbar","mouse27","rep3","WTzymosan72","male",NA,0,NA,"300GS",450,40,1970,"PE-Cy7-A","CD101",2.0017190926887
"BM_Neu_106_010.fcs",106,"mature neutrophils","Comp-PE-Texas Red-A",1524,"MFI","Lumbar","mouse27","rep3","WTzymosan72","male",NA,0,NA,"300GS",450,40,1970,"PE-Texas Red-A","ICAM1",3.01401875135393
"BM_Neu_107_011.fcs",107,"mature neutrophils","Comp-APC-A",-55.2,"MFI","Sternum","mouse27","rep3","WTzymosan72","male",NA,0,NA,"300GS",150,80,1970,"APC-A","CD117",-0.360162787811965
"BM_Neu_107_011.fcs",107,"mature neutrophils","Comp-APC-Cy7-A",635,"MFI","Sternum","mouse27","rep3","WTzymosan72","male",NA,0,NA,"300GS",150,80,1970,"APC-Cy7-A","CD14",2.14980373881268
"BM_Neu_107_011.fcs",107,"mature neutrophils","Comp-BB700-A",767,"MFI","Sternum","mouse27","rep3","WTzymosan72","male",NA,0,NA,"300GS",150,80,1970,"BB700-A","CD16/32",2.33442602050424
"BM_Neu_107_011.fcs",107,"mature neutrophils","Comp-BUV395-A",-129,"MFI","Sternum","mouse27","rep3","WTzymosan72","male",NA,0,NA,"300GS",150,80,1970,"BUV395-A","Sca1",-0.778838046163972
"BM_Neu_107_011.fcs",107,"mature neutrophils","Comp-BUV496-A",1752,"MFI","Sternum","mouse27","rep3","WTzymosan72","male",NA,0,NA,"300GS",150,80,1970,"BUV496-A","MHCII",3.15285268468043
"BM_Neu_107_011.fcs",107,"mature neutrophils","Comp-BUV563-A",243,"MFI","Sternum","mouse27","rep3","WTzymosan72","male",NA,0,NA,"300GS",150,80,1970,"BUV563-A","CD106",1.25953589527878
"BM_Neu_107_011.fcs",107,"mature neutrophils","Comp-BUV615-A",529,"MFI","Sternum","mouse27","rep3","WTzymosan72","male",NA,0,NA,"300GS",150,80,1970,"BUV615-A","CCR5",1.97302068215468
"BM_Neu_107_011.fcs",107,"mature neutrophils","Comp-BUV661-A",2358,"MFI","Sternum","mouse27","rep3","WTzymosan72","male",NA,0,NA,"300GS",150,80,1970,"BUV661-A","CD74",3.44909109662392
"BM_Neu_107_011.fcs",107,"mature neutrophils","Comp-BUV737-A",5390,"MFI","Sternum","mouse27","rep3","WTzymosan72","male",NA,0,NA,"300GS",150,80,1970,"BUV737-A","Ly6G",4.27500611183229
"BM_Neu_107_011.fcs",107,"mature neutrophils","Comp-BUV805-A",11206,"MFI","Sternum","mouse27","rep3","WTzymosan72","male",NA,0,NA,"300GS",150,80,1970,"BUV805-A","CD45",5.00676130572847
"BM_Neu_107_011.fcs",107,"mature neutrophils","Comp-BV421-A",413,"MFI","Sternum","mouse27","rep3","WTzymosan72","male",NA,0,NA,"300GS",150,80,1970,"BV421-A","PDL1",1.73741612065103
"BM_Neu_107_011.fcs",107,"mature neutrophils","Comp-BV570-A",909,"MFI","Sternum","mouse27","rep3","WTzymosan72","male",NA,0,NA,"300GS",150,80,1970,"BV570-A","CD44",2.5015961099333
"BM_Neu_107_011.fcs",107,"mature neutrophils","Comp-BV605-A",854,"MFI","Sternum","mouse27","rep3","WTzymosan72","male",NA,0,NA,"300GS",150,80,1970,"BV605-A","CD115",2.44006805668212
"BM_Neu_107_011.fcs",107,"mature neutrophils","Comp-BV650-A",8644,"MFI","Sternum","mouse27","rep3","WTzymosan72","male",NA,0,NA,"300GS",150,80,1970,"BV650-A","Ly6C",4.74720787791351
"BM_Neu_107_011.fcs",107,"mature neutrophils","Comp-BV711-A",423,"MFI","Sternum","mouse27","rep3","WTzymosan72","male",NA,0,NA,"300GS",150,80,1970,"BV711-A","CD39",1.75993440657083
"BM_Neu_107_011.fcs",107,"mature neutrophils","Comp-BV786-A",3076,"MFI","Sternum","mouse27","rep3","WTzymosan72","male",NA,0,NA,"300GS",150,80,1970,"BV786-A","CD11b",3.71449118491786
"BM_Neu_107_011.fcs",107,"mature neutrophils","Comp-FITC-A",-43.9,"MFI","Sternum","mouse27","rep3","WTzymosan72","male",NA,0,NA,"300GS",150,80,1970,"FITC-A","CX3CR1",-0.288641943315084
"BM_Neu_107_011.fcs",107,"mature neutrophils","Comp-PE-A",433,"MFI","Sternum","mouse27","rep3","WTzymosan72","male",NA,0,NA,"300GS",150,80,1970,"PE-A","DC-Trail-R1",1.78198470410454
"BM_Neu_107_011.fcs",107,"mature neutrophils","Comp-PE-Cy5-A",-502,"MFI","Sternum","mouse27","rep3","WTzymosan72","male",NA,0,NA,"300GS",150,80,1970,"PE-Cy5-A","CD150",-1.92272076370552
"BM_Neu_107_011.fcs",107,"mature neutrophils","Comp-PE-Cy7-A",591,"MFI","Sternum","mouse27","rep3","WTzymosan72","male",NA,0,NA,"300GS",150,80,1970,"PE-Cy7-A","CD101",2.08005674284283
"BM_Neu_107_011.fcs",107,"mature neutrophils","Comp-PE-Texas Red-A",1432,"MFI","Sternum","mouse27","rep3","WTzymosan72","male",NA,0,NA,"300GS",150,80,1970,"PE-Texas Red-A","ICAM1",2.95207108314001
"BM_Neu_108_012.fcs",108,"mature neutrophils","Comp-APC-A",-78,"MFI","Calvaria","mouse27","rep3","WTzymosan72","male",NA,0,NA,"300GS",300,80,1970,"APC-A","CD117",-0.499028444456403
"BM_Neu_108_012.fcs",108,"mature neutrophils","Comp-APC-Cy7-A",778,"MFI","Calvaria","mouse27","rep3","WTzymosan72","male",NA,0,NA,"300GS",300,80,1970,"APC-Cy7-A","CD14",2.34840463642289
"BM_Neu_108_012.fcs",108,"mature neutrophils","Comp-BB700-A",779,"MFI","Calvaria","mouse27","rep3","WTzymosan72","male",NA,0,NA,"300GS",300,80,1970,"BB700-A","CD16/32",2.34966595823802
"BM_Neu_108_012.fcs",108,"mature neutrophils","Comp-BUV395-A",-170,"MFI","Calvaria","mouse27","rep3","WTzymosan72","male",NA,0,NA,"300GS",300,80,1970,"BUV395-A","Sca1",-0.972584561191051
"BM_Neu_108_012.fcs",108,"mature neutrophils","Comp-BUV496-A",1707,"MFI","Calvaria","mouse27","rep3","WTzymosan72","male",NA,0,NA,"300GS",300,80,1970,"BUV496-A","MHCII",3.12692947958076
"BM_Neu_108_012.fcs",108,"mature neutrophils","Comp-BUV563-A",206,"MFI","Calvaria","mouse27","rep3","WTzymosan72","male",NA,0,NA,"300GS",300,80,1970,"BUV563-A","CD106",1.122384001354
"BM_Neu_108_012.fcs",108,"mature neutrophils","Comp-BUV615-A",578,"MFI","Calvaria","mouse27","rep3","WTzymosan72","male",NA,0,NA,"300GS",300,80,1970,"BUV615-A","CCR5",2.05851284655786
"BM_Neu_108_012.fcs",108,"mature neutrophils","Comp-BUV661-A",2623,"MFI","Calvaria","mouse27","rep3","WTzymosan72","male",NA,0,NA,"300GS",300,80,1970,"BUV661-A","CD74",3.55540243739244
"BM_Neu_108_012.fcs",108,"mature neutrophils","Comp-BUV737-A",5847,"MFI","Calvaria","mouse27","rep3","WTzymosan72","male",NA,0,NA,"300GS",300,80,1970,"BUV737-A","Ly6G",4.35636036830571
"BM_Neu_108_012.fcs",108,"mature neutrophils","Comp-BUV805-A",13109,"MFI","Calvaria","mouse27","rep3","WTzymosan72","male",NA,0,NA,"300GS",300,80,1970,"BUV805-A","CD45",5.16359891387277
"BM_Neu_108_012.fcs",108,"mature neutrophils","Comp-BV421-A",577,"MFI","Calvaria","mouse27","rep3","WTzymosan72","male",NA,0,NA,"300GS",300,80,1970,"BV421-A","PDL1",2.05683685710677
"BM_Neu_108_012.fcs",108,"mature neutrophils","Comp-BV570-A",1037,"MFI","Calvaria","mouse27","rep3","WTzymosan72","male",NA,0,NA,"300GS",300,80,1970,"BV570-A","CD44",2.6317892866338
"BM_Neu_108_012.fcs",108,"mature neutrophils","Comp-BV605-A",1037,"MFI","Calvaria","mouse27","rep3","WTzymosan72","male",NA,0,NA,"300GS",300,80,1970,"BV605-A","CD115",2.6317892866338
"BM_Neu_108_012.fcs",108,"mature neutrophils","Comp-BV650-A",9655,"MFI","Calvaria","mouse27","rep3","WTzymosan72","male",NA,0,NA,"300GS",300,80,1970,"BV650-A","Ly6C",4.85780341762498
"BM_Neu_108_012.fcs",108,"mature neutrophils","Comp-BV711-A",539,"MFI","Calvaria","mouse27","rep3","WTzymosan72","male",NA,0,NA,"300GS",300,80,1970,"BV711-A","CD39",1.99104993704668
"BM_Neu_108_012.fcs",108,"mature neutrophils","Comp-BV786-A",3904,"MFI","Calvaria","mouse27","rep3","WTzymosan72","male",NA,0,NA,"300GS",300,80,1970,"BV786-A","CD11b",3.95263769489105
"BM_Neu_108_012.fcs",108,"mature neutrophils","Comp-FITC-A",-53.5,"MFI","Calvaria","mouse27","rep3","WTzymosan72","male",NA,0,NA,"300GS",300,80,1970,"FITC-A","CX3CR1",-0.349507376384495
"BM_Neu_108_012.fcs",108,"mature neutrophils","Comp-PE-A",490,"MFI","Calvaria","mouse27","rep3","WTzymosan72","male",NA,0,NA,"300GS",300,80,1970,"PE-A","DC-Trail-R1",1.89956211945903
"BM_Neu_108_012.fcs",108,"mature neutrophils","Comp-PE-Cy5-A",-549,"MFI","Calvaria","mouse27","rep3","WTzymosan72","male",NA,0,NA,"300GS",300,80,1970,"PE-Cy5-A","CD150",-2.00877137999804
"BM_Neu_108_012.fcs",108,"mature neutrophils","Comp-PE-Cy7-A",648,"MFI","Calvaria","mouse27","rep3","WTzymosan72","male",NA,0,NA,"300GS",300,80,1970,"PE-Cy7-A","CD101",2.16953706760474
"BM_Neu_108_012.fcs",108,"mature neutrophils","Comp-PE-Texas Red-A",1562,"MFI","Calvaria","mouse27","rep3","WTzymosan72","male",NA,0,NA,"300GS",300,80,1970,"PE-Texas Red-A","ICAM1",3.03853175990852
"BM_Neu_109_013.fcs",109,"mature neutrophils","Comp-APC-A",-83.2,"MFI","Femur","mouse28","rep4","WTzymosan72","male",NA,0,NA,"300GS",450,50,1970,"APC-A","CD117",-0.52956542329102
"BM_Neu_109_013.fcs",109,"mature neutrophils","Comp-APC-Cy7-A",714,"MFI","Femur","mouse28","rep4","WTzymosan72","male",NA,0,NA,"300GS",450,50,1970,"APC-Cy7-A","CD14",2.26425040816365
"BM_Neu_109_013.fcs",109,"mature neutrophils","Comp-BB700-A",833,"MFI","Femur","mouse28","rep4","WTzymosan72","male",NA,0,NA,"300GS",450,50,1970,"BB700-A","CD16/32",2.41555517870076
"BM_Neu_109_013.fcs",109,"mature neutrophils","Comp-BUV395-A",-108,"MFI","Femur","mouse28","rep4","WTzymosan72","male",NA,0,NA,"300GS",450,50,1970,"BUV395-A","Sca1",-0.66897422675428
"BM_Neu_109_013.fcs",109,"mature neutrophils","Comp-BUV496-A",1738,"MFI","Femur","mouse28","rep4","WTzymosan72","male",NA,0,NA,"300GS",450,50,1970,"BUV496-A","MHCII",3.14485919778594
"BM_Neu_109_013.fcs",109,"mature neutrophils","Comp-BUV563-A",248,"MFI","Femur","mouse28","rep4","WTzymosan72","male",NA,0,NA,"300GS",450,50,1970,"BUV563-A","CD106",1.27691547799218
"BM_Neu_109_013.fcs",109,"mature neutrophils","Comp-BUV615-A",639,"MFI","Femur","mouse28","rep4","WTzymosan72","male",NA,0,NA,"300GS",450,50,1970,"BUV615-A","CCR5",2.15591601425802
"BM_Neu_109_013.fcs",109,"mature neutrophils","Comp-BUV661-A",2841,"MFI","Femur","mouse28","rep4","WTzymosan72","male",NA,0,NA,"300GS",450,50,1970,"BUV661-A","CD74",3.6351194563042
"BM_Neu_109_013.fcs",109,"mature neutrophils","Comp-BUV737-A",5134,"MFI","Femur","mouse28","rep4","WTzymosan72","male",NA,0,NA,"300GS",450,50,1970,"BUV737-A","Ly6G",4.22636558766297
"BM_Neu_109_013.fcs",109,"mature neutrophils","Comp-BUV805-A",11840,"MFI","Femur","mouse28","rep4","WTzymosan72","male",NA,0,NA,"300GS",450,50,1970,"BUV805-A","CD45",5.06179091786348
"BM_Neu_109_013.fcs",109,"mature neutrophils","Comp-BV421-A",376,"MFI","Femur","mouse28","rep4","WTzymosan72","male",NA,0,NA,"300GS",450,50,1970,"BV421-A","PDL1",1.6497042423148
"BM_Neu_109_013.fcs",109,"mature neutrophils","Comp-BV570-A",1065,"MFI","Femur","mouse28","rep4","WTzymosan72","male",NA,0,NA,"300GS",450,50,1970,"BV570-A","CD44",2.65816480695414
"BM_Neu_109_013.fcs",109,"mature neutrophils","Comp-BV605-A",1101,"MFI","Femur","mouse28","rep4","WTzymosan72","male",NA,0,NA,"300GS",450,50,1970,"BV605-A","CD115",2.69109437294549
"BM_Neu_109_013.fcs",109,"mature neutrophils","Comp-BV650-A",9909,"MFI","Femur","mouse28","rep4","WTzymosan72","male",NA,0,NA,"300GS",450,50,1970,"BV650-A","Ly6C",4.88376788349605
"BM_Neu_109_013.fcs",109,"mature neutrophils","Comp-BV711-A",484,"MFI","Femur","mouse28","rep4","WTzymosan72","male",NA,0,NA,"300GS",450,50,1970,"BV711-A","CD39",1.8877875357102
"BM_Neu_109_013.fcs",109,"mature neutrophils","Comp-BV786-A",2907,"MFI","Femur","mouse28","rep4","WTzymosan72","male",NA,0,NA,"300GS",450,50,1970,"BV786-A","CD11b",3.65805375276014
"BM_Neu_109_013.fcs",109,"mature neutrophils","Comp-FITC-A",-44.3,"MFI","Femur","mouse28","rep4","WTzymosan72","male",NA,0,NA,"300GS",450,50,1970,"FITC-A","CX3CR1",-0.291200332250448
"BM_Neu_109_013.fcs",109,"mature neutrophils","Comp-PE-A",428,"MFI","Femur","mouse28","rep4","WTzymosan72","male",NA,0,NA,"300GS",450,50,1970,"PE-A","DC-Trail-R1",1.77101691045775
"BM_Neu_109_013.fcs",109,"mature neutrophils","Comp-PE-Cy5-A",-547,"MFI","Femur","mouse28","rep4","WTzymosan72","male",NA,0,NA,"300GS",450,50,1970,"PE-Cy5-A","CD150",-2.00525123183407
"BM_Neu_109_013.fcs",109,"mature neutrophils","Comp-PE-Cy7-A",559,"MFI","Femur","mouse28","rep4","WTzymosan72","male",NA,0,NA,"300GS",450,50,1970,"PE-Cy7-A","CD101",2.02619496491868
"BM_Neu_109_013.fcs",109,"mature neutrophils","Comp-PE-Texas Red-A",1563,"MFI","Femur","mouse28","rep4","WTzymosan72","male",NA,0,NA,"300GS",450,50,1970,"PE-Texas Red-A","ICAM1",3.03916883103879
"BM_Neu_110_014.fcs",110,"mature neutrophils","Comp-APC-A",-62.4,"MFI","Lumbar","mouse28","rep4","WTzymosan72","male",NA,0,NA,"300GS",450,40,1970,"APC-A","CD117",-0.404849650687817
"BM_Neu_110_014.fcs",110,"mature neutrophils","Comp-APC-Cy7-A",597,"MFI","Lumbar","mouse28","rep4","WTzymosan72","male",NA,0,NA,"300GS",450,40,1970,"APC-Cy7-A","CD14",2.08985038651637
"BM_Neu_110_014.fcs",110,"mature neutrophils","Comp-BB700-A",799,"MFI","Lumbar","mouse28","rep4","WTzymosan72","male",NA,0,NA,"300GS",450,40,1970,"BB700-A","CD16/32",2.37456968477901
"BM_Neu_110_014.fcs",110,"mature neutrophils","Comp-BUV395-A",-70,"MFI","Lumbar","mouse28","rep4","WTzymosan72","male",NA,0,NA,"300GS",450,40,1970,"BUV395-A","Sca1",-0.451200679788109
"BM_Neu_110_014.fcs",110,"mature neutrophils","Comp-BUV496-A",1762,"MFI","Lumbar","mouse28","rep4","WTzymosan72","male",NA,0,NA,"300GS",450,40,1970,"BUV496-A","MHCII",3.15852359068439
"BM_Neu_110_014.fcs",110,"mature neutrophils","Comp-BUV563-A",245,"MFI","Lumbar","mouse28","rep4","WTzymosan72","male",NA,0,NA,"300GS",450,40,1970,"BUV563-A","CD106",1.26651868230151
"BM_Neu_110_014.fcs",110,"mature neutrophils","Comp-BUV615-A",592,"MFI","Lumbar","mouse28","rep4","WTzymosan72","male",NA,0,NA,"300GS",450,40,1970,"BUV615-A","CCR5",2.08169548804771
"BM_Neu_110_014.fcs",110,"mature neutrophils","Comp-BUV661-A",2551,"MFI","Lumbar","mouse28","rep4","WTzymosan72","male",NA,0,NA,"300GS",450,40,1970,"BUV661-A","CD74",3.52761585987008
"BM_Neu_110_014.fcs",110,"mature neutrophils","Comp-BUV737-A",4834,"MFI","Lumbar","mouse28","rep4","WTzymosan72","male",NA,0,NA,"300GS",450,40,1970,"BUV737-A","Ly6G",4.16618207922596
"BM_Neu_110_014.fcs",110,"mature neutrophils","Comp-BUV805-A",10659,"MFI","Lumbar","mouse28","rep4","WTzymosan72","male",NA,0,NA,"300GS",450,40,1970,"BUV805-A","CD45",4.95672127709749
"BM_Neu_110_014.fcs",110,"mature neutrophils","Comp-BV421-A",316,"MFI","Lumbar","mouse28","rep4","WTzymosan72","male",NA,0,NA,"300GS",450,40,1970,"BV421-A","PDL1",1.49034535756746
"BM_Neu_110_014.fcs",110,"mature neutrophils","Comp-BV570-A",996,"MFI","Lumbar","mouse28","rep4","WTzymosan72","male",NA,0,NA,"300GS",450,40,1970,"BV570-A","CD44",2.59188178632947
"BM_Neu_110_014.fcs",110,"mature neutrophils","Comp-BV605-A",1000,"MFI","Lumbar","mouse28","rep4","WTzymosan72","male",NA,0,NA,"300GS",450,40,1970,"BV605-A","CD115",2.59584528914968
"BM_Neu_110_014.fcs",110,"mature neutrophils","Comp-BV650-A",9049,"MFI","Lumbar","mouse28","rep4","WTzymosan72","male",NA,0,NA,"300GS",450,40,1970,"BV650-A","Ly6C",4.79299010714001
"BM_Neu_110_014.fcs",110,"mature neutrophils","Comp-BV711-A",371,"MFI","Lumbar","mouse28","rep4","WTzymosan72","male",NA,0,NA,"300GS",450,40,1970,"BV711-A","CD39",1.63728160223446
"BM_Neu_110_014.fcs",110,"mature neutrophils","Comp-BV786-A",2401,"MFI","Lumbar","mouse28","rep4","WTzymosan72","male",NA,0,NA,"300GS",450,40,1970,"BV786-A","CD11b",3.46712680685018
"BM_Neu_110_014.fcs",110,"mature neutrophils","Comp-FITC-A",-40.3,"MFI","Lumbar","mouse28","rep4","WTzymosan72","male",NA,0,NA,"300GS",450,40,1970,"FITC-A","CX3CR1",-0.26553521245693
"BM_Neu_110_014.fcs",110,"mature neutrophils","Comp-PE-A",415,"MFI","Lumbar","mouse28","rep4","WTzymosan72","male",NA,0,NA,"300GS",450,40,1970,"PE-A","DC-Trail-R1",1.74195811079419
"BM_Neu_110_014.fcs",110,"mature neutrophils","Comp-PE-Cy5-A",-518,"MFI","Lumbar","mouse28","rep4","WTzymosan72","male",NA,0,NA,"300GS",450,40,1970,"PE-Cy5-A","CD150",-1.95282050584403
"BM_Neu_110_014.fcs",110,"mature neutrophils","Comp-PE-Cy7-A",526,"MFI","Lumbar","mouse28","rep4","WTzymosan72","male",NA,0,NA,"300GS",450,40,1970,"PE-Cy7-A","CD101",1.96755033503061
"BM_Neu_110_014.fcs",110,"mature neutrophils","Comp-PE-Texas Red-A",1491,"MFI","Lumbar","mouse28","rep4","WTzymosan72","male",NA,0,NA,"300GS",450,40,1970,"PE-Texas Red-A","ICAM1",2.9922349236311
"BM_Neu_111_015.fcs",111,"mature neutrophils","Comp-APC-A",-58.8,"MFI","Sternum","mouse28","rep4","WTzymosan72","male",NA,0,NA,"300GS",150,80,1970,"APC-A","CD117",-0.382597301349285
"BM_Neu_111_015.fcs",111,"mature neutrophils","Comp-APC-Cy7-A",608,"MFI","Sternum","mouse28","rep4","WTzymosan72","male",NA,0,NA,"300GS",150,80,1970,"APC-Cy7-A","CD14",2.10756727039379
"BM_Neu_111_015.fcs",111,"mature neutrophils","Comp-BB700-A",797,"MFI","Sternum","mouse28","rep4","WTzymosan72","male",NA,0,NA,"300GS",150,80,1970,"BB700-A","CD16/32",2.37210655469458
"BM_Neu_111_015.fcs",111,"mature neutrophils","Comp-BUV395-A",-56.8,"MFI","Sternum","mouse28","rep4","WTzymosan72","male",NA,0,NA,"300GS",150,80,1970,"BUV395-A","Sca1",-0.370155737648903
"BM_Neu_111_015.fcs",111,"mature neutrophils","Comp-BUV496-A",1822,"MFI","Sternum","mouse28","rep4","WTzymosan72","male",NA,0,NA,"300GS",150,80,1970,"BUV496-A","MHCII",3.19189211213241
"BM_Neu_111_015.fcs",111,"mature neutrophils","Comp-BUV563-A",267,"MFI","Sternum","mouse28","rep4","WTzymosan72","male",NA,0,NA,"300GS",150,80,1970,"BUV563-A","CD106",1.34068644963767
"BM_Neu_111_015.fcs",111,"mature neutrophils","Comp-BUV615-A",600,"MFI","Sternum","mouse28","rep4","WTzymosan72","male",NA,0,NA,"300GS",150,80,1970,"BUV615-A","CCR5",2.0947125472611
"BM_Neu_111_015.fcs",111,"mature neutrophils","Comp-BUV661-A",2566,"MFI","Sternum","mouse28","rep4","WTzymosan72","male",NA,0,NA,"300GS",150,80,1970,"BUV661-A","CD74",3.53346863664778
"BM_Neu_111_015.fcs",111,"mature neutrophils","Comp-BUV737-A",5039,"MFI","Sternum","mouse28","rep4","WTzymosan72","male",NA,0,NA,"300GS",150,80,1970,"BUV737-A","Ly6G",4.2076962722108
"BM_Neu_111_015.fcs",111,"mature neutrophils","Comp-BUV805-A",10326,"MFI","Sternum","mouse28","rep4","WTzymosan72","male",NA,0,NA,"300GS",150,80,1970,"BUV805-A","CD45",4.92498490208034
"BM_Neu_111_015.fcs",111,"mature neutrophils","Comp-BV421-A",287,"MFI","Sternum","mouse28","rep4","WTzymosan72","male",NA,0,NA,"300GS",150,80,1970,"BV421-A","PDL1",1.40419130847495
"BM_Neu_111_015.fcs",111,"mature neutrophils","Comp-BV570-A",1032,"MFI","Sternum","mouse28","rep4","WTzymosan72","male",NA,0,NA,"300GS",150,80,1970,"BV570-A","CD44",2.62700604552574
"BM_Neu_111_015.fcs",111,"mature neutrophils","Comp-BV605-A",1057,"MFI","Sternum","mouse28","rep4","WTzymosan72","male",NA,0,NA,"300GS",150,80,1970,"BV605-A","CD115",2.65069895794865
"BM_Neu_111_015.fcs",111,"mature neutrophils","Comp-BV650-A",9175,"MFI","Sternum","mouse28","rep4","WTzymosan72","male",NA,0,NA,"300GS",150,80,1970,"BV650-A","Ly6C",4.8068163732915
"BM_Neu_111_015.fcs",111,"mature neutrophils","Comp-BV711-A",391,"MFI","Sternum","mouse28","rep4","WTzymosan72","male",NA,0,NA,"300GS",150,80,1970,"BV711-A","CD39",1.68613366872935
"BM_Neu_111_015.fcs",111,"mature neutrophils","Comp-BV786-A",2350,"MFI","Sternum","mouse28","rep4","WTzymosan72","male",NA,0,NA,"300GS",150,80,1970,"BV786-A","CD11b",3.44569950135146
"BM_Neu_111_015.fcs",111,"mature neutrophils","Comp-FITC-A",-40.3,"MFI","Sternum","mouse28","rep4","WTzymosan72","male",NA,0,NA,"300GS",150,80,1970,"FITC-A","CX3CR1",-0.26553521245693
"BM_Neu_111_015.fcs",111,"mature neutrophils","Comp-PE-A",389,"MFI","Sternum","mouse28","rep4","WTzymosan72","male",NA,0,NA,"300GS",150,80,1970,"PE-A","DC-Trail-R1",1.68134727363373
"BM_Neu_111_015.fcs",111,"mature neutrophils","Comp-PE-Cy5-A",-525,"MFI","Sternum","mouse28","rep4","WTzymosan72","male",NA,0,NA,"300GS",150,80,1970,"PE-Cy5-A","CD150",-1.96572047164965
"BM_Neu_111_015.fcs",111,"mature neutrophils","Comp-PE-Cy7-A",533,"MFI","Sternum","mouse28","rep4","WTzymosan72","male",NA,0,NA,"300GS",150,80,1970,"PE-Cy7-A","CD101",1.98026997839917
"BM_Neu_111_015.fcs",111,"mature neutrophils","Comp-PE-Texas Red-A",1493,"MFI","Sternum","mouse28","rep4","WTzymosan72","male",NA,0,NA,"300GS",150,80,1970,"PE-Texas Red-A","ICAM1",2.99356868284444
"BM_Neu_112_016.fcs",112,"mature neutrophils","Comp-APC-A",-70.9,"MFI","Calvaria","mouse28","rep4","WTzymosan72","male",NA,0,NA,"300GS",300,80,1970,"APC-A","CD117",-0.456631515629263
"BM_Neu_112_016.fcs",112,"mature neutrophils","Comp-APC-Cy7-A",726,"MFI","Calvaria","mouse28","rep4","WTzymosan72","male",NA,0,NA,"300GS",300,80,1970,"APC-Cy7-A","CD14",2.28056708789997
"BM_Neu_112_016.fcs",112,"mature neutrophils","Comp-BB700-A",783,"MFI","Calvaria","mouse28","rep4","WTzymosan72","male",NA,0,NA,"300GS",300,80,1970,"BB700-A","CD16/32",2.354695680252
"BM_Neu_112_016.fcs",112,"mature neutrophils","Comp-BUV395-A",-158,"MFI","Calvaria","mouse28","rep4","WTzymosan72","male",NA,0,NA,"300GS",300,80,1970,"BUV395-A","Sca1",-0.918587670179365
"BM_Neu_112_016.fcs",112,"mature neutrophils","Comp-BUV496-A",1647,"MFI","Calvaria","mouse28","rep4","WTzymosan72","male",NA,0,NA,"300GS",300,80,1970,"BUV496-A","MHCII",3.09128984556094
"BM_Neu_112_016.fcs",112,"mature neutrophils","Comp-BUV563-A",189,"MFI","Calvaria","mouse28","rep4","WTzymosan72","male",NA,0,NA,"300GS",300,80,1970,"BUV563-A","CD106",1.05382476034608
"BM_Neu_112_016.fcs",112,"mature neutrophils","Comp-BUV615-A",572,"MFI","Calvaria","mouse28","rep4","WTzymosan72","male",NA,0,NA,"300GS",300,80,1970,"BUV615-A","CCR5",2.04841589309061
"BM_Neu_112_016.fcs",112,"mature neutrophils","Comp-BUV661-A",2629,"MFI","Calvaria","mouse28","rep4","WTzymosan72","male",NA,0,NA,"300GS",300,80,1970,"BUV661-A","CD74",3.55768356382592
"BM_Neu_112_016.fcs",112,"mature neutrophils","Comp-BUV737-A",5457,"MFI","Calvaria","mouse28","rep4","WTzymosan72","male",NA,0,NA,"300GS",300,80,1970,"BUV737-A","Ly6G",4.28735519261037
"BM_Neu_112_016.fcs",112,"mature neutrophils","Comp-BUV805-A",12704,"MFI","Calvaria","mouse28","rep4","WTzymosan72","male",NA,0,NA,"300GS",300,80,1970,"BUV805-A","CD45",5.13221892124022
"BM_Neu_112_016.fcs",112,"mature neutrophils","Comp-BV421-A",497,"MFI","Calvaria","mouse28","rep4","WTzymosan72","male",NA,0,NA,"300GS",300,80,1970,"BV421-A","PDL1",1.91313364143118
"BM_Neu_112_016.fcs",112,"mature neutrophils","Comp-BV570-A",1018,"MFI","Calvaria","mouse28","rep4","WTzymosan72","male",NA,0,NA,"300GS",300,80,1970,"BV570-A","CD44",2.61349125614888
"BM_Neu_112_016.fcs",112,"mature neutrophils","Comp-BV605-A",1031,"MFI","Calvaria","mouse28","rep4","WTzymosan72","male",NA,0,NA,"300GS",300,80,1970,"BV605-A","CD115",2.62604667423978
"BM_Neu_112_016.fcs",112,"mature neutrophils","Comp-BV650-A",9456,"MFI","Calvaria","mouse28","rep4","WTzymosan72","male",NA,0,NA,"300GS",300,80,1970,"BV650-A","Ly6C",4.8369795284236
"BM_Neu_112_016.fcs",112,"mature neutrophils","Comp-BV711-A",453,"MFI","Calvaria","mouse28","rep4","WTzymosan72","male",NA,0,NA,"300GS",300,80,1970,"BV711-A","CD39",1.82475211228123
"BM_Neu_112_016.fcs",112,"mature neutrophils","Comp-BV786-A",3411,"MFI","Calvaria","mouse28","rep4","WTzymosan72","male",NA,0,NA,"300GS",300,80,1970,"BV786-A","CD11b",3.81775577703553
"BM_Neu_112_016.fcs",112,"mature neutrophils","Comp-FITC-A",-48,"MFI","Calvaria","mouse28","rep4","WTzymosan72","male",NA,0,NA,"300GS",300,80,1970,"FITC-A","CX3CR1",-0.31477598001879
"BM_Neu_112_016.fcs",112,"mature neutrophils","Comp-PE-A",448,"MFI","Calvaria","mouse28","rep4","WTzymosan72","male",NA,0,NA,"300GS",300,80,1970,"PE-A","DC-Trail-R1",1.81422163498371
"BM_Neu_112_016.fcs",112,"mature neutrophils","Comp-PE-Cy5-A",-533,"MFI","Calvaria","mouse28","rep4","WTzymosan72","male",NA,0,NA,"300GS",300,80,1970,"PE-Cy5-A","CD150",-1.98026997839917
"BM_Neu_112_016.fcs",112,"mature neutrophils","Comp-PE-Cy7-A",570,"MFI","Calvaria","mouse28","rep4","WTzymosan72","male",NA,0,NA,"300GS",300,80,1970,"PE-Cy7-A","CD101",2.04502820486763
"BM_Neu_112_016.fcs",112,"mature neutrophils","Comp-PE-Texas Red-A",1542,"MFI","Calvaria","mouse28","rep4","WTzymosan72","male",NA,0,NA,"300GS",300,80,1970,"PE-Texas Red-A","ICAM1",3.0257047577816
"BM_Neu_113_017.fcs",113,"mature neutrophils","Comp-APC-A",-41.6,"MFI","Femur","mouse29","rep1","5LOzymosan72","male",NA,0,NA,"300GS",450,50,1970,"APC-A","CD117",-0.273895900536058
"BM_Neu_113_017.fcs",113,"mature neutrophils","Comp-APC-Cy7-A",753,"MFI","Femur","mouse29","rep1","5LOzymosan72","male",NA,0,NA,"300GS",450,50,1970,"APC-Cy7-A","CD14",2.31635313994897
"BM_Neu_113_017.fcs",113,"mature neutrophils","Comp-BB700-A",1028,"MFI","Femur","mouse29","rep1","5LOzymosan72","male",NA,0,NA,"300GS",450,50,1970,"BB700-A","CD16/32",2.62316308349526
"BM_Neu_113_017.fcs",113,"mature neutrophils","Comp-BUV395-A",-123,"MFI","Femur","mouse29","rep1","5LOzymosan72","male",NA,0,NA,"300GS",450,50,1970,"BUV395-A","Sca1",-0.748209563094823
"BM_Neu_113_017.fcs",113,"mature neutrophils","Comp-BUV496-A",1675,"MFI","Femur","mouse29","rep1","5LOzymosan72","male",NA,0,NA,"300GS",450,50,1970,"BUV496-A","MHCII",3.10807922887302
"BM_Neu_113_017.fcs",113,"mature neutrophils","Comp-BUV563-A",227,"MFI","Femur","mouse29","rep1","5LOzymosan72","male",NA,0,NA,"300GS",450,50,1970,"BUV563-A","CD106",1.20213653544285
"BM_Neu_113_017.fcs",113,"mature neutrophils","Comp-BUV615-A",548,"MFI","Femur","mouse29","rep1","5LOzymosan72","male",NA,0,NA,"300GS",450,50,1970,"BUV615-A","CCR5",2.00701279988909
"BM_Neu_113_017.fcs",113,"mature neutrophils","Comp-BUV661-A",2451,"MFI","Femur","mouse29","rep1","5LOzymosan72","male",NA,0,NA,"300GS",450,50,1970,"BUV661-A","CD74",3.48769830262697
"BM_Neu_113_017.fcs",113,"mature neutrophils","Comp-BUV737-A",5419,"MFI","Femur","mouse29","rep1","5LOzymosan72","male",NA,0,NA,"300GS",450,50,1970,"BUV737-A","Ly6G",4.2803699579279
"BM_Neu_113_017.fcs",113,"mature neutrophils","Comp-BUV805-A",11303,"MFI","Femur","mouse29","rep1","5LOzymosan72","male",NA,0,NA,"300GS",450,50,1970,"BUV805-A","CD45",5.01537936836673
"BM_Neu_113_017.fcs",113,"mature neutrophils","Comp-BV421-A",436,"MFI","Femur","mouse29","rep1","5LOzymosan72","male",NA,0,NA,"300GS",450,50,1970,"BV421-A","PDL1",1.78851124136203
"BM_Neu_113_017.fcs",113,"mature neutrophils","Comp-BV570-A",856,"MFI","Femur","mouse29","rep1","5LOzymosan72","male",NA,0,NA,"300GS",450,50,1970,"BV570-A","CD44",2.44237205069579
"BM_Neu_113_017.fcs",113,"mature neutrophils","Comp-BV605-A",812,"MFI","Femur","mouse29","rep1","5LOzymosan72","male",NA,0,NA,"300GS",450,50,1970,"BV605-A","CD115",2.39043628564002
"BM_Neu_113_017.fcs",113,"mature neutrophils","Comp-BV650-A",8817,"MFI","Femur","mouse29","rep1","5LOzymosan72","male",NA,0,NA,"300GS",450,50,1970,"BV650-A","Ly6C",4.76702119074748
"BM_Neu_113_017.fcs",113,"mature neutrophils","Comp-BV711-A",631,"MFI","Femur","mouse29","rep1","5LOzymosan72","male",NA,0,NA,"300GS",450,50,1970,"BV711-A","CD39",2.14365488645348
"BM_Neu_113_017.fcs",113,"mature neutrophils","Comp-BV786-A",2862,"MFI","Femur","mouse29","rep1","5LOzymosan72","male",NA,0,NA,"300GS",450,50,1970,"BV786-A","CD11b",3.64247386591764
"BM_Neu_113_017.fcs",113,"mature neutrophils","Comp-FITC-A",-39,"MFI","Femur","mouse29","rep1","5LOzymosan72","male",NA,0,NA,"300GS",450,50,1970,"FITC-A","CX3CR1",-0.257156348513015
"BM_Neu_113_017.fcs",113,"mature neutrophils","Comp-PE-A",421,"MFI","Femur","mouse29","rep1","5LOzymosan72","male",NA,0,NA,"300GS",450,50,1970,"PE-A","DC-Trail-R1",1.75546877949743
"BM_Neu_113_017.fcs",113,"mature neutrophils","Comp-PE-Cy5-A",-500,"MFI","Femur","mouse29","rep1","5LOzymosan72","male",NA,0,NA,"300GS",450,50,1970,"PE-Cy5-A","CD150",-1.91889647209853
"BM_Neu_113_017.fcs",113,"mature neutrophils","Comp-PE-Cy7-A",470,"MFI","Femur","mouse29","rep1","5LOzymosan72","male",NA,0,NA,"300GS",450,50,1970,"PE-Cy7-A","CD101",1.85978757731632
"BM_Neu_113_017.fcs",113,"mature neutrophils","Comp-PE-Texas Red-A",1331,"MFI","Femur","mouse29","rep1","5LOzymosan72","male",NA,0,NA,"300GS",450,50,1970,"PE-Texas Red-A","ICAM1",2.87935785402007
"BM_Neu_114_018.fcs",114,"mature neutrophils","Comp-APC-A",-48,"MFI","Lumbar","mouse29","rep1","5LOzymosan72","male",NA,0,NA,"300GS",450,40,1970,"APC-A","CD117",-0.31477598001879
"BM_Neu_114_018.fcs",114,"mature neutrophils","Comp-APC-Cy7-A",766,"MFI","Lumbar","mouse29","rep1","5LOzymosan72","male",NA,0,NA,"300GS",450,40,1970,"APC-Cy7-A","CD14",2.33314567489004
"BM_Neu_114_018.fcs",114,"mature neutrophils","Comp-BB700-A",998,"MFI","Lumbar","mouse29","rep1","5LOzymosan72","male",NA,0,NA,"300GS",450,40,1970,"BB700-A","CD16/32",2.59386547959652
"BM_Neu_114_018.fcs",114,"mature neutrophils","Comp-BUV395-A",-120,"MFI","Lumbar","mouse29","rep1","5LOzymosan72","male",NA,0,NA,"300GS",450,40,1970,"BUV395-A","Sca1",-0.732668256045411
"BM_Neu_114_018.fcs",114,"mature neutrophils","Comp-BUV496-A",1678,"MFI","Lumbar","mouse29","rep1","5LOzymosan72","male",NA,0,NA,"300GS",450,40,1970,"BUV496-A","MHCII",3.10986155187318
"BM_Neu_114_018.fcs",114,"mature neutrophils","Comp-BUV563-A",213,"MFI","Lumbar","mouse29","rep1","5LOzymosan72","male",NA,0,NA,"300GS",450,40,1970,"BUV563-A","CD106",1.14955208587213
"BM_Neu_114_018.fcs",114,"mature neutrophils","Comp-BUV615-A",571,"MFI","Lumbar","mouse29","rep1","5LOzymosan72","male",NA,0,NA,"300GS",450,40,1970,"BUV615-A","CCR5",2.04672343645623
"BM_Neu_114_018.fcs",114,"mature neutrophils","Comp-BUV661-A",2500,"MFI","Lumbar","mouse29","rep1","5LOzymosan72","male",NA,0,NA,"300GS",450,40,1970,"BUV661-A","CD74",3.50745668474426
"BM_Neu_114_018.fcs",114,"mature neutrophils","Comp-BUV737-A",5268,"MFI","Lumbar","mouse29","rep1","5LOzymosan72","male",NA,0,NA,"300GS",450,40,1970,"BUV737-A","Ly6G",4.25212057711011
"BM_Neu_114_018.fcs",114,"mature neutrophils","Comp-BUV805-A",11335,"MFI","Lumbar","mouse29","rep1","5LOzymosan72","male",NA,0,NA,"300GS",450,40,1970,"BUV805-A","CD45",5.01820622690558
"BM_Neu_114_018.fcs",114,"mature neutrophils","Comp-BV421-A",448,"MFI","Lumbar","mouse29","rep1","5LOzymosan72","male",NA,0,NA,"300GS",450,40,1970,"BV421-A","PDL1",1.81422163498371
"BM_Neu_114_018.fcs",114,"mature neutrophils","Comp-BV570-A",885,"MFI","Lumbar","mouse29","rep1","5LOzymosan72","male",NA,0,NA,"300GS",450,40,1970,"BV570-A","CD44",2.47520521940257
"BM_Neu_114_018.fcs",114,"mature neutrophils","Comp-BV605-A",842,"MFI","Lumbar","mouse29","rep1","5LOzymosan72","male",NA,0,NA,"300GS",450,40,1970,"BV605-A","CD115",2.4261332187538
"BM_Neu_114_018.fcs",114,"mature neutrophils","Comp-BV650-A",8989,"MFI","Lumbar","mouse29","rep1","5LOzymosan72","male",NA,0,NA,"300GS",450,40,1970,"BV650-A","Ly6C",4.7863383802782
"BM_Neu_114_018.fcs",114,"mature neutrophils","Comp-BV711-A",604,"MFI","Lumbar","mouse29","rep1","5LOzymosan72","male",NA,0,NA,"300GS",450,40,1970,"BV711-A","CD39",2.10115995522949
"BM_Neu_114_018.fcs",114,"mature neutrophils","Comp-BV786-A",2806,"MFI","Lumbar","mouse29","rep1","5LOzymosan72","male",NA,0,NA,"300GS",450,40,1970,"BV786-A","CD11b",3.62274079222246
"BM_Neu_114_018.fcs",114,"mature neutrophils","Comp-FITC-A",-40.6,"MFI","Lumbar","mouse29","rep1","5LOzymosan72","male",NA,0,NA,"300GS",450,40,1970,"FITC-A","CX3CR1",-0.267466232273067
"BM_Neu_114_018.fcs",114,"mature neutrophils","Comp-PE-A",428,"MFI","Lumbar","mouse29","rep1","5LOzymosan72","male",NA,0,NA,"300GS",450,40,1970,"PE-A","DC-Trail-R1",1.77101691045775
"BM_Neu_114_018.fcs",114,"mature neutrophils","Comp-PE-Cy5-A",-507,"MFI","Lumbar","mouse29","rep1","5LOzymosan72","male",NA,0,NA,"300GS",450,40,1970,"PE-Cy5-A","CD150",-1.93222062171507
"BM_Neu_114_018.fcs",114,"mature neutrophils","Comp-PE-Cy7-A",485,"MFI","Lumbar","mouse29","rep1","5LOzymosan72","male",NA,0,NA,"300GS",450,40,1970,"PE-Cy7-A","CD101",1.889759189513
"BM_Neu_114_018.fcs",114,"mature neutrophils","Comp-PE-Texas Red-A",1351,"MFI","Lumbar","mouse29","rep1","5LOzymosan72","male",NA,0,NA,"300GS",450,40,1970,"PE-Texas Red-A","ICAM1",2.89417992684502
"BM_Neu_115_019.fcs",115,"mature neutrophils","Comp-APC-A",-22.7,"MFI","Sternum","mouse29","rep1","5LOzymosan72","male",NA,0,NA,"300GS",150,80,1970,"APC-A","CD117",-0.150761572675419
"BM_Neu_115_019.fcs",115,"mature neutrophils","Comp-APC-Cy7-A",728,"MFI","Sternum","mouse29","rep1","5LOzymosan72","male",NA,0,NA,"300GS",150,80,1970,"APC-Cy7-A","CD14",2.28326136968089
"BM_Neu_115_019.fcs",115,"mature neutrophils","Comp-BB700-A",953,"MFI","Sternum","mouse29","rep1","5LOzymosan72","male",NA,0,NA,"300GS",150,80,1970,"BB700-A","CD16/32",2.54826353840635
"BM_Neu_115_019.fcs",115,"mature neutrophils","Comp-BUV395-A",-141,"MFI","Sternum","mouse29","rep1","5LOzymosan72","male",NA,0,NA,"300GS",150,80,1970,"BUV395-A","Sca1",-0.838304574812323
"BM_Neu_115_019.fcs",115,"mature neutrophils","Comp-BUV496-A",1651,"MFI","Sternum","mouse29","rep1","5LOzymosan72","male",NA,0,NA,"300GS",150,80,1970,"BUV496-A","MHCII",3.09370558536216
"BM_Neu_115_019.fcs",115,"mature neutrophils","Comp-BUV563-A",228,"MFI","Sternum","mouse29","rep1","5LOzymosan72","male",NA,0,NA,"300GS",150,80,1970,"BUV563-A","CD106",1.20580626246
"BM_Neu_115_019.fcs",115,"mature neutrophils","Comp-BUV615-A",461,"MFI","Sternum","mouse29","rep1","5LOzymosan72","male",NA,0,NA,"300GS",150,80,1970,"BUV615-A","CCR5",1.84138488776001
"BM_Neu_115_019.fcs",115,"mature neutrophils","Comp-BUV661-A",2076,"MFI","Sternum","mouse29","rep1","5LOzymosan72","male",NA,0,NA,"300GS",150,80,1970,"BUV661-A","CD74",3.32201275516437
"BM_Neu_115_019.fcs",115,"mature neutrophils","Comp-BUV737-A",5881,"MFI","Sternum","mouse29","rep1","5LOzymosan72","male",NA,0,NA,"300GS",150,80,1970,"BUV737-A","Ly6G",4.3621565785662
"BM_Neu_115_019.fcs",115,"mature neutrophils","Comp-BUV805-A",10178,"MFI","Sternum","mouse29","rep1","5LOzymosan72","male",NA,0,NA,"300GS",150,80,1970,"BUV805-A","CD45",4.91054998891576
"BM_Neu_115_019.fcs",115,"mature neutrophils","Comp-BV421-A",488,"MFI","Sternum","mouse29","rep1","5LOzymosan72","male",NA,0,NA,"300GS",150,80,1970,"BV421-A","PDL1",1.89565196262577
"BM_Neu_115_019.fcs",115,"mature neutrophils","Comp-BV570-A",794,"MFI","Sternum","mouse29","rep1","5LOzymosan72","male",NA,0,NA,"300GS",150,80,1970,"BV570-A","CD44",2.36840064414852
"BM_Neu_115_019.fcs",115,"mature neutrophils","Comp-BV605-A",766,"MFI","Sternum","mouse29","rep1","5LOzymosan72","male",NA,0,NA,"300GS",150,80,1970,"BV605-A","CD115",2.33314567489004
"BM_Neu_115_019.fcs",115,"mature neutrophils","Comp-BV650-A",7630,"MFI","Sternum","mouse29","rep1","5LOzymosan72","male",NA,0,NA,"300GS",150,80,1970,"BV650-A","Ly6C",4.62245161816945
"BM_Neu_115_019.fcs",115,"mature neutrophils","Comp-BV711-A",677,"MFI","Sternum","mouse29","rep1","5LOzymosan72","male",NA,0,NA,"300GS",150,80,1970,"BV711-A","CD39",2.2122360388043
"BM_Neu_115_019.fcs",115,"mature neutrophils","Comp-BV786-A",2793,"MFI","Sternum","mouse29","rep1","5LOzymosan72","male",NA,0,NA,"300GS",150,80,1970,"BV786-A","CD11b",3.61810374909161
"BM_Neu_115_019.fcs",115,"mature neutrophils","Comp-FITC-A",-39.6,"MFI","Sternum","mouse29","rep1","5LOzymosan72","male",NA,0,NA,"300GS",150,80,1970,"FITC-A","CX3CR1",-0.26102574512226
"BM_Neu_115_019.fcs",115,"mature neutrophils","Comp-PE-A",398,"MFI","Sternum","mouse29","rep1","5LOzymosan72","male",NA,0,NA,"300GS",150,80,1970,"PE-A","DC-Trail-R1",1.70271950105717
"BM_Neu_115_019.fcs",115,"mature neutrophils","Comp-PE-Cy5-A",-474,"MFI","Sternum","mouse29","rep1","5LOzymosan72","male",NA,0,NA,"300GS",150,80,1970,"PE-Cy5-A","CD150",-1.86786415579396
"BM_Neu_115_019.fcs",115,"mature neutrophils","Comp-PE-Cy7-A",520,"MFI","Sternum","mouse29","rep1","5LOzymosan72","male",NA,0,NA,"300GS",150,80,1970,"PE-Cy7-A","CD101",1.95652255687705
"BM_Neu_115_019.fcs",115,"mature neutrophils","Comp-PE-Texas Red-A",1233,"MFI","Sternum","mouse29","rep1","5LOzymosan72","male",NA,0,NA,"300GS",150,80,1970,"PE-Texas Red-A","ICAM1",2.80339697676513
"BM_Neu_116_020.fcs",116,"mature neutrophils","Comp-APC-A",-37.4,"MFI","Calvaria","mouse29","rep1","5LOzymosan72","male",NA,0,NA,"300GS",300,80,1970,"APC-A","CD117",-0.246819649191242
"BM_Neu_116_020.fcs",116,"mature neutrophils","Comp-APC-Cy7-A",766,"MFI","Calvaria","mouse29","rep1","5LOzymosan72","male",NA,0,NA,"300GS",300,80,1970,"APC-Cy7-A","CD14",2.33314567489004
"BM_Neu_116_020.fcs",116,"mature neutrophils","Comp-BB700-A",965,"MFI","Calvaria","mouse29","rep1","5LOzymosan72","male",NA,0,NA,"300GS",300,80,1970,"BB700-A","CD16/32",2.56062641141877
"BM_Neu_116_020.fcs",116,"mature neutrophils","Comp-BUV395-A",-147,"MFI","Calvaria","mouse29","rep1","5LOzymosan72","male",NA,0,NA,"300GS",300,80,1970,"BUV395-A","Sca1",-0.867160506829665
"BM_Neu_116_020.fcs",116,"mature neutrophils","Comp-BUV496-A",1597,"MFI","Calvaria","mouse29","rep1","5LOzymosan72","male",NA,0,NA,"300GS",300,80,1970,"BUV496-A","MHCII",3.06059230230338
"BM_Neu_116_020.fcs",116,"mature neutrophils","Comp-BUV563-A",175,"MFI","Calvaria","mouse29","rep1","5LOzymosan72","male",NA,0,NA,"300GS",300,80,1970,"BUV563-A","CD106",0.994457493817766
"BM_Neu_116_020.fcs",116,"mature neutrophils","Comp-BUV615-A",467,"MFI","Calvaria","mouse29","rep1","5LOzymosan72","male",NA,0,NA,"300GS",300,80,1970,"BUV615-A","CCR5",1.85368909618832
"BM_Neu_116_020.fcs",116,"mature neutrophils","Comp-BUV661-A",2166,"MFI","Calvaria","mouse29","rep1","5LOzymosan72","male",NA,0,NA,"300GS",300,80,1970,"BUV661-A","CD74",3.36434612604652
"BM_Neu_116_020.fcs",116,"mature neutrophils","Comp-BUV737-A",5721,"MFI","Calvaria","mouse29","rep1","5LOzymosan72","male",NA,0,NA,"300GS",300,80,1970,"BUV737-A","Ly6G",4.33458259795773
"BM_Neu_116_020.fcs",116,"mature neutrophils","Comp-BUV805-A",11023,"MFI","Calvaria","mouse29","rep1","5LOzymosan72","male",NA,0,NA,"300GS",300,80,1970,"BUV805-A","CD45",4.99029745502128
"BM_Neu_116_020.fcs",116,"mature neutrophils","Comp-BV421-A",465,"MFI","Calvaria","mouse29","rep1","5LOzymosan72","male",NA,0,NA,"300GS",300,80,1970,"BV421-A","PDL1",1.84960367947318
"BM_Neu_116_020.fcs",116,"mature neutrophils","Comp-BV570-A",789,"MFI","Calvaria","mouse29","rep1","5LOzymosan72","male",NA,0,NA,"300GS",300,80,1970,"BV570-A","CD44",2.3621939797587
"BM_Neu_116_020.fcs",116,"mature neutrophils","Comp-BV605-A",702,"MFI","Calvaria","mouse29","rep1","5LOzymosan72","male",NA,0,NA,"300GS",300,80,1970,"BV605-A","CD115",2.24766894948645
"BM_Neu_116_020.fcs",116,"mature neutrophils","Comp-BV650-A",8042,"MFI","Calvaria","mouse29","rep1","5LOzymosan72","male",NA,0,NA,"300GS",300,80,1970,"BV650-A","Ly6C",4.67503193756648
"BM_Neu_116_020.fcs",116,"mature neutrophils","Comp-BV711-A",591,"MFI","Calvaria","mouse29","rep1","5LOzymosan72","male",NA,0,NA,"300GS",300,80,1970,"BV711-A","CD39",2.08005674284283
"BM_Neu_116_020.fcs",116,"mature neutrophils","Comp-BV786-A",2916,"MFI","Calvaria","mouse29","rep1","5LOzymosan72","male",NA,0,NA,"300GS",300,80,1970,"BV786-A","CD11b",3.66114085099637
"BM_Neu_116_020.fcs",116,"mature neutrophils","Comp-FITC-A",-43.9,"MFI","Calvaria","mouse29","rep1","5LOzymosan72","male",NA,0,NA,"300GS",300,80,1970,"FITC-A","CX3CR1",-0.288641943315084
"BM_Neu_116_020.fcs",116,"mature neutrophils","Comp-PE-A",468,"MFI","Calvaria","mouse29","rep1","5LOzymosan72","male",NA,0,NA,"300GS",300,80,1970,"PE-A","DC-Trail-R1",1.85572586122409
"BM_Neu_116_020.fcs",116,"mature neutrophils","Comp-PE-Cy5-A",-493,"MFI","Calvaria","mouse29","rep1","5LOzymosan72","male",NA,0,NA,"300GS",300,80,1970,"PE-Cy5-A","CD150",-1.90540007720903
"BM_Neu_116_020.fcs",116,"mature neutrophils","Comp-PE-Cy7-A",558,"MFI","Calvaria","mouse29","rep1","5LOzymosan72","male",NA,0,NA,"300GS",300,80,1970,"PE-Cy7-A","CD101",2.02446573589956
"BM_Neu_116_020.fcs",116,"mature neutrophils","Comp-PE-Texas Red-A",1334,"MFI","Calvaria","mouse29","rep1","5LOzymosan72","male",NA,0,NA,"300GS",300,80,1970,"PE-Texas Red-A","ICAM1",2.88159513121337
"BM_Neu_117_021.fcs",117,"mature neutrophils","Comp-APC-A",-30.8,"MFI","Femur","mouse30","rep2","5LOzymosan72","male",NA,0,NA,"300GS",450,50,1970,"APC-A","CD117",-0.203917170985864
"BM_Neu_117_021.fcs",117,"mature neutrophils","Comp-APC-Cy7-A",612,"MFI","Femur","mouse30","rep2","5LOzymosan72","male",NA,0,NA,"300GS",450,50,1970,"APC-Cy7-A","CD14",2.11393497330317
"BM_Neu_117_021.fcs",117,"mature neutrophils","Comp-BB700-A",780,"MFI","Femur","mouse30","rep2","5LOzymosan72","male",NA,0,NA,"300GS",450,50,1970,"BB700-A","CD16/32",2.35092571975091
"BM_Neu_117_021.fcs",117,"mature neutrophils","Comp-BUV395-A",-140,"MFI","Femur","mouse30","rep2","5LOzymosan72","male",NA,0,NA,"300GS",450,50,1970,"BUV395-A","Sca1",-0.83343896888059
"BM_Neu_117_021.fcs",117,"mature neutrophils","Comp-BUV496-A",1445,"MFI","Femur","mouse30","rep2","5LOzymosan72","male",NA,0,NA,"300GS",450,50,1970,"BUV496-A","MHCII",2.96105959906931
"BM_Neu_117_021.fcs",117,"mature neutrophils","Comp-BUV563-A",178,"MFI","Femur","mouse30","rep2","5LOzymosan72","male",NA,0,NA,"300GS",450,50,1970,"BUV563-A","CD106",1.00740927614537
"BM_Neu_117_021.fcs",117,"mature neutrophils","Comp-BUV615-A",438,"MFI","Femur","mouse30","rep2","5LOzymosan72","male",NA,0,NA,"300GS",450,50,1970,"BUV615-A","CCR5",1.79283999788293
"BM_Neu_117_021.fcs",117,"mature neutrophils","Comp-BUV661-A",2107,"MFI","Femur","mouse30","rep2","5LOzymosan72","male",NA,0,NA,"300GS",450,50,1970,"BUV661-A","CD74",3.33679694803716
"BM_Neu_117_021.fcs",117,"mature neutrophils","Comp-BUV737-A",4196,"MFI","Femur","mouse30","rep2","5LOzymosan72","male",NA,0,NA,"300GS",450,50,1970,"BUV737-A","Ly6G",4.02471818878735
"BM_Neu_117_021.fcs",117,"mature neutrophils","Comp-BUV805-A",11455,"MFI","Femur","mouse30","rep2","5LOzymosan72","male",NA,0,NA,"300GS",450,50,1970,"BUV805-A","CD45",5.02873634650797
"BM_Neu_117_021.fcs",117,"mature neutrophils","Comp-BV421-A",502,"MFI","Femur","mouse30","rep2","5LOzymosan72","male",NA,0,NA,"300GS",450,50,1970,"BV421-A","PDL1",1.92272076370552
"BM_Neu_117_021.fcs",117,"mature neutrophils","Comp-BV570-A",875,"MFI","Femur","mouse30","rep2","5LOzymosan72","male",NA,0,NA,"300GS",450,50,1970,"BV570-A","CD44",2.46400304226479
"BM_Neu_117_021.fcs",117,"mature neutrophils","Comp-BV605-A",852,"MFI","Femur","mouse30","rep2","5LOzymosan72","male",NA,0,NA,"300GS",450,50,1970,"BV605-A","CD115",2.43775882242354
"BM_Neu_117_021.fcs",117,"mature neutrophils","Comp-BV650-A",7789,"MFI","Femur","mouse30","rep2","5LOzymosan72","male",NA,0,NA,"300GS",450,50,1970,"BV650-A","Ly6C",4.64307235143789
"BM_Neu_117_021.fcs",117,"mature neutrophils","Comp-BV711-A",594,"MFI","Femur","mouse30","rep2","5LOzymosan72","male",NA,0,NA,"300GS",450,50,1970,"BV711-A","CD39",2.08496518914671
"BM_Neu_117_021.fcs",117,"mature neutrophils","Comp-BV786-A",3307,"MFI","Femur","mouse30","rep2","5LOzymosan72","male",NA,0,NA,"300GS",450,50,1970,"BV786-A","CD11b",3.78682254761652
"BM_Neu_117_021.fcs",117,"mature neutrophils","Comp-FITC-A",-41.5,"MFI","Femur","mouse30","rep2","5LOzymosan72","male",NA,0,NA,"300GS",450,50,1970,"FITC-A","CX3CR1",-0.273253426576204
"BM_Neu_117_021.fcs",117,"mature neutrophils","Comp-PE-A",487,"MFI","Femur","mouse30","rep2","5LOzymosan72","male",NA,0,NA,"300GS",450,50,1970,"PE-A","DC-Trail-R1",1.89369138975365
"BM_Neu_117_021.fcs",117,"mature neutrophils","Comp-PE-Cy5-A",-481,"MFI","Femur","mouse30","rep2","5LOzymosan72","male",NA,0,NA,"300GS",450,50,1970,"PE-Cy5-A","CD150",-1.88185019954947
"BM_Neu_117_021.fcs",117,"mature neutrophils","Comp-PE-Cy7-A",592,"MFI","Femur","mouse30","rep2","5LOzymosan72","male",NA,0,NA,"300GS",450,50,1970,"PE-Cy7-A","CD101",2.08169548804771
"BM_Neu_117_021.fcs",117,"mature neutrophils","Comp-PE-Texas Red-A",1321,"MFI","Femur","mouse30","rep2","5LOzymosan72","male",NA,0,NA,"300GS",450,50,1970,"PE-Texas Red-A","ICAM1",2.87186413600358
"BM_Neu_118_022.fcs",118,"mature neutrophils","Comp-APC-A",-20.1,"MFI","Lumbar","mouse30","rep2","5LOzymosan72","male",NA,0,NA,"300GS",450,40,1970,"APC-A","CD117",-0.13360218875198
"BM_Neu_118_022.fcs",118,"mature neutrophils","Comp-APC-Cy7-A",608,"MFI","Lumbar","mouse30","rep2","5LOzymosan72","male",NA,0,NA,"300GS",450,40,1970,"APC-Cy7-A","CD14",2.10756727039379
"BM_Neu_118_022.fcs",118,"mature neutrophils","Comp-BB700-A",748,"MFI","Lumbar","mouse30","rep2","5LOzymosan72","male",NA,0,NA,"300GS",450,40,1970,"BB700-A","CD16/32",2.30982010143196
"BM_Neu_118_022.fcs",118,"mature neutrophils","Comp-BUV395-A",-141,"MFI","Lumbar","mouse30","rep2","5LOzymosan72","male",NA,0,NA,"300GS",450,40,1970,"BUV395-A","Sca1",-0.838304574812323
"BM_Neu_118_022.fcs",118,"mature neutrophils","Comp-BUV496-A",1448,"MFI","Lumbar","mouse30","rep2","5LOzymosan72","male",NA,0,NA,"300GS",450,40,1970,"BUV496-A","MHCII",2.9631225094615
"BM_Neu_118_022.fcs",118,"mature neutrophils","Comp-BUV563-A",171,"MFI","Lumbar","mouse30","rep2","5LOzymosan72","male",NA,0,NA,"300GS",450,40,1970,"BUV563-A","CD106",0.976988087791336
"BM_Neu_118_022.fcs",118,"mature neutrophils","Comp-BUV615-A",413,"MFI","Lumbar","mouse30","rep2","5LOzymosan72","male",NA,0,NA,"300GS",450,40,1970,"BUV615-A","CCR5",1.73741612065103
"BM_Neu_118_022.fcs",118,"mature neutrophils","Comp-BUV661-A",1950,"MFI","Lumbar","mouse30","rep2","5LOzymosan72","male",NA,0,NA,"300GS",450,40,1970,"BUV661-A","CD74",3.25957255626292
"BM_Neu_118_022.fcs",118,"mature neutrophils","Comp-BUV737-A",4146,"MFI","Lumbar","mouse30","rep2","5LOzymosan72","male",NA,0,NA,"300GS",450,40,1970,"BUV737-A","Ly6G",4.01273825710079
"BM_Neu_118_022.fcs",118,"mature neutrophils","Comp-BUV805-A",10624,"MFI","Lumbar","mouse30","rep2","5LOzymosan72","male",NA,0,NA,"300GS",450,40,1970,"BUV805-A","CD45",4.95343259082496
"BM_Neu_118_022.fcs",118,"mature neutrophils","Comp-BV421-A",441,"MFI","Lumbar","mouse30","rep2","5LOzymosan72","male",NA,0,NA,"300GS",450,40,1970,"BV421-A","PDL1",1.79930007164024
"BM_Neu_118_022.fcs",118,"mature neutrophils","Comp-BV570-A",800,"MFI","Lumbar","mouse30","rep2","5LOzymosan72","male",NA,0,NA,"300GS",450,40,1970,"BV570-A","CD44",2.37579901739019
"BM_Neu_118_022.fcs",118,"mature neutrophils","Comp-BV605-A",742,"MFI","Lumbar","mouse30","rep2","5LOzymosan72","male",NA,0,NA,"300GS",450,40,1970,"BV605-A","CD115",2.30192481336735
"BM_Neu_118_022.fcs",118,"mature neutrophils","Comp-BV650-A",7282,"MFI","Lumbar","mouse30","rep2","5LOzymosan72","male",NA,0,NA,"300GS",450,40,1970,"BV650-A","Ly6C",4.57577877531205
"BM_Neu_118_022.fcs",118,"mature neutrophils","Comp-BV711-A",508,"MFI","Lumbar","mouse30","rep2","5LOzymosan72","male",NA,0,NA,"300GS",450,40,1970,"BV711-A","CD39",1.93411025477732
"BM_Neu_118_022.fcs",118,"mature neutrophils","Comp-BV786-A",2898,"MFI","Lumbar","mouse30","rep2","5LOzymosan72","male",NA,0,NA,"300GS",450,40,1970,"BV786-A","CD11b",3.65495710756953
"BM_Neu_118_022.fcs",118,"mature neutrophils","Comp-FITC-A",-39.6,"MFI","Lumbar","mouse30","rep2","5LOzymosan72","male",NA,0,NA,"300GS",450,40,1970,"FITC-A","CX3CR1",-0.26102574512226
"BM_Neu_118_022.fcs",118,"mature neutrophils","Comp-PE-A",472,"MFI","Lumbar","mouse30","rep2","5LOzymosan72","male",NA,0,NA,"300GS",450,40,1970,"PE-A","DC-Trail-R1",1.86383363744751
"BM_Neu_118_022.fcs",118,"mature neutrophils","Comp-PE-Cy5-A",-458,"MFI","Lumbar","mouse30","rep2","5LOzymosan72","male",NA,0,NA,"300GS",450,40,1970,"PE-Cy5-A","CD150",-1.83517836122744
"BM_Neu_118_022.fcs",118,"mature neutrophils","Comp-PE-Cy7-A",583,"MFI","Lumbar","mouse30","rep2","5LOzymosan72","male",NA,0,NA,"300GS",450,40,1970,"PE-Cy7-A","CD101",2.06685224583064
"BM_Neu_118_022.fcs",118,"mature neutrophils","Comp-PE-Texas Red-A",1252,"MFI","Lumbar","mouse30","rep2","5LOzymosan72","male",NA,0,NA,"300GS",450,40,1970,"PE-Texas Red-A","ICAM1",2.81857878223197
"BM_Neu_119_023.fcs",119,"mature neutrophils","Comp-APC-A",-30.6,"MFI","Sternum","mouse30","rep2","5LOzymosan72","male",NA,0,NA,"300GS",150,80,1970,"APC-A","CD117",-0.202610915585898
"BM_Neu_119_023.fcs",119,"mature neutrophils","Comp-APC-Cy7-A",675,"MFI","Sternum","mouse30","rep2","5LOzymosan72","male",NA,0,NA,"300GS",150,80,1970,"APC-Cy7-A","CD14",2.20934770861533
"BM_Neu_119_023.fcs",119,"mature neutrophils","Comp-BB700-A",715,"MFI","Sternum","mouse30","rep2","5LOzymosan72","male",NA,0,NA,"300GS",150,80,1970,"BB700-A","CD16/32",2.2656201296966
"BM_Neu_119_023.fcs",119,"mature neutrophils","Comp-BUV395-A",-185,"MFI","Sternum","mouse30","rep2","5LOzymosan72","male",NA,0,NA,"300GS",150,80,1970,"BUV395-A","Sca1",-1.03713894897266
"BM_Neu_119_023.fcs",119,"mature neutrophils","Comp-BUV496-A",1442,"MFI","Sternum","mouse30","rep2","5LOzymosan72","male",NA,0,NA,"300GS",150,80,1970,"BUV496-A","MHCII",2.95899244711818
"BM_Neu_119_023.fcs",119,"mature neutrophils","Comp-BUV563-A",170,"MFI","Sternum","mouse30","rep2","5LOzymosan72","male",NA,0,NA,"300GS",150,80,1970,"BUV563-A","CD106",0.972584561191051
"BM_Neu_119_023.fcs",119,"mature neutrophils","Comp-BUV615-A",411,"MFI","Sternum","mouse30","rep2","5LOzymosan72","male",NA,0,NA,"300GS",150,80,1970,"BUV615-A","CCR5",1.73285465699013
"BM_Neu_119_023.fcs",119,"mature neutrophils","Comp-BUV661-A",1992,"MFI","Sternum","mouse30","rep2","5LOzymosan72","male",NA,0,NA,"300GS",150,80,1970,"BUV661-A","CD74",3.28082088768222
"BM_Neu_119_023.fcs",119,"mature neutrophils","Comp-BUV737-A",4761,"MFI","Sternum","mouse30","rep2","5LOzymosan72","male",NA,0,NA,"300GS",150,80,1970,"BUV737-A","Ly6G",4.15097296012705
"BM_Neu_119_023.fcs",119,"mature neutrophils","Comp-BUV805-A",11028,"MFI","Sternum","mouse30","rep2","5LOzymosan72","male",NA,0,NA,"300GS",150,80,1970,"BUV805-A","CD45",4.99075090723857
"BM_Neu_119_023.fcs",119,"mature neutrophils","Comp-BV421-A",525,"MFI","Sternum","mouse30","rep2","5LOzymosan72","male",NA,0,NA,"300GS",150,80,1970,"BV421-A","PDL1",1.96572047164965
"BM_Neu_119_023.fcs",119,"mature neutrophils","Comp-BV570-A",781,"MFI","Sternum","mouse30","rep2","5LOzymosan72","male",NA,0,NA,"300GS",150,80,1970,"BV570-A","CD44",2.35218392474588
"BM_Neu_119_023.fcs",119,"mature neutrophils","Comp-BV605-A",712,"MFI","Sternum","mouse30","rep2","5LOzymosan72","male",NA,0,NA,"300GS",150,80,1970,"BV605-A","CD115",2.26150544469981
"BM_Neu_119_023.fcs",119,"mature neutrophils","Comp-BV650-A",7468,"MFI","Sternum","mouse30","rep2","5LOzymosan72","male",NA,0,NA,"300GS",150,80,1970,"BV650-A","Ly6C",4.60099523469587
"BM_Neu_119_023.fcs",119,"mature neutrophils","Comp-BV711-A",561,"MFI","Sternum","mouse30","rep2","5LOzymosan72","male",NA,0,NA,"300GS",150,80,1970,"BV711-A","CD39",2.02964478246619
"BM_Neu_119_023.fcs",119,"mature neutrophils","Comp-BV786-A",3299,"MFI","Sternum","mouse30","rep2","5LOzymosan72","male",NA,0,NA,"300GS",150,80,1970,"BV786-A","CD11b",3.784402999579
"BM_Neu_119_023.fcs",119,"mature neutrophils","Comp-FITC-A",-42.4,"MFI","Sternum","mouse30","rep2","5LOzymosan72","male",NA,0,NA,"300GS",150,80,1970,"FITC-A","CX3CR1",-0.279031704227882
"BM_Neu_119_023.fcs",119,"mature neutrophils","Comp-PE-A",475,"MFI","Sternum","mouse30","rep2","5LOzymosan72","male",NA,0,NA,"300GS",150,80,1970,"PE-A","DC-Trail-R1",1.86987362215714
"BM_Neu_119_023.fcs",119,"mature neutrophils","Comp-PE-Cy5-A",-461,"MFI","Sternum","mouse30","rep2","5LOzymosan72","male",NA,0,NA,"300GS",150,80,1970,"PE-Cy5-A","CD150",-1.84138488776001
"BM_Neu_119_023.fcs",119,"mature neutrophils","Comp-PE-Cy7-A",633,"MFI","Sternum","mouse30","rep2","5LOzymosan72","male",NA,0,NA,"300GS",150,80,1970,"PE-Cy7-A","CD101",2.14673391132091
"BM_Neu_119_023.fcs",119,"mature neutrophils","Comp-PE-Texas Red-A",1251,"MFI","Sternum","mouse30","rep2","5LOzymosan72","male",NA,0,NA,"300GS",150,80,1970,"PE-Texas Red-A","ICAM1",2.81778541924927
"BM_Neu_120_024.fcs",120,"mature neutrophils","Comp-APC-A",-28.4,"MFI","Calvaria","mouse30","rep2","5LOzymosan72","male",NA,0,NA,"300GS",300,80,1970,"APC-A","CD117",-0.188220024948898
"BM_Neu_120_024.fcs",120,"mature neutrophils","Comp-APC-Cy7-A",695,"MFI","Calvaria","mouse30","rep2","5LOzymosan72","male",NA,0,NA,"300GS",300,80,1970,"APC-Cy7-A","CD14",2.23787077893662
"BM_Neu_120_024.fcs",120,"mature neutrophils","Comp-BB700-A",750,"MFI","Calvaria","mouse30","rep2","5LOzymosan72","male",NA,0,NA,"300GS",300,80,1970,"BB700-A","CD16/32",2.31243834127275
"BM_Neu_120_024.fcs",120,"mature neutrophils","Comp-BUV395-A",-180,"MFI","Calvaria","mouse30","rep2","5LOzymosan72","male",NA,0,NA,"300GS",300,80,1970,"BUV395-A","Sca1",-1.01597313417969
"BM_Neu_120_024.fcs",120,"mature neutrophils","Comp-BUV496-A",1444,"MFI","Calvaria","mouse30","rep2","5LOzymosan72","male",NA,0,NA,"300GS",300,80,1970,"BUV496-A","MHCII",2.96037102055952
"BM_Neu_120_024.fcs",120,"mature neutrophils","Comp-BUV563-A",160,"MFI","Calvaria","mouse30","rep2","5LOzymosan72","male",NA,0,NA,"300GS",300,80,1970,"BUV563-A","CD106",0.927737294614871
"BM_Neu_120_024.fcs",120,"mature neutrophils","Comp-BUV615-A",411,"MFI","Calvaria","mouse30","rep2","5LOzymosan72","male",NA,0,NA,"300GS",300,80,1970,"BUV615-A","CCR5",1.73285465699013
"BM_Neu_120_024.fcs",120,"mature neutrophils","Comp-BUV661-A",2009,"MFI","Calvaria","mouse30","rep2","5LOzymosan72","male",NA,0,NA,"300GS",300,80,1970,"BUV661-A","CD74",3.2892950254287
"BM_Neu_120_024.fcs",120,"mature neutrophils","Comp-BUV737-A",4752,"MFI","Calvaria","mouse30","rep2","5LOzymosan72","male",NA,0,NA,"300GS",300,80,1970,"BUV737-A","Ly6G",4.14908175215179
"BM_Neu_120_024.fcs",120,"mature neutrophils","Comp-BUV805-A",11361,"MFI","Calvaria","mouse30","rep2","5LOzymosan72","male",NA,0,NA,"300GS",300,80,1970,"BUV805-A","CD45",5.02049718040389
"BM_Neu_120_024.fcs",120,"mature neutrophils","Comp-BV421-A",473,"MFI","Calvaria","mouse30","rep2","5LOzymosan72","male",NA,0,NA,"300GS",300,80,1970,"BV421-A","PDL1",1.86585083225376
"BM_Neu_120_024.fcs",120,"mature neutrophils","Comp-BV570-A",802,"MFI","Calvaria","mouse30","rep2","5LOzymosan72","male",NA,0,NA,"300GS",300,80,1970,"BV570-A","CD44",2.37825323538136
"BM_Neu_120_024.fcs",120,"mature neutrophils","Comp-BV605-A",728,"MFI","Calvaria","mouse30","rep2","5LOzymosan72","male",NA,0,NA,"300GS",300,80,1970,"BV605-A","CD115",2.28326136968089
"BM_Neu_120_024.fcs",120,"mature neutrophils","Comp-BV650-A",7324,"MFI","Calvaria","mouse30","rep2","5LOzymosan72","male",NA,0,NA,"300GS",300,80,1970,"BV650-A","Ly6C",4.58152863963106
"BM_Neu_120_024.fcs",120,"mature neutrophils","Comp-BV711-A",520,"MFI","Calvaria","mouse30","rep2","5LOzymosan72","male",NA,0,NA,"300GS",300,80,1970,"BV711-A","CD39",1.95652255687705
"BM_Neu_120_024.fcs",120,"mature neutrophils","Comp-BV786-A",3177,"MFI","Calvaria","mouse30","rep2","5LOzymosan72","male",NA,0,NA,"300GS",300,80,1970,"BV786-A","CD11b",3.74676135422257
"BM_Neu_120_024.fcs",120,"mature neutrophils","Comp-FITC-A",-43.8,"MFI","Calvaria","mouse30","rep2","5LOzymosan72","male",NA,0,NA,"300GS",300,80,1970,"FITC-A","CX3CR1",-0.288002058111605
"BM_Neu_120_024.fcs",120,"mature neutrophils","Comp-PE-A",521,"MFI","Calvaria","mouse30","rep2","5LOzymosan72","male",NA,0,NA,"300GS",300,80,1970,"PE-A","DC-Trail-R1",1.95836865622015
"BM_Neu_120_024.fcs",120,"mature neutrophils","Comp-PE-Cy5-A",-477,"MFI","Calvaria","mouse30","rep2","5LOzymosan72","male",NA,0,NA,"300GS",300,80,1970,"PE-Cy5-A","CD150",-1.87388103934743
"BM_Neu_120_024.fcs",120,"mature neutrophils","Comp-PE-Cy7-A",649,"MFI","Calvaria","mouse30","rep2","5LOzymosan72","male",NA,0,NA,"300GS",300,80,1970,"PE-Cy7-A","CD101",2.17103942272771
"BM_Neu_120_024.fcs",120,"mature neutrophils","Comp-PE-Texas Red-A",1324,"MFI","Calvaria","mouse30","rep2","5LOzymosan72","male",NA,0,NA,"300GS",300,80,1970,"PE-Texas Red-A","ICAM1",2.8741181161722
"BM_Neu_121_025.fcs",121,"mature neutrophils","Comp-APC-A",-19.7,"MFI","Femur","mouse31","rep3","5LOzymosan72","male",NA,0,NA,"300GS",450,50,1970,"APC-A","CD117",-0.130958684773311
"BM_Neu_121_025.fcs",121,"mature neutrophils","Comp-APC-Cy7-A",694,"MFI","Femur","mouse31","rep3","5LOzymosan72","male",NA,0,NA,"300GS",450,50,1970,"APC-Cy7-A","CD14",2.23646334706442
"BM_Neu_121_025.fcs",121,"mature neutrophils","Comp-BB700-A",979,"MFI","Femur","mouse31","rep3","5LOzymosan72","male",NA,0,NA,"300GS",450,50,1970,"BB700-A","CD16/32",2.57486143238999
"BM_Neu_121_025.fcs",121,"mature neutrophils","Comp-BUV395-A",-98.8,"MFI","Femur","mouse31","rep3","5LOzymosan72","male",NA,0,NA,"300GS",450,50,1970,"BUV395-A","Sca1",-0.618476430133957
"BM_Neu_121_025.fcs",121,"mature neutrophils","Comp-BUV496-A",1623,"MFI","Femur","mouse31","rep3","5LOzymosan72","male",NA,0,NA,"300GS",450,50,1970,"BUV496-A","MHCII",3.0766720768848
"BM_Neu_121_025.fcs",121,"mature neutrophils","Comp-BUV563-A",204,"MFI","Femur","mouse31","rep3","5LOzymosan72","male",NA,0,NA,"300GS",450,50,1970,"BUV563-A","CD106",1.11451051536296
"BM_Neu_121_025.fcs",121,"mature neutrophils","Comp-BUV615-A",466,"MFI","Femur","mouse31","rep3","5LOzymosan72","male",NA,0,NA,"300GS",450,50,1970,"BUV615-A","CCR5",1.85164837380748
"BM_Neu_121_025.fcs",121,"mature neutrophils","Comp-BUV661-A",2100,"MFI","Femur","mouse31","rep3","5LOzymosan72","male",NA,0,NA,"300GS",450,50,1970,"BUV661-A","CD74",3.33347758688399
"BM_Neu_121_025.fcs",121,"mature neutrophils","Comp-BUV737-A",4682,"MFI","Femur","mouse31","rep3","5LOzymosan72","male",NA,0,NA,"300GS",450,50,1970,"BUV737-A","Ly6G",4.13424903760973
"BM_Neu_121_025.fcs",121,"mature neutrophils","Comp-BUV805-A",10666,"MFI","Femur","mouse31","rep3","5LOzymosan72","male",NA,0,NA,"300GS",450,50,1970,"BUV805-A","CD45",4.95737771861443
"BM_Neu_121_025.fcs",121,"mature neutrophils","Comp-BV421-A",445,"MFI","Femur","mouse31","rep3","5LOzymosan72","male",NA,0,NA,"300GS",450,50,1970,"BV421-A","PDL1",1.80785249501629
"BM_Neu_121_025.fcs",121,"mature neutrophils","Comp-BV570-A",812,"MFI","Femur","mouse31","rep3","5LOzymosan72","male",NA,0,NA,"300GS",450,50,1970,"BV570-A","CD44",2.39043628564002
"BM_Neu_121_025.fcs",121,"mature neutrophils","Comp-BV605-A",758,"MFI","Femur","mouse31","rep3","5LOzymosan72","male",NA,0,NA,"300GS",450,50,1970,"BV605-A","CD115",2.3228445866718
"BM_Neu_121_025.fcs",121,"mature neutrophils","Comp-BV650-A",7682,"MFI","Femur","mouse31","rep3","5LOzymosan72","male",NA,0,NA,"300GS",450,50,1970,"BV650-A","Ly6C",4.62924239952471
"BM_Neu_121_025.fcs",121,"mature neutrophils","Comp-BV711-A",539,"MFI","Femur","mouse31","rep3","5LOzymosan72","male",NA,0,NA,"300GS",450,50,1970,"BV711-A","CD39",1.99104993704668
"BM_Neu_121_025.fcs",121,"mature neutrophils","Comp-BV786-A",2716,"MFI","Femur","mouse31","rep3","5LOzymosan72","male",NA,0,NA,"300GS",450,50,1970,"BV786-A","CD11b",3.59018904505668
"BM_Neu_121_025.fcs",121,"mature neutrophils","Comp-FITC-A",-39.6,"MFI","Femur","mouse31","rep3","5LOzymosan72","male",NA,0,NA,"300GS",450,50,1970,"FITC-A","CX3CR1",-0.26102574512226
"BM_Neu_121_025.fcs",121,"mature neutrophils","Comp-PE-A",438,"MFI","Femur","mouse31","rep3","5LOzymosan72","male",NA,0,NA,"300GS",450,50,1970,"PE-A","DC-Trail-R1",1.79283999788293
"BM_Neu_121_025.fcs",121,"mature neutrophils","Comp-PE-Cy5-A",-494,"MFI","Femur","mouse31","rep3","5LOzymosan72","male",NA,0,NA,"300GS",450,50,1970,"PE-Cy5-A","CD150",-1.90733884060991
"BM_Neu_121_025.fcs",121,"mature neutrophils","Comp-PE-Cy7-A",570,"MFI","Femur","mouse31","rep3","5LOzymosan72","male",NA,0,NA,"300GS",450,50,1970,"PE-Cy7-A","CD101",2.04502820486763
"BM_Neu_121_025.fcs",121,"mature neutrophils","Comp-PE-Texas Red-A",1338,"MFI","Femur","mouse31","rep3","5LOzymosan72","male",NA,0,NA,"300GS",450,50,1970,"PE-Texas Red-A","ICAM1",2.88457045097872
"BM_Neu_122_026.fcs",122,"mature neutrophils","Comp-APC-A",-22.1,"MFI","Lumbar","mouse31","rep3","5LOzymosan72","male",NA,0,NA,"300GS",450,40,1970,"APC-A","CD117",-0.146805443608231
"BM_Neu_122_026.fcs",122,"mature neutrophils","Comp-APC-Cy7-A",732,"MFI","Lumbar","mouse31","rep3","5LOzymosan72","male",NA,0,NA,"300GS",450,40,1970,"APC-Cy7-A","CD14",2.28862869640576
"BM_Neu_122_026.fcs",122,"mature neutrophils","Comp-BB700-A",944,"MFI","Lumbar","mouse31","rep3","5LOzymosan72","male",NA,0,NA,"300GS",450,40,1970,"BB700-A","CD16/32",2.53889127994049
"BM_Neu_122_026.fcs",122,"mature neutrophils","Comp-BUV395-A",-123,"MFI","Lumbar","mouse31","rep3","5LOzymosan72","male",NA,0,NA,"300GS",450,40,1970,"BUV395-A","Sca1",-0.748209563094823
"BM_Neu_122_026.fcs",122,"mature neutrophils","Comp-BUV496-A",1563,"MFI","Lumbar","mouse31","rep3","5LOzymosan72","male",NA,0,NA,"300GS",450,40,1970,"BUV496-A","MHCII",3.03916883103879
"BM_Neu_122_026.fcs",122,"mature neutrophils","Comp-BUV563-A",184,"MFI","Lumbar","mouse31","rep3","5LOzymosan72","male",NA,0,NA,"300GS",450,40,1970,"BUV563-A","CD106",1.03293341257723
"BM_Neu_122_026.fcs",122,"mature neutrophils","Comp-BUV615-A",459,"MFI","Lumbar","mouse31","rep3","5LOzymosan72","male",NA,0,NA,"300GS",450,40,1970,"BUV615-A","CCR5",1.83725127472499
"BM_Neu_122_026.fcs",122,"mature neutrophils","Comp-BUV661-A",2047,"MFI","Lumbar","mouse31","rep3","5LOzymosan72","male",NA,0,NA,"300GS",450,40,1970,"BUV661-A","CD74",3.30798219218253
"BM_Neu_122_026.fcs",122,"mature neutrophils","Comp-BUV737-A",4815,"MFI","Lumbar","mouse31","rep3","5LOzymosan72","male",NA,0,NA,"300GS",450,40,1970,"BUV737-A","Ly6G",4.1622457443144
"BM_Neu_122_026.fcs",122,"mature neutrophils","Comp-BUV805-A",10301,"MFI","Lumbar","mouse31","rep3","5LOzymosan72","male",NA,0,NA,"300GS",450,40,1970,"BUV805-A","CD45",4.92256114985872
"BM_Neu_122_026.fcs",122,"mature neutrophils","Comp-BV421-A",445,"MFI","Lumbar","mouse31","rep3","5LOzymosan72","male",NA,0,NA,"300GS",450,40,1970,"BV421-A","PDL1",1.80785249501629
"BM_Neu_122_026.fcs",122,"mature neutrophils","Comp-BV570-A",775,"MFI","Lumbar","mouse31","rep3","5LOzymosan72","male",NA,0,NA,"300GS",450,40,1970,"BV570-A","CD44",2.34461127111722
"BM_Neu_122_026.fcs",122,"mature neutrophils","Comp-BV605-A",706,"MFI","Lumbar","mouse31","rep3","5LOzymosan72","male",NA,0,NA,"300GS",450,40,1970,"BV605-A","CD115",2.2532260408132
"BM_Neu_122_026.fcs",122,"mature neutrophils","Comp-BV650-A",7517,"MFI","Lumbar","mouse31","rep3","5LOzymosan72","male",NA,0,NA,"300GS",450,40,1970,"BV650-A","Ly6C",4.60753382098303
"BM_Neu_122_026.fcs",122,"mature neutrophils","Comp-BV711-A",515,"MFI","Lumbar","mouse31","rep3","5LOzymosan72","male",NA,0,NA,"300GS",450,40,1970,"BV711-A","CD39",1.94724262975191
"BM_Neu_122_026.fcs",122,"mature neutrophils","Comp-BV786-A",2523,"MFI","Lumbar","mouse31","rep3","5LOzymosan72","male",NA,0,NA,"300GS",450,40,1970,"BV786-A","CD11b",3.51659833185836
"BM_Neu_122_026.fcs",122,"mature neutrophils","Comp-FITC-A",-40.1,"MFI","Lumbar","mouse31","rep3","5LOzymosan72","male",NA,0,NA,"300GS",450,40,1970,"FITC-A","CX3CR1",-0.264247327786345
"BM_Neu_122_026.fcs",122,"mature neutrophils","Comp-PE-A",437,"MFI","Lumbar","mouse31","rep3","5LOzymosan72","male",NA,0,NA,"300GS",450,40,1970,"PE-A","DC-Trail-R1",1.79067783501134
"BM_Neu_122_026.fcs",122,"mature neutrophils","Comp-PE-Cy5-A",-482,"MFI","Lumbar","mouse31","rep3","5LOzymosan72","male",NA,0,NA,"300GS",450,40,1970,"PE-Cy5-A","CD150",-1.88383305414861
"BM_Neu_122_026.fcs",122,"mature neutrophils","Comp-PE-Cy7-A",571,"MFI","Lumbar","mouse31","rep3","5LOzymosan72","male",NA,0,NA,"300GS",450,40,1970,"PE-Cy7-A","CD101",2.04672343645623
"BM_Neu_122_026.fcs",122,"mature neutrophils","Comp-PE-Texas Red-A",1289,"MFI","Lumbar","mouse31","rep3","5LOzymosan72","male",NA,0,NA,"300GS",450,40,1970,"PE-Texas Red-A","ICAM1",2.84750227791826
"BM_Neu_123_027.fcs",123,"mature neutrophils","Comp-APC-A",-28.5,"MFI","Sternum","mouse31","rep3","5LOzymosan72","male",NA,0,NA,"300GS",150,80,1970,"APC-A","CD117",-0.188875014576307
"BM_Neu_123_027.fcs",123,"mature neutrophils","Comp-APC-Cy7-A",814,"MFI","Sternum","mouse31","rep3","5LOzymosan72","male",NA,0,NA,"300GS",150,80,1970,"APC-Cy7-A","CD14",2.39285548013998
"BM_Neu_123_027.fcs",123,"mature neutrophils","Comp-BB700-A",949,"MFI","Sternum","mouse31","rep3","5LOzymosan72","male",NA,0,NA,"300GS",150,80,1970,"BB700-A","CD16/32",2.54410879776773
"BM_Neu_123_027.fcs",123,"mature neutrophils","Comp-BUV395-A",-190,"MFI","Sternum","mouse31","rep3","5LOzymosan72","male",NA,0,NA,"300GS",150,80,1970,"BUV395-A","Sca1",-1.05796242918872
"BM_Neu_123_027.fcs",123,"mature neutrophils","Comp-BUV496-A",1582,"MFI","Sternum","mouse31","rep3","5LOzymosan72","male",NA,0,NA,"300GS",150,80,1970,"BUV496-A","MHCII",3.051197046254
"BM_Neu_123_027.fcs",123,"mature neutrophils","Comp-BUV563-A",176,"MFI","Sternum","mouse31","rep3","5LOzymosan72","male",NA,0,NA,"300GS",150,80,1970,"BUV563-A","CD106",0.99878896696176
"BM_Neu_123_027.fcs",123,"mature neutrophils","Comp-BUV615-A",479,"MFI","Sternum","mouse31","rep3","5LOzymosan72","male",NA,0,NA,"300GS",150,80,1970,"BUV615-A","CCR5",1.87787319509866
"BM_Neu_123_027.fcs",123,"mature neutrophils","Comp-BUV661-A",2127,"MFI","Sternum","mouse31","rep3","5LOzymosan72","male",NA,0,NA,"300GS",150,80,1970,"BUV661-A","CD74",3.34622072248068
"BM_Neu_123_027.fcs",123,"mature neutrophils","Comp-BUV737-A",5735,"MFI","Sternum","mouse31","rep3","5LOzymosan72","male",NA,0,NA,"300GS",150,80,1970,"BUV737-A","Ly6G",4.33702589562787
"BM_Neu_123_027.fcs",123,"mature neutrophils","Comp-BUV805-A",12106,"MFI","Sternum","mouse31","rep3","5LOzymosan72","male",NA,0,NA,"300GS",150,80,1970,"BUV805-A","CD45",5.084006742139
"BM_Neu_123_027.fcs",123,"mature neutrophils","Comp-BV421-A",620,"MFI","Sternum","mouse31","rep3","5LOzymosan72","male",NA,0,NA,"300GS",150,80,1970,"BV421-A","PDL1",2.12655342320355
"BM_Neu_123_027.fcs",123,"mature neutrophils","Comp-BV570-A",755,"MFI","Sternum","mouse31","rep3","5LOzymosan72","male",NA,0,NA,"300GS",150,80,1970,"BV570-A","CD44",2.31895468054621
"BM_Neu_123_027.fcs",123,"mature neutrophils","Comp-BV605-A",667,"MFI","Sternum","mouse31","rep3","5LOzymosan72","male",NA,0,NA,"300GS",150,80,1970,"BV605-A","CD115",2.19771226617522
"BM_Neu_123_027.fcs",123,"mature neutrophils","Comp-BV650-A",7747,"MFI","Sternum","mouse31","rep3","5LOzymosan72","male",NA,0,NA,"300GS",150,80,1970,"BV650-A","Ly6C",4.63766654891438
"BM_Neu_123_027.fcs",123,"mature neutrophils","Comp-BV711-A",550,"MFI","Sternum","mouse31","rep3","5LOzymosan72","male",NA,0,NA,"300GS",150,80,1970,"BV711-A","CD39",2.01052698190284
"BM_Neu_123_027.fcs",123,"mature neutrophils","Comp-BV786-A",3849,"MFI","Sternum","mouse31","rep3","5LOzymosan72","male",NA,0,NA,"300GS",150,80,1970,"BV786-A","CD11b",3.93846001153947
"BM_Neu_123_027.fcs",123,"mature neutrophils","Comp-FITC-A",-42.2,"MFI","Sternum","mouse31","rep3","5LOzymosan72","male",NA,0,NA,"300GS",150,80,1970,"FITC-A","CX3CR1",-0.277748420869467
"BM_Neu_123_027.fcs",123,"mature neutrophils","Comp-PE-A",445,"MFI","Sternum","mouse31","rep3","5LOzymosan72","male",NA,0,NA,"300GS",150,80,1970,"PE-A","DC-Trail-R1",1.80785249501629
"BM_Neu_123_027.fcs",123,"mature neutrophils","Comp-PE-Cy5-A",-487,"MFI","Sternum","mouse31","rep3","5LOzymosan72","male",NA,0,NA,"300GS",150,80,1970,"PE-Cy5-A","CD150",-1.89369138975365
"BM_Neu_123_027.fcs",123,"mature neutrophils","Comp-PE-Cy7-A",591,"MFI","Sternum","mouse31","rep3","5LOzymosan72","male",NA,0,NA,"300GS",150,80,1970,"PE-Cy7-A","CD101",2.08005674284283
"BM_Neu_123_027.fcs",123,"mature neutrophils","Comp-PE-Texas Red-A",1303,"MFI","Sternum","mouse31","rep3","5LOzymosan72","male",NA,0,NA,"300GS",150,80,1970,"PE-Texas Red-A","ICAM1",2.85823321240506
"BM_Neu_124_028.fcs",124,"mature neutrophils","Comp-APC-A",-45.1,"MFI","Calvaria","mouse31","rep3","5LOzymosan72","male",NA,0,NA,"300GS",300,80,1970,"APC-A","CD117",-0.296311539804959
"BM_Neu_124_028.fcs",124,"mature neutrophils","Comp-APC-Cy7-A",810,"MFI","Calvaria","mouse31","rep3","5LOzymosan72","male",NA,0,NA,"300GS",300,80,1970,"APC-Cy7-A","CD14",2.38801132228465
"BM_Neu_124_028.fcs",124,"mature neutrophils","Comp-BB700-A",963,"MFI","Calvaria","mouse31","rep3","5LOzymosan72","male",NA,0,NA,"300GS",300,80,1970,"BB700-A","CD16/32",2.5585763909153
"BM_Neu_124_028.fcs",124,"mature neutrophils","Comp-BUV395-A",-141,"MFI","Calvaria","mouse31","rep3","5LOzymosan72","male",NA,0,NA,"300GS",300,80,1970,"BUV395-A","Sca1",-0.838304574812323
"BM_Neu_124_028.fcs",124,"mature neutrophils","Comp-BUV496-A",1626,"MFI","Calvaria","mouse31","rep3","5LOzymosan72","male",NA,0,NA,"300GS",300,80,1970,"BUV496-A","MHCII",3.07851097691485
"BM_Neu_124_028.fcs",124,"mature neutrophils","Comp-BUV563-A",181,"MFI","Calvaria","mouse31","rep3","5LOzymosan72","male",NA,0,NA,"300GS",300,80,1970,"BUV563-A","CD106",1.02023404361105
"BM_Neu_124_028.fcs",124,"mature neutrophils","Comp-BUV615-A",475,"MFI","Calvaria","mouse31","rep3","5LOzymosan72","male",NA,0,NA,"300GS",300,80,1970,"BUV615-A","CCR5",1.86987362215714
"BM_Neu_124_028.fcs",124,"mature neutrophils","Comp-BUV661-A",2293,"MFI","Calvaria","mouse31","rep3","5LOzymosan72","male",NA,0,NA,"300GS",300,80,1970,"BUV661-A","CD74",3.42119628571609
"BM_Neu_124_028.fcs",124,"mature neutrophils","Comp-BUV737-A",5576,"MFI","Calvaria","mouse31","rep3","5LOzymosan72","male",NA,0,NA,"300GS",300,80,1970,"BUV737-A","Ly6G",4.30891970583602
"BM_Neu_124_028.fcs",124,"mature neutrophils","Comp-BUV805-A",11532,"MFI","Calvaria","mouse31","rep3","5LOzymosan72","male",NA,0,NA,"300GS",300,80,1970,"BUV805-A","CD45",5.03543523989841
"BM_Neu_124_028.fcs",124,"mature neutrophils","Comp-BV421-A",443,"MFI","Calvaria","mouse31","rep3","5LOzymosan72","male",NA,0,NA,"300GS",300,80,1970,"BV421-A","PDL1",1.80358494332159
"BM_Neu_124_028.fcs",124,"mature neutrophils","Comp-BV570-A",787,"MFI","Calvaria","mouse31","rep3","5LOzymosan72","male",NA,0,NA,"300GS",300,80,1970,"BV570-A","CD44",2.35970067807049
"BM_Neu_124_028.fcs",124,"mature neutrophils","Comp-BV605-A",684,"MFI","Calvaria","mouse31","rep3","5LOzymosan72","male",NA,0,NA,"300GS",300,80,1970,"BV605-A","CD115",2.22228152430357
"BM_Neu_124_028.fcs",124,"mature neutrophils","Comp-BV650-A",7969,"MFI","Calvaria","mouse31","rep3","5LOzymosan72","male",NA,0,NA,"300GS",300,80,1970,"BV650-A","Ly6C",4.66591474385235
"BM_Neu_124_028.fcs",124,"mature neutrophils","Comp-BV711-A",527,"MFI","Calvaria","mouse31","rep3","5LOzymosan72","male",NA,0,NA,"300GS",300,80,1970,"BV711-A","CD39",1.96937698403905
"BM_Neu_124_028.fcs",124,"mature neutrophils","Comp-BV786-A",2840,"MFI","Calvaria","mouse31","rep3","5LOzymosan72","male",NA,0,NA,"300GS",300,80,1970,"BV786-A","CD11b",3.63476789545289
"BM_Neu_124_028.fcs",124,"mature neutrophils","Comp-FITC-A",-44.3,"MFI","Calvaria","mouse31","rep3","5LOzymosan72","male",NA,0,NA,"300GS",300,80,1970,"FITC-A","CX3CR1",-0.291200332250448
"BM_Neu_124_028.fcs",124,"mature neutrophils","Comp-PE-A",504,"MFI","Calvaria","mouse31","rep3","5LOzymosan72","male",NA,0,NA,"300GS",300,80,1970,"PE-A","DC-Trail-R1",1.92653109345478
"BM_Neu_124_028.fcs",124,"mature neutrophils","Comp-PE-Cy5-A",-514,"MFI","Calvaria","mouse31","rep3","5LOzymosan72","male",NA,0,NA,"300GS",300,80,1970,"PE-Cy5-A","CD150",-1.94537667914401
"BM_Neu_124_028.fcs",124,"mature neutrophils","Comp-PE-Cy7-A",656,"MFI","Calvaria","mouse31","rep3","5LOzymosan72","male",NA,0,NA,"300GS",300,80,1970,"PE-Cy7-A","CD101",2.18149477142352
"BM_Neu_124_028.fcs",124,"mature neutrophils","Comp-PE-Texas Red-A",1445,"MFI","Calvaria","mouse31","rep3","5LOzymosan72","male",NA,0,NA,"300GS",300,80,1970,"PE-Texas Red-A","ICAM1",2.96105959906931
"BM_Neu_125_029.fcs",125,"mature neutrophils","Comp-APC-A",-45.3,"MFI","Femur","mouse32","rep4","5LOzymosan72","male",NA,0,NA,"300GS",450,50,1970,"APC-A","CD117",-0.297588172009863
"BM_Neu_125_029.fcs",125,"mature neutrophils","Comp-APC-Cy7-A",796,"MFI","Femur","mouse32","rep4","5LOzymosan72","male",NA,0,NA,"300GS",450,50,1970,"APC-Cy7-A","CD14",2.37087275013189
"BM_Neu_125_029.fcs",125,"mature neutrophils","Comp-BB700-A",1006,"MFI","Femur","mouse32","rep4","5LOzymosan72","male",NA,0,NA,"300GS",450,50,1970,"BB700-A","CD16/32",2.60176156516815
"BM_Neu_125_029.fcs",125,"mature neutrophils","Comp-BUV395-A",-168,"MFI","Femur","mouse32","rep4","5LOzymosan72","male",NA,0,NA,"300GS",450,50,1970,"BUV395-A","Sca1",-0.963733684325032
"BM_Neu_125_029.fcs",125,"mature neutrophils","Comp-BUV496-A",1595,"MFI","Femur","mouse32","rep4","5LOzymosan72","male",NA,0,NA,"300GS",450,50,1970,"BUV496-A","MHCII",3.0593446674832
"BM_Neu_125_029.fcs",125,"mature neutrophils","Comp-BUV563-A",209,"MFI","Femur","mouse32","rep4","5LOzymosan72","male",NA,0,NA,"300GS",450,50,1970,"BUV563-A","CD106",1.13410100631871
"BM_Neu_125_029.fcs",125,"mature neutrophils","Comp-BUV615-A",531,"MFI","Femur","mouse32","rep4","5LOzymosan72","male",NA,0,NA,"300GS",450,50,1970,"BUV615-A","CCR5",1.97665165191078
"BM_Neu_125_029.fcs",125,"mature neutrophils","Comp-BUV661-A",2350,"MFI","Femur","mouse32","rep4","5LOzymosan72","male",NA,0,NA,"300GS",450,50,1970,"BUV661-A","CD74",3.44569950135146
"BM_Neu_125_029.fcs",125,"mature neutrophils","Comp-BUV737-A",5537,"MFI","Femur","mouse32","rep4","5LOzymosan72","male",NA,0,NA,"300GS",450,50,1970,"BUV737-A","Ly6G",4.30190342637002
"BM_Neu_125_029.fcs",125,"mature neutrophils","Comp-BUV805-A",13171,"MFI","Femur","mouse32","rep4","5LOzymosan72","male",NA,0,NA,"300GS",450,50,1970,"BUV805-A","CD45",5.16831703226223
"BM_Neu_125_029.fcs",125,"mature neutrophils","Comp-BV421-A",704,"MFI","Femur","mouse32","rep4","5LOzymosan72","male",NA,0,NA,"300GS",450,50,1970,"BV421-A","PDL1",2.25045127055567
"BM_Neu_125_029.fcs",125,"mature neutrophils","Comp-BV570-A",883,"MFI","Femur","mouse32","rep4","5LOzymosan72","male",NA,0,NA,"300GS",450,50,1970,"BV570-A","CD44",2.47297465879679
"BM_Neu_125_029.fcs",125,"mature neutrophils","Comp-BV605-A",845,"MFI","Femur","mouse32","rep4","5LOzymosan72","male",NA,0,NA,"300GS",450,50,1970,"BV605-A","CD115",2.42963489460314
"BM_Neu_125_029.fcs",125,"mature neutrophils","Comp-BV650-A",8360,"MFI","Femur","mouse32","rep4","5LOzymosan72","male",NA,0,NA,"300GS",450,50,1970,"BV650-A","Ly6C",4.71380606690539
"BM_Neu_125_029.fcs",125,"mature neutrophils","Comp-BV711-A",713,"MFI","Femur","mouse32","rep4","5LOzymosan72","male",NA,0,NA,"300GS",450,50,1970,"BV711-A","CD39",2.26287884810895
"BM_Neu_125_029.fcs",125,"mature neutrophils","Comp-BV786-A",4122,"MFI","Femur","mouse32","rep4","5LOzymosan72","male",NA,0,NA,"300GS",450,50,1970,"BV786-A","CD11b",4.0069365435129
"BM_Neu_125_029.fcs",125,"mature neutrophils","Comp-FITC-A",-46.1,"MFI","Femur","mouse32","rep4","5LOzymosan72","male",NA,0,NA,"300GS",450,50,1970,"FITC-A","CX3CR1",-0.302689975263473
"BM_Neu_125_029.fcs",125,"mature neutrophils","Comp-PE-A",476,"MFI","Femur","mouse32","rep4","5LOzymosan72","male",NA,0,NA,"300GS",450,50,1970,"PE-A","DC-Trail-R1",1.87187924536002
"BM_Neu_125_029.fcs",125,"mature neutrophils","Comp-PE-Cy5-A",-528,"MFI","Femur","mouse32","rep4","5LOzymosan72","male",NA,0,NA,"300GS",450,50,1970,"PE-Cy5-A","CD150",-1.97120042949205
"BM_Neu_125_029.fcs",125,"mature neutrophils","Comp-PE-Cy7-A",580,"MFI","Femur","mouse32","rep4","5LOzymosan72","male",NA,0,NA,"300GS",450,50,1970,"PE-Cy7-A","CD101",2.06185669052461
"BM_Neu_125_029.fcs",125,"mature neutrophils","Comp-PE-Texas Red-A",1429,"MFI","Femur","mouse32","rep4","5LOzymosan72","male",NA,0,NA,"300GS",450,50,1970,"PE-Texas Red-A","ICAM1",2.94998534885188
"BM_Neu_126_030.fcs",126,"mature neutrophils","Comp-APC-A",-38.5,"MFI","Lumbar","mouse32","rep4","5LOzymosan72","male",NA,0,NA,"300GS",450,40,1970,"APC-A","CD117",-0.25392896858524
"BM_Neu_126_030.fcs",126,"mature neutrophils","Comp-APC-Cy7-A",795,"MFI","Lumbar","mouse32","rep4","5LOzymosan72","male",NA,0,NA,"300GS",450,40,1970,"APC-Cy7-A","CD14",2.36963744780851
"BM_Neu_126_030.fcs",126,"mature neutrophils","Comp-BB700-A",945,"MFI","Lumbar","mouse32","rep4","5LOzymosan72","male",NA,0,NA,"300GS",450,40,1970,"BB700-A","CD16/32",2.53993693665066
"BM_Neu_126_030.fcs",126,"mature neutrophils","Comp-BUV395-A",-168,"MFI","Lumbar","mouse32","rep4","5LOzymosan72","male",NA,0,NA,"300GS",450,40,1970,"BUV395-A","Sca1",-0.963733684325032
"BM_Neu_126_030.fcs",126,"mature neutrophils","Comp-BUV496-A",1546,"MFI","Lumbar","mouse32","rep4","5LOzymosan72","male",NA,0,NA,"300GS",450,40,1970,"BUV496-A","MHCII",3.0282832930184
"BM_Neu_126_030.fcs",126,"mature neutrophils","Comp-BUV563-A",174,"MFI","Lumbar","mouse32","rep4","5LOzymosan72","male",NA,0,NA,"300GS",450,40,1970,"BUV563-A","CD106",0.9901117287927
"BM_Neu_126_030.fcs",126,"mature neutrophils","Comp-BUV615-A",510,"MFI","Lumbar","mouse32","rep4","5LOzymosan72","male",NA,0,NA,"300GS",450,40,1970,"BUV615-A","CCR5",1.9378792776645
"BM_Neu_126_030.fcs",126,"mature neutrophils","Comp-BUV661-A",2247,"MFI","Lumbar","mouse32","rep4","5LOzymosan72","male",NA,0,NA,"300GS",450,40,1970,"BUV661-A","CD74",3.40097538149395
"BM_Neu_126_030.fcs",126,"mature neutrophils","Comp-BUV737-A",5319,"MFI","Lumbar","mouse32","rep4","5LOzymosan72","male",NA,0,NA,"300GS",450,40,1970,"BUV737-A","Ly6G",4.26175124307125
"BM_Neu_126_030.fcs",126,"mature neutrophils","Comp-BUV805-A",12835,"MFI","Lumbar","mouse32","rep4","5LOzymosan72","male",NA,0,NA,"300GS",450,40,1970,"BUV805-A","CD45",5.14247712330826
"BM_Neu_126_030.fcs",126,"mature neutrophils","Comp-BV421-A",673,"MFI","Lumbar","mouse32","rep4","5LOzymosan72","male",NA,0,NA,"300GS",450,40,1970,"BV421-A","PDL1",2.20645121160252
"BM_Neu_126_030.fcs",126,"mature neutrophils","Comp-BV570-A",840,"MFI","Lumbar","mouse32","rep4","5LOzymosan72","male",NA,0,NA,"300GS",450,40,1970,"BV570-A","CD44",2.42379204358752
"BM_Neu_126_030.fcs",126,"mature neutrophils","Comp-BV605-A",783,"MFI","Lumbar","mouse32","rep4","5LOzymosan72","male",NA,0,NA,"300GS",450,40,1970,"BV605-A","CD115",2.354695680252
"BM_Neu_126_030.fcs",126,"mature neutrophils","Comp-BV650-A",8028,"MFI","Lumbar","mouse32","rep4","5LOzymosan72","male",NA,0,NA,"300GS",450,40,1970,"BV650-A","Ly6C",4.6732898635614
"BM_Neu_126_030.fcs",126,"mature neutrophils","Comp-BV711-A",646,"MFI","Lumbar","mouse32","rep4","5LOzymosan72","male",NA,0,NA,"300GS",450,40,1970,"BV711-A","CD39",2.16652574461797
"BM_Neu_126_030.fcs",126,"mature neutrophils","Comp-BV786-A",3854,"MFI","Lumbar","mouse32","rep4","5LOzymosan72","male",NA,0,NA,"300GS",450,40,1970,"BV786-A","CD11b",3.93975722380903
"BM_Neu_126_030.fcs",126,"mature neutrophils","Comp-FITC-A",-44.6,"MFI","Lumbar","mouse32","rep4","5LOzymosan72","male",NA,0,NA,"300GS",450,40,1970,"FITC-A","CX3CR1",-0.293117908907069
"BM_Neu_126_030.fcs",126,"mature neutrophils","Comp-PE-A",486,"MFI","Lumbar","mouse32","rep4","5LOzymosan72","male",NA,0,NA,"300GS",450,40,1970,"PE-A","DC-Trail-R1",1.89172713644393
"BM_Neu_126_030.fcs",126,"mature neutrophils","Comp-PE-Cy5-A",-510,"MFI","Lumbar","mouse32","rep4","5LOzymosan72","male",NA,0,NA,"300GS",450,40,1970,"PE-Cy5-A","CD150",-1.9378792776645
"BM_Neu_126_030.fcs",126,"mature neutrophils","Comp-PE-Cy7-A",593,"MFI","Lumbar","mouse32","rep4","5LOzymosan72","male",NA,0,NA,"300GS",450,40,1970,"PE-Cy7-A","CD101",2.08333163415953
"BM_Neu_126_030.fcs",126,"mature neutrophils","Comp-PE-Texas Red-A",1391,"MFI","Lumbar","mouse32","rep4","5LOzymosan72","male",NA,0,NA,"300GS",450,40,1970,"PE-Texas Red-A","ICAM1",2.92318463786783
"BM_Neu_127_031.fcs",127,"mature neutrophils","Comp-APC-A",-32.2,"MFI","Sternum","mouse32","rep4","5LOzymosan72","male",NA,0,NA,"300GS",150,80,1970,"APC-A","CD117",-0.213051242558072
"BM_Neu_127_031.fcs",127,"mature neutrophils","Comp-APC-Cy7-A",830,"MFI","Sternum","mouse32","rep4","5LOzymosan72","male",NA,0,NA,"300GS",150,80,1970,"APC-Cy7-A","CD14",2.41200454921118
"BM_Neu_127_031.fcs",127,"mature neutrophils","Comp-BB700-A",929,"MFI","Sternum","mouse32","rep4","5LOzymosan72","male",NA,0,NA,"300GS",150,80,1970,"BB700-A","CD16/32",2.52307546396943
"BM_Neu_127_031.fcs",127,"mature neutrophils","Comp-BUV395-A",-198,"MFI","Sternum","mouse32","rep4","5LOzymosan72","male",NA,0,NA,"300GS",150,80,1970,"BUV395-A","Sca1",-1.09058661008107
"BM_Neu_127_031.fcs",127,"mature neutrophils","Comp-BUV496-A",1553,"MFI","Sternum","mouse32","rep4","5LOzymosan72","male",NA,0,NA,"300GS",150,80,1970,"BUV496-A","MHCII",3.03277986662752
"BM_Neu_127_031.fcs",127,"mature neutrophils","Comp-BUV563-A",181,"MFI","Sternum","mouse32","rep4","5LOzymosan72","male",NA,0,NA,"300GS",150,80,1970,"BUV563-A","CD106",1.02023404361105
"BM_Neu_127_031.fcs",127,"mature neutrophils","Comp-BUV615-A",479,"MFI","Sternum","mouse32","rep4","5LOzymosan72","male",NA,0,NA,"300GS",150,80,1970,"BUV615-A","CCR5",1.87787319509866
"BM_Neu_127_031.fcs",127,"mature neutrophils","Comp-BUV661-A",2116,"MFI","Sternum","mouse32","rep4","5LOzymosan72","male",NA,0,NA,"300GS",150,80,1970,"BUV661-A","CD74",3.34104861237095
"BM_Neu_127_031.fcs",127,"mature neutrophils","Comp-BUV737-A",6082,"MFI","Sternum","mouse32","rep4","5LOzymosan72","male",NA,0,NA,"300GS",150,80,1970,"BUV737-A","Ly6G",4.39575278517717
"BM_Neu_127_031.fcs",127,"mature neutrophils","Comp-BUV805-A",12766,"MFI","Sternum","mouse32","rep4","5LOzymosan72","male",NA,0,NA,"300GS",150,80,1970,"BUV805-A","CD45",5.13708706588776
"BM_Neu_127_031.fcs",127,"mature neutrophils","Comp-BV421-A",728,"MFI","Sternum","mouse32","rep4","5LOzymosan72","male",NA,0,NA,"300GS",150,80,1970,"BV421-A","PDL1",2.28326136968089
"BM_Neu_127_031.fcs",127,"mature neutrophils","Comp-BV570-A",789,"MFI","Sternum","mouse32","rep4","5LOzymosan72","male",NA,0,NA,"300GS",150,80,1970,"BV570-A","CD44",2.3621939797587
"BM_Neu_127_031.fcs",127,"mature neutrophils","Comp-BV605-A",706,"MFI","Sternum","mouse32","rep4","5LOzymosan72","male",NA,0,NA,"300GS",150,80,1970,"BV605-A","CD115",2.2532260408132
"BM_Neu_127_031.fcs",127,"mature neutrophils","Comp-BV650-A",7794,"MFI","Sternum","mouse32","rep4","5LOzymosan72","male",NA,0,NA,"300GS",150,80,1970,"BV650-A","Ly6C",4.64371395752841
"BM_Neu_127_031.fcs",127,"mature neutrophils","Comp-BV711-A",678,"MFI","Sternum","mouse32","rep4","5LOzymosan72","male",NA,0,NA,"300GS",150,80,1970,"BV711-A","CD39",2.21367715535377
"BM_Neu_127_031.fcs",127,"mature neutrophils","Comp-BV786-A",4226,"MFI","Sternum","mouse32","rep4","5LOzymosan72","male",NA,0,NA,"300GS",150,80,1970,"BV786-A","CD11b",4.03183790184153
"BM_Neu_127_031.fcs",127,"mature neutrophils","Comp-FITC-A",-44.5,"MFI","Sternum","mouse32","rep4","5LOzymosan72","male",NA,0,NA,"300GS",150,80,1970,"FITC-A","CX3CR1",-0.292478832803497
"BM_Neu_127_031.fcs",127,"mature neutrophils","Comp-PE-A",470,"MFI","Sternum","mouse32","rep4","5LOzymosan72","male",NA,0,NA,"300GS",150,80,1970,"PE-A","DC-Trail-R1",1.85978757731632
"BM_Neu_127_031.fcs",127,"mature neutrophils","Comp-PE-Cy5-A",-499,"MFI","Sternum","mouse32","rep4","5LOzymosan72","male",NA,0,NA,"300GS",150,80,1970,"PE-Cy5-A","CD150",-1.91697905999302
"BM_Neu_127_031.fcs",127,"mature neutrophils","Comp-PE-Cy7-A",604,"MFI","Sternum","mouse32","rep4","5LOzymosan72","male",NA,0,NA,"300GS",150,80,1970,"PE-Cy7-A","CD101",2.10115995522949
"BM_Neu_127_031.fcs",127,"mature neutrophils","Comp-PE-Texas Red-A",1340,"MFI","Sternum","mouse32","rep4","5LOzymosan72","male",NA,0,NA,"300GS",150,80,1970,"PE-Texas Red-A","ICAM1",2.88605481834037
"BM_Neu_128_032.fcs",128,"mature neutrophils","Comp-APC-A",-40.9,"MFI","Calvaria","mouse32","rep4","5LOzymosan72","male",NA,0,NA,"300GS",300,80,1970,"APC-A","CD117",-0.269396278364912
"BM_Neu_128_032.fcs",128,"mature neutrophils","Comp-APC-Cy7-A",876,"MFI","Calvaria","mouse32","rep4","5LOzymosan72","male",NA,0,NA,"300GS",300,80,1970,"APC-Cy7-A","CD14",2.46512884285887
"BM_Neu_128_032.fcs",128,"mature neutrophils","Comp-BB700-A",940,"MFI","Calvaria","mouse32","rep4","5LOzymosan72","male",NA,0,NA,"300GS",300,80,1970,"BB700-A","CD16/32",2.53469782130775
"BM_Neu_128_032.fcs",128,"mature neutrophils","Comp-BUV395-A",-212,"MFI","Calvaria","mouse32","rep4","5LOzymosan72","male",NA,0,NA,"300GS",300,80,1970,"BUV395-A","Sca1",-1.1457075288483
"BM_Neu_128_032.fcs",128,"mature neutrophils","Comp-BUV496-A",1502,"MFI","Calvaria","mouse32","rep4","5LOzymosan72","male",NA,0,NA,"300GS",300,80,1970,"BUV496-A","MHCII",2.99954879159739
"BM_Neu_128_032.fcs",128,"mature neutrophils","Comp-BUV563-A",147,"MFI","Calvaria","mouse32","rep4","5LOzymosan72","male",NA,0,NA,"300GS",300,80,1970,"BUV563-A","CD106",0.867160506829665
"BM_Neu_128_032.fcs",128,"mature neutrophils","Comp-BUV615-A",446,"MFI","Calvaria","mouse32","rep4","5LOzymosan72","male",NA,0,NA,"300GS",300,80,1970,"BUV615-A","CCR5",1.80997981703499
"BM_Neu_128_032.fcs",128,"mature neutrophils","Comp-BUV661-A",2106,"MFI","Calvaria","mouse32","rep4","5LOzymosan72","male",NA,0,NA,"300GS",300,80,1970,"BUV661-A","CD74",3.33632342593027
"BM_Neu_128_032.fcs",128,"mature neutrophils","Comp-BUV737-A",5981,"MFI","Calvaria","mouse32","rep4","5LOzymosan72","male",NA,0,NA,"300GS",300,80,1970,"BUV737-A","Ly6G",4.37901215073632
"BM_Neu_128_032.fcs",128,"mature neutrophils","Comp-BUV805-A",13208,"MFI","Calvaria","mouse32","rep4","5LOzymosan72","male",NA,0,NA,"300GS",300,80,1970,"BUV805-A","CD45",5.17112211446667
"BM_Neu_128_032.fcs",128,"mature neutrophils","Comp-BV421-A",720,"MFI","Calvaria","mouse32","rep4","5LOzymosan72","male",NA,0,NA,"300GS",300,80,1970,"BV421-A","PDL1",2.2724413273866
"BM_Neu_128_032.fcs",128,"mature neutrophils","Comp-BV570-A",786,"MFI","Calvaria","mouse32","rep4","5LOzymosan72","male",NA,0,NA,"300GS",300,80,1970,"BV570-A","CD44",2.35845173346293
"BM_Neu_128_032.fcs",128,"mature neutrophils","Comp-BV605-A",700,"MFI","Calvaria","mouse32","rep4","5LOzymosan72","male",NA,0,NA,"300GS",300,80,1970,"BV605-A","CD115",2.24487903734133
"BM_Neu_128_032.fcs",128,"mature neutrophils","Comp-BV650-A",7713,"MFI","Calvaria","mouse32","rep4","5LOzymosan72","male",NA,0,NA,"300GS",300,80,1970,"BV650-A","Ly6C",4.63326892211009
"BM_Neu_128_032.fcs",128,"mature neutrophils","Comp-BV711-A",734,"MFI","Calvaria","mouse32","rep4","5LOzymosan72","male",NA,0,NA,"300GS",300,80,1970,"BV711-A","CD39",2.29130181396408
"BM_Neu_128_032.fcs",128,"mature neutrophils","Comp-BV786-A",4247,"MFI","Calvaria","mouse32","rep4","5LOzymosan72","male",NA,0,NA,"300GS",300,80,1970,"BV786-A","CD11b",4.03679172979509
"BM_Neu_128_032.fcs",128,"mature neutrophils","Comp-FITC-A",-49.8,"MFI","Calvaria","mouse32","rep4","5LOzymosan72","male",NA,0,NA,"300GS",300,80,1970,"FITC-A","CX3CR1",-0.326184986427348
"BM_Neu_128_032.fcs",128,"mature neutrophils","Comp-PE-A",527,"MFI","Calvaria","mouse32","rep4","5LOzymosan72","male",NA,0,NA,"300GS",300,80,1970,"PE-A","DC-Trail-R1",1.96937698403905
"BM_Neu_128_032.fcs",128,"mature neutrophils","Comp-PE-Cy5-A",-511,"MFI","Calvaria","mouse32","rep4","5LOzymosan72","male",NA,0,NA,"300GS",300,80,1970,"PE-Cy5-A","CD150",-1.93975869105134
"BM_Neu_128_032.fcs",128,"mature neutrophils","Comp-PE-Cy7-A",690,"MFI","Calvaria","mouse32","rep4","5LOzymosan72","male",NA,0,NA,"300GS",300,80,1970,"PE-Cy7-A","CD101",2.23081417900093
"BM_Neu_128_032.fcs",128,"mature neutrophils","Comp-PE-Texas Red-A",1408,"MFI","Calvaria","mouse32","rep4","5LOzymosan72","male",NA,0,NA,"300GS",300,80,1970,"PE-Texas Red-A","ICAM1",2.93526280082169
"BM_Neu_129_033.fcs",129,"mature neutrophils","Comp-APC-A",-75.1,"MFI","Femur","mouse33","rep1","15LOzymosan72","male",NA,0,NA,"300GS",450,50,1970,"APC-A","CD117",-0.481808030334844
"BM_Neu_129_033.fcs",129,"mature neutrophils","Comp-APC-Cy7-A",809,"MFI","Femur","mouse33","rep1","15LOzymosan72","male",NA,0,NA,"300GS",450,50,1970,"APC-Cy7-A","CD14",2.38679666882323
"BM_Neu_129_033.fcs",129,"mature neutrophils","Comp-BB700-A",883,"MFI","Femur","mouse33","rep1","15LOzymosan72","male",NA,0,NA,"300GS",450,50,1970,"BB700-A","CD16/32",2.47297465879679
"BM_Neu_129_033.fcs",129,"mature neutrophils","Comp-BUV395-A",-184,"MFI","Femur","mouse33","rep1","15LOzymosan72","male",NA,0,NA,"300GS",450,50,1970,"BUV395-A","Sca1",-1.03293341257723
"BM_Neu_129_033.fcs",129,"mature neutrophils","Comp-BUV496-A",1583,"MFI","Femur","mouse33","rep1","15LOzymosan72","male",NA,0,NA,"300GS",450,50,1970,"BUV496-A","MHCII",3.0518261380809
"BM_Neu_129_033.fcs",129,"mature neutrophils","Comp-BUV563-A",212,"MFI","Femur","mouse33","rep1","15LOzymosan72","male",NA,0,NA,"300GS",450,50,1970,"BUV563-A","CD106",1.1457075288483
"BM_Neu_129_033.fcs",129,"mature neutrophils","Comp-BUV615-A",560,"MFI","Femur","mouse33","rep1","15LOzymosan72","male",NA,0,NA,"300GS",450,50,1970,"BUV615-A","CCR5",2.02792131068924
"BM_Neu_129_033.fcs",129,"mature neutrophils","Comp-BUV661-A",2636,"MFI","Femur","mouse33","rep1","15LOzymosan72","male",NA,0,NA,"300GS",450,50,1970,"BUV661-A","CD74",3.56033832855017
"BM_Neu_129_033.fcs",129,"mature neutrophils","Comp-BUV737-A",5208,"MFI","Femur","mouse33","rep1","15LOzymosan72","male",NA,0,NA,"300GS",450,50,1970,"BUV737-A","Ly6G",4.24067039241267
"BM_Neu_129_033.fcs",129,"mature neutrophils","Comp-BUV805-A",15217,"MFI","Femur","mouse33","rep1","15LOzymosan72","male",NA,0,NA,"300GS",450,50,1970,"BUV805-A","CD45",5.31270468056431
"BM_Neu_129_033.fcs",129,"mature neutrophils","Comp-BV421-A",891,"MFI","Femur","mouse33","rep1","15LOzymosan72","male",NA,0,NA,"300GS",450,50,1970,"BV421-A","PDL1",2.48186761753991
"BM_Neu_129_033.fcs",129,"mature neutrophils","Comp-BV570-A",946,"MFI","Femur","mouse33","rep1","15LOzymosan72","male",NA,0,NA,"300GS",450,50,1970,"BV570-A","CD44",2.54098151459615
"BM_Neu_129_033.fcs",129,"mature neutrophils","Comp-BV605-A",933,"MFI","Femur","mouse33","rep1","15LOzymosan72","male",NA,0,NA,"300GS",450,50,1970,"BV605-A","CD115",2.52731722301614
"BM_Neu_129_033.fcs",129,"mature neutrophils","Comp-BV650-A",9021,"MFI","Femur","mouse33","rep1","15LOzymosan72","male",NA,0,NA,"300GS",450,50,1970,"BV650-A","Ly6C",4.78989147245587
"BM_Neu_129_033.fcs",129,"mature neutrophils","Comp-BV711-A",760,"MFI","Femur","mouse33","rep1","15LOzymosan72","male",NA,0,NA,"300GS",450,50,1970,"BV711-A","CD39",2.32542963555584
"BM_Neu_129_033.fcs",129,"mature neutrophils","Comp-BV786-A",5012,"MFI","Femur","mouse33","rep1","15LOzymosan72","male",NA,0,NA,"300GS",450,50,1970,"BV786-A","CD11b",4.2023260511798
"BM_Neu_129_033.fcs",129,"mature neutrophils","Comp-FITC-A",-48.4,"MFI","Femur","mouse33","rep1","15LOzymosan72","male",NA,0,NA,"300GS",450,50,1970,"FITC-A","CX3CR1",-0.317314792790092
"BM_Neu_129_033.fcs",129,"mature neutrophils","Comp-PE-A",483,"MFI","Femur","mouse33","rep1","15LOzymosan72","male",NA,0,NA,"300GS",450,50,1970,"PE-A","DC-Trail-R1",1.88581216171741
"BM_Neu_129_033.fcs",129,"mature neutrophils","Comp-PE-Cy5-A",-542,"MFI","Femur","mouse33","rep1","15LOzymosan72","male",NA,0,NA,"300GS",450,50,1970,"PE-Cy5-A","CD150",-1.99639822817604
"BM_Neu_129_033.fcs",129,"mature neutrophils","Comp-PE-Cy7-A",621,"MFI","Femur","mouse33","rep1","15LOzymosan72","male",NA,0,NA,"300GS",450,50,1970,"PE-Cy7-A","CD101",2.12811990547602
"BM_Neu_129_033.fcs",129,"mature neutrophils","Comp-PE-Texas Red-A",1546,"MFI","Femur","mouse33","rep1","15LOzymosan72","male",NA,0,NA,"300GS",450,50,1970,"PE-Texas Red-A","ICAM1",3.0282832930184
"BM_Neu_130_034.fcs",130,"mature neutrophils","Comp-APC-A",-57.6,"MFI","Lumbar","mouse33","rep1","15LOzymosan72","male",NA,0,NA,"300GS",450,40,1970,"APC-A","CD117",-0.375139037219711
"BM_Neu_130_034.fcs",130,"mature neutrophils","Comp-APC-Cy7-A",855,"MFI","Lumbar","mouse33","rep1","15LOzymosan72","male",NA,0,NA,"300GS",450,40,1970,"APC-Cy7-A","CD14",2.44122070725561
"BM_Neu_130_034.fcs",130,"mature neutrophils","Comp-BB700-A",887,"MFI","Lumbar","mouse33","rep1","15LOzymosan72","male",NA,0,NA,"300GS",450,40,1970,"BB700-A","CD16/32",2.47743088533171
"BM_Neu_130_034.fcs",130,"mature neutrophils","Comp-BUV395-A",-207,"MFI","Lumbar","mouse33","rep1","15LOzymosan72","male",NA,0,NA,"300GS",450,40,1970,"BUV395-A","Sca1",-1.12630204157766
"BM_Neu_130_034.fcs",130,"mature neutrophils","Comp-BUV496-A",1578,"MFI","Lumbar","mouse33","rep1","15LOzymosan72","male",NA,0,NA,"300GS",450,40,1970,"BUV496-A","MHCII",3.04867673165598
"BM_Neu_130_034.fcs",130,"mature neutrophils","Comp-BUV563-A",197,"MFI","Lumbar","mouse33","rep1","15LOzymosan72","male",NA,0,NA,"300GS",450,40,1970,"BUV563-A","CD106",1.08655442330519
"BM_Neu_130_034.fcs",130,"mature neutrophils","Comp-BUV615-A",518,"MFI","Lumbar","mouse33","rep1","15LOzymosan72","male",NA,0,NA,"300GS",450,40,1970,"BUV615-A","CCR5",1.95282050584403
"BM_Neu_130_034.fcs",130,"mature neutrophils","Comp-BUV661-A",2381,"MFI","Lumbar","mouse33","rep1","15LOzymosan72","male",NA,0,NA,"300GS",450,40,1970,"BUV661-A","CD74",3.45877846978738
"BM_Neu_130_034.fcs",130,"mature neutrophils","Comp-BUV737-A",5746,"MFI","Lumbar","mouse33","rep1","15LOzymosan72","male",NA,0,NA,"300GS",450,40,1970,"BUV737-A","Ly6G",4.33894145175908
"BM_Neu_130_034.fcs",130,"mature neutrophils","Comp-BUV805-A",14352,"MFI","Lumbar","mouse33","rep1","15LOzymosan72","male",NA,0,NA,"300GS",450,40,1970,"BUV805-A","CD45",5.25418377813298
"BM_Neu_130_034.fcs",130,"mature neutrophils","Comp-BV421-A",859,"MFI","Lumbar","mouse33","rep1","15LOzymosan72","male",NA,0,NA,"300GS",450,40,1970,"BV421-A","PDL1",2.44581826732719
"BM_Neu_130_034.fcs",130,"mature neutrophils","Comp-BV570-A",833,"MFI","Lumbar","mouse33","rep1","15LOzymosan72","male",NA,0,NA,"300GS",450,40,1970,"BV570-A","CD44",2.41555517870076
"BM_Neu_130_034.fcs",130,"mature neutrophils","Comp-BV605-A",767,"MFI","Lumbar","mouse33","rep1","15LOzymosan72","male",NA,0,NA,"300GS",450,40,1970,"BV605-A","CD115",2.33442602050424
"BM_Neu_130_034.fcs",130,"mature neutrophils","Comp-BV650-A",8354,"MFI","Lumbar","mouse33","rep1","15LOzymosan72","male",NA,0,NA,"300GS",450,40,1970,"BV650-A","Ly6C",4.7130882215077
"BM_Neu_130_034.fcs",130,"mature neutrophils","Comp-BV711-A",708,"MFI","Lumbar","mouse33","rep1","15LOzymosan72","male",NA,0,NA,"300GS",450,40,1970,"BV711-A","CD39",2.25599330021149
"BM_Neu_130_034.fcs",130,"mature neutrophils","Comp-BV786-A",4777,"MFI","Lumbar","mouse33","rep1","15LOzymosan72","male",NA,0,NA,"300GS",450,40,1970,"BV786-A","CD11b",4.15432630599275
"BM_Neu_130_034.fcs",130,"mature neutrophils","Comp-FITC-A",-47.2,"MFI","Lumbar","mouse33","rep1","15LOzymosan72","male",NA,0,NA,"300GS",450,40,1970,"FITC-A","CX3CR1",-0.309692468432477
"BM_Neu_130_034.fcs",130,"mature neutrophils","Comp-PE-A",494,"MFI","Lumbar","mouse33","rep1","15LOzymosan72","male",NA,0,NA,"300GS",450,40,1970,"PE-A","DC-Trail-R1",1.90733884060991
"BM_Neu_130_034.fcs",130,"mature neutrophils","Comp-PE-Cy5-A",-518,"MFI","Lumbar","mouse33","rep1","15LOzymosan72","male",NA,0,NA,"300GS",450,40,1970,"PE-Cy5-A","CD150",-1.95282050584403
"BM_Neu_130_034.fcs",130,"mature neutrophils","Comp-PE-Cy7-A",648,"MFI","Lumbar","mouse33","rep1","15LOzymosan72","male",NA,0,NA,"300GS",450,40,1970,"PE-Cy7-A","CD101",2.16953706760474
"BM_Neu_130_034.fcs",130,"mature neutrophils","Comp-PE-Texas Red-A",1443,"MFI","Lumbar","mouse33","rep1","15LOzymosan72","male",NA,0,NA,"300GS",450,40,1970,"PE-Texas Red-A","ICAM1",2.95968197012375
"BM_Neu_131_035.fcs",131,"mature neutrophils","Comp-APC-A",-71.6,"MFI","Sternum","mouse33","rep1","15LOzymosan72","male",NA,0,NA,"300GS",150,80,1970,"APC-A","CD117",-0.460846809252281
"BM_Neu_131_035.fcs",131,"mature neutrophils","Comp-APC-Cy7-A",866,"MFI","Sternum","mouse33","rep1","15LOzymosan72","male",NA,0,NA,"300GS",150,80,1970,"APC-Cy7-A","CD14",2.45381422954135
"BM_Neu_131_035.fcs",131,"mature neutrophils","Comp-BB700-A",860,"MFI","Sternum","mouse33","rep1","15LOzymosan72","male",NA,0,NA,"300GS",150,80,1970,"BB700-A","CD16/32",2.44696441129708
"BM_Neu_131_035.fcs",131,"mature neutrophils","Comp-BUV395-A",-201,"MFI","Sternum","mouse33","rep1","15LOzymosan72","male",NA,0,NA,"300GS",150,80,1970,"BUV395-A","Sca1",-1.10260589847628
"BM_Neu_131_035.fcs",131,"mature neutrophils","Comp-BUV496-A",1622,"MFI","Sternum","mouse33","rep1","15LOzymosan72","male",NA,0,NA,"300GS",150,80,1970,"BUV496-A","MHCII",3.0760583611762
"BM_Neu_131_035.fcs",131,"mature neutrophils","Comp-BUV563-A",211,"MFI","Sternum","mouse33","rep1","15LOzymosan72","male",NA,0,NA,"300GS",150,80,1970,"BUV563-A","CD106",1.14185086803348
"BM_Neu_131_035.fcs",131,"mature neutrophils","Comp-BUV615-A",554,"MFI","Sternum","mouse33","rep1","15LOzymosan72","male",NA,0,NA,"300GS",150,80,1970,"BUV615-A","CCR5",2.01751980072859
"BM_Neu_131_035.fcs",131,"mature neutrophils","Comp-BUV661-A",2477,"MFI","Sternum","mouse33","rep1","15LOzymosan72","male",NA,0,NA,"300GS",150,80,1970,"BUV661-A","CD74",3.49823084911971
"BM_Neu_131_035.fcs",131,"mature neutrophils","Comp-BUV737-A",6134,"MFI","Sternum","mouse33","rep1","15LOzymosan72","male",NA,0,NA,"300GS",150,80,1970,"BUV737-A","Ly6G",4.4042636954872
"BM_Neu_131_035.fcs",131,"mature neutrophils","Comp-BUV805-A",14610,"MFI","Sternum","mouse33","rep1","15LOzymosan72","male",NA,0,NA,"300GS",150,80,1970,"BUV805-A","CD45",5.27199974268337
"BM_Neu_131_035.fcs",131,"mature neutrophils","Comp-BV421-A",931,"MFI","Sternum","mouse33","rep1","15LOzymosan72","male",NA,0,NA,"300GS",150,80,1970,"BV421-A","PDL1",2.52519856392093
"BM_Neu_131_035.fcs",131,"mature neutrophils","Comp-BV570-A",842,"MFI","Sternum","mouse33","rep1","15LOzymosan72","male",NA,0,NA,"300GS",150,80,1970,"BV570-A","CD44",2.4261332187538
"BM_Neu_131_035.fcs",131,"mature neutrophils","Comp-BV605-A",775,"MFI","Sternum","mouse33","rep1","15LOzymosan72","male",NA,0,NA,"300GS",150,80,1970,"BV605-A","CD115",2.34461127111722
"BM_Neu_131_035.fcs",131,"mature neutrophils","Comp-BV650-A",8584,"MFI","Sternum","mouse33","rep1","15LOzymosan72","male",NA,0,NA,"300GS",150,80,1970,"BV650-A","Ly6C",4.74024350044416
"BM_Neu_131_035.fcs",131,"mature neutrophils","Comp-BV711-A",722,"MFI","Sternum","mouse33","rep1","15LOzymosan72","male",NA,0,NA,"300GS",150,80,1970,"BV711-A","CD39",2.27515710389419
"BM_Neu_131_035.fcs",131,"mature neutrophils","Comp-BV786-A",4942,"MFI","Sternum","mouse33","rep1","15LOzymosan72","male",NA,0,NA,"300GS",150,80,1970,"BV786-A","CD11b",4.1882675057408
"BM_Neu_131_035.fcs",131,"mature neutrophils","Comp-FITC-A",-46.8,"MFI","Sternum","mouse33","rep1","15LOzymosan72","male",NA,0,NA,"300GS",150,80,1970,"FITC-A","CX3CR1",-0.307147793445628
"BM_Neu_131_035.fcs",131,"mature neutrophils","Comp-PE-A",484,"MFI","Sternum","mouse33","rep1","15LOzymosan72","male",NA,0,NA,"300GS",150,80,1970,"PE-A","DC-Trail-R1",1.8877875357102
"BM_Neu_131_035.fcs",131,"mature neutrophils","Comp-PE-Cy5-A",-523,"MFI","Sternum","mouse33","rep1","15LOzymosan72","male",NA,0,NA,"300GS",150,80,1970,"PE-Cy5-A","CD150",-1.9620510582398
"BM_Neu_131_035.fcs",131,"mature neutrophils","Comp-PE-Cy7-A",687,"MFI","Sternum","mouse33","rep1","15LOzymosan72","male",NA,0,NA,"300GS",150,80,1970,"PE-Cy7-A","CD101",2.22655674292944
"BM_Neu_131_035.fcs",131,"mature neutrophils","Comp-PE-Texas Red-A",1456,"MFI","Sternum","mouse33","rep1","15LOzymosan72","male",NA,0,NA,"300GS",150,80,1970,"PE-Texas Red-A","ICAM1",2.9686029983947
"BM_Neu_132_036.fcs",132,"mature neutrophils","Comp-APC-A",-113,"MFI","Calvaria","mouse33","rep1","15LOzymosan72","male",NA,0,NA,"300GS",300,80,1970,"APC-A","CD117",-0.695811714150658
"BM_Neu_132_036.fcs",132,"mature neutrophils","Comp-APC-Cy7-A",970,"MFI","Calvaria","mouse33","rep1","15LOzymosan72","male",NA,0,NA,"300GS",300,80,1970,"APC-Cy7-A","CD14",2.56573336738663
"BM_Neu_132_036.fcs",132,"mature neutrophils","Comp-BB700-A",912,"MFI","Calvaria","mouse33","rep1","15LOzymosan72","male",NA,0,NA,"300GS",300,80,1970,"BB700-A","CD16/32",2.50484718263918
"BM_Neu_132_036.fcs",132,"mature neutrophils","Comp-BUV395-A",-233,"MFI","Calvaria","mouse33","rep1","15LOzymosan72","male",NA,0,NA,"300GS",300,80,1970,"BUV395-A","Sca1",-1.22398772689925
"BM_Neu_132_036.fcs",132,"mature neutrophils","Comp-BUV496-A",1765,"MFI","Calvaria","mouse33","rep1","15LOzymosan72","male",NA,0,NA,"300GS",300,80,1970,"BUV496-A","MHCII",3.16021863288187
"BM_Neu_132_036.fcs",132,"mature neutrophils","Comp-BUV563-A",233,"MFI","Calvaria","mouse33","rep1","15LOzymosan72","male",NA,0,NA,"300GS",300,80,1970,"BUV563-A","CD106",1.22398772689925
"BM_Neu_132_036.fcs",132,"mature neutrophils","Comp-BUV615-A",657,"MFI","Calvaria","mouse33","rep1","15LOzymosan72","male",NA,0,NA,"300GS",300,80,1970,"BUV615-A","CCR5",2.18297973273572
"BM_Neu_132_036.fcs",132,"mature neutrophils","Comp-BUV661-A",3065,"MFI","Calvaria","mouse33","rep1","15LOzymosan72","male",NA,0,NA,"300GS",300,80,1970,"BUV661-A","CD74",3.71091296987437
"BM_Neu_132_036.fcs",132,"mature neutrophils","Comp-BUV737-A",6718,"MFI","Calvaria","mouse33","rep1","15LOzymosan72","male",NA,0,NA,"300GS",300,80,1970,"BUV737-A","Ly6G",4.49518226906154
"BM_Neu_132_036.fcs",132,"mature neutrophils","Comp-BUV805-A",17411,"MFI","Calvaria","mouse33","rep1","15LOzymosan72","male",NA,0,NA,"300GS",300,80,1970,"BUV805-A","CD45",5.44738791091785
"BM_Neu_132_036.fcs",132,"mature neutrophils","Comp-BV421-A",1045,"MFI","Calvaria","mouse33","rep1","15LOzymosan72","male",NA,0,NA,"300GS",300,80,1970,"BV421-A","PDL1",2.63939568242409
"BM_Neu_132_036.fcs",132,"mature neutrophils","Comp-BV570-A",1006,"MFI","Calvaria","mouse33","rep1","15LOzymosan72","male",NA,0,NA,"300GS",300,80,1970,"BV570-A","CD44",2.60176156516815
"BM_Neu_132_036.fcs",132,"mature neutrophils","Comp-BV605-A",959,"MFI","Calvaria","mouse33","rep1","15LOzymosan72","male",NA,0,NA,"300GS",300,80,1970,"BV605-A","CD115",2.55446385036633
"BM_Neu_132_036.fcs",132,"mature neutrophils","Comp-BV650-A",10044,"MFI","Calvaria","mouse33","rep1","15LOzymosan72","male",NA,0,NA,"300GS",300,80,1970,"BV650-A","Ly6C",4.89729836032621
"BM_Neu_132_036.fcs",132,"mature neutrophils","Comp-BV711-A",781,"MFI","Calvaria","mouse33","rep1","15LOzymosan72","male",NA,0,NA,"300GS",300,80,1970,"BV711-A","CD39",2.35218392474588
"BM_Neu_132_036.fcs",132,"mature neutrophils","Comp-BV786-A",5916,"MFI","Calvaria","mouse33","rep1","15LOzymosan72","male",NA,0,NA,"300GS",300,80,1970,"BV786-A","CD11b",4.36808839018302
"BM_Neu_132_036.fcs",132,"mature neutrophils","Comp-FITC-A",-54.4,"MFI","Calvaria","mouse33","rep1","15LOzymosan72","male",NA,0,NA,"300GS",300,80,1970,"FITC-A","CX3CR1",-0.355153295467303
"BM_Neu_132_036.fcs",132,"mature neutrophils","Comp-PE-A",563,"MFI","Calvaria","mouse33","rep1","15LOzymosan72","male",NA,0,NA,"300GS",300,80,1970,"PE-A","DC-Trail-R1",2.03308314084585
"BM_Neu_132_036.fcs",132,"mature neutrophils","Comp-PE-Cy5-A",-590,"MFI","Calvaria","mouse33","rep1","15LOzymosan72","male",NA,0,NA,"300GS",300,80,1970,"PE-Cy5-A","CD150",-2.07841539054094
"BM_Neu_132_036.fcs",132,"mature neutrophils","Comp-PE-Cy7-A",732,"MFI","Calvaria","mouse33","rep1","15LOzymosan72","male",NA,0,NA,"300GS",300,80,1970,"PE-Cy7-A","CD101",2.28862869640576
"BM_Neu_132_036.fcs",132,"mature neutrophils","Comp-PE-Texas Red-A",1746,"MFI","Calvaria","mouse33","rep1","15LOzymosan72","male",NA,0,NA,"300GS",300,80,1970,"PE-Texas Red-A","ICAM1",3.14943469685034
"BM_Neu_133_037.fcs",133,"mature neutrophils","Comp-APC-A",-68,"MFI","Femur","mouse34","rep2","15LOzymosan72","male",NA,0,NA,"300GS",450,50,1970,"APC-A","CD117",-0.439087509008793
"BM_Neu_133_037.fcs",133,"mature neutrophils","Comp-APC-Cy7-A",843,"MFI","Femur","mouse34","rep2","15LOzymosan72","male",NA,0,NA,"300GS",450,50,1970,"APC-Cy7-A","CD14",2.42730178591253
"BM_Neu_133_037.fcs",133,"mature neutrophils","Comp-BB700-A",987,"MFI","Femur","mouse34","rep2","15LOzymosan72","male",NA,0,NA,"300GS",450,50,1970,"BB700-A","CD16/32",2.58290669892071
"BM_Neu_133_037.fcs",133,"mature neutrophils","Comp-BUV395-A",-150,"MFI","Femur","mouse34","rep2","15LOzymosan72","male",NA,0,NA,"300GS",450,50,1970,"BUV395-A","Sca1",-0.881373587019543
"BM_Neu_133_037.fcs",133,"mature neutrophils","Comp-BUV496-A",1666,"MFI","Femur","mouse34","rep2","15LOzymosan72","male",NA,0,NA,"300GS",450,50,1970,"BUV496-A","MHCII",3.10271319697314
"BM_Neu_133_037.fcs",133,"mature neutrophils","Comp-BUV563-A",212,"MFI","Femur","mouse34","rep2","15LOzymosan72","male",NA,0,NA,"300GS",450,50,1970,"BUV563-A","CD106",1.1457075288483
"BM_Neu_133_037.fcs",133,"mature neutrophils","Comp-BUV615-A",567,"MFI","Femur","mouse34","rep2","15LOzymosan72","male",NA,0,NA,"300GS",450,50,1970,"BUV615-A","CCR5",2.03992577218952
"BM_Neu_133_037.fcs",133,"mature neutrophils","Comp-BUV661-A",2582,"MFI","Femur","mouse34","rep2","15LOzymosan72","male",NA,0,NA,"300GS",450,50,1970,"BUV661-A","CD74",3.53967413475915
"BM_Neu_133_037.fcs",133,"mature neutrophils","Comp-BUV737-A",6254,"MFI","Femur","mouse34","rep2","15LOzymosan72","male",NA,0,NA,"300GS",450,50,1970,"BUV737-A","Ly6G",4.42363220932368
"BM_Neu_133_037.fcs",133,"mature neutrophils","Comp-BUV805-A",12361,"MFI","Femur","mouse34","rep2","15LOzymosan72","male",NA,0,NA,"300GS",450,50,1970,"BUV805-A","CD45",5.10485033251422
"BM_Neu_133_037.fcs",133,"mature neutrophils","Comp-BV421-A",601,"MFI","Femur","mouse34","rep2","15LOzymosan72","male",NA,0,NA,"300GS",450,50,1970,"BV421-A","PDL1",2.0963281845512
"BM_Neu_133_037.fcs",133,"mature neutrophils","Comp-BV570-A",789,"MFI","Femur","mouse34","rep2","15LOzymosan72","male",NA,0,NA,"300GS",450,50,1970,"BV570-A","CD44",2.3621939797587
"BM_Neu_133_037.fcs",133,"mature neutrophils","Comp-BV605-A",704,"MFI","Femur","mouse34","rep2","15LOzymosan72","male",NA,0,NA,"300GS",450,50,1970,"BV605-A","CD115",2.25045127055567
"BM_Neu_133_037.fcs",133,"mature neutrophils","Comp-BV650-A",8890,"MFI","Femur","mouse34","rep2","15LOzymosan72","male",NA,0,NA,"300GS",450,50,1970,"BV650-A","Ly6C",4.77526538098605
"BM_Neu_133_037.fcs",133,"mature neutrophils","Comp-BV711-A",622,"MFI","Femur","mouse34","rep2","15LOzymosan72","male",NA,0,NA,"300GS",450,50,1970,"BV711-A","CD39",2.12968400610516
"BM_Neu_133_037.fcs",133,"mature neutrophils","Comp-BV786-A",3527,"MFI","Femur","mouse34","rep2","15LOzymosan72","male",NA,0,NA,"300GS",450,50,1970,"BV786-A","CD11b",3.85116669057563
"BM_Neu_133_037.fcs",133,"mature neutrophils","Comp-FITC-A",-40.7,"MFI","Femur","mouse34","rep2","15LOzymosan72","male",NA,0,NA,"300GS",450,50,1970,"FITC-A","CX3CR1",-0.268109689444367
"BM_Neu_133_037.fcs",133,"mature neutrophils","Comp-PE-A",427,"MFI","Femur","mouse34","rep2","15LOzymosan72","male",NA,0,NA,"300GS",450,50,1970,"PE-A","DC-Trail-R1",1.76880965828877
"BM_Neu_133_037.fcs",133,"mature neutrophils","Comp-PE-Cy5-A",-503,"MFI","Femur","mouse34","rep2","15LOzymosan72","male",NA,0,NA,"300GS",450,50,1970,"PE-Cy5-A","CD150",-1.9246276677217
"BM_Neu_133_037.fcs",133,"mature neutrophils","Comp-PE-Cy7-A",468,"MFI","Femur","mouse34","rep2","15LOzymosan72","male",NA,0,NA,"300GS",450,50,1970,"PE-Cy7-A","CD101",1.85572586122409
"BM_Neu_133_037.fcs",133,"mature neutrophils","Comp-PE-Texas Red-A",1365,"MFI","Femur","mouse34","rep2","15LOzymosan72","male",NA,0,NA,"300GS",450,50,1970,"PE-Texas Red-A","ICAM1",2.90442697297148
"BM_Neu_134_038.fcs",134,"mature neutrophils","Comp-APC-A",-78.9,"MFI","Lumbar","mouse34","rep2","15LOzymosan72","male",NA,0,NA,"300GS",450,40,1970,"APC-A","CD117",-0.504345199466728
"BM_Neu_134_038.fcs",134,"mature neutrophils","Comp-APC-Cy7-A",772,"MFI","Lumbar","mouse34","rep2","15LOzymosan72","male",NA,0,NA,"300GS",450,40,1970,"APC-Cy7-A","CD14",2.34080372554803
"BM_Neu_134_038.fcs",134,"mature neutrophils","Comp-BB700-A",974,"MFI","Lumbar","mouse34","rep2","15LOzymosan72","male",NA,0,NA,"300GS",450,40,1970,"BB700-A","CD16/32",2.56980045536468
"BM_Neu_134_038.fcs",134,"mature neutrophils","Comp-BUV395-A",-153,"MFI","Lumbar","mouse34","rep2","15LOzymosan72","male",NA,0,NA,"300GS",450,40,1970,"BUV395-A","Sca1",-0.895445249389719
"BM_Neu_134_038.fcs",134,"mature neutrophils","Comp-BUV496-A",1662,"MFI","Lumbar","mouse34","rep2","15LOzymosan72","male",NA,0,NA,"300GS",450,40,1970,"BUV496-A","MHCII",3.1003190573718
"BM_Neu_134_038.fcs",134,"mature neutrophils","Comp-BUV563-A",201,"MFI","Lumbar","mouse34","rep2","15LOzymosan72","male",NA,0,NA,"300GS",450,40,1970,"BUV563-A","CD106",1.10260589847628
"BM_Neu_134_038.fcs",134,"mature neutrophils","Comp-BUV615-A",572,"MFI","Lumbar","mouse34","rep2","15LOzymosan72","male",NA,0,NA,"300GS",450,40,1970,"BUV615-A","CCR5",2.04841589309061
"BM_Neu_134_038.fcs",134,"mature neutrophils","Comp-BUV661-A",2594,"MFI","Lumbar","mouse34","rep2","15LOzymosan72","male",NA,0,NA,"300GS",450,40,1970,"BUV661-A","CD74",3.54430315944439
"BM_Neu_134_038.fcs",134,"mature neutrophils","Comp-BUV737-A",6144,"MFI","Lumbar","mouse34","rep2","15LOzymosan72","male",NA,0,NA,"300GS",450,40,1970,"BUV737-A","Ly6G",4.40589213960747
"BM_Neu_134_038.fcs",134,"mature neutrophils","Comp-BUV805-A",12056,"MFI","Lumbar","mouse34","rep2","15LOzymosan72","male",NA,0,NA,"300GS",450,40,1970,"BUV805-A","CD45",5.07986832497659
"BM_Neu_134_038.fcs",134,"mature neutrophils","Comp-BV421-A",577,"MFI","Lumbar","mouse34","rep2","15LOzymosan72","male",NA,0,NA,"300GS",450,40,1970,"BV421-A","PDL1",2.05683685710677
"BM_Neu_134_038.fcs",134,"mature neutrophils","Comp-BV570-A",792,"MFI","Lumbar","mouse34","rep2","15LOzymosan72","male",NA,0,NA,"300GS",450,40,1970,"BV570-A","CD44",2.36592251845213
"BM_Neu_134_038.fcs",134,"mature neutrophils","Comp-BV605-A",709,"MFI","Lumbar","mouse34","rep2","15LOzymosan72","male",NA,0,NA,"300GS",450,40,1970,"BV605-A","CD115",2.25737412573907
"BM_Neu_134_038.fcs",134,"mature neutrophils","Comp-BV650-A",8917,"MFI","Lumbar","mouse34","rep2","15LOzymosan72","male",NA,0,NA,"300GS",450,40,1970,"BV650-A","Ly6C",4.77829746834052
"BM_Neu_134_038.fcs",134,"mature neutrophils","Comp-BV711-A",580,"MFI","Lumbar","mouse34","rep2","15LOzymosan72","male",NA,0,NA,"300GS",450,40,1970,"BV711-A","CD39",2.06185669052461
"BM_Neu_134_038.fcs",134,"mature neutrophils","Comp-BV786-A",3236,"MFI","Lumbar","mouse34","rep2","15LOzymosan72","male",NA,0,NA,"300GS",450,40,1970,"BV786-A","CD11b",3.7651418946136
"BM_Neu_134_038.fcs",134,"mature neutrophils","Comp-FITC-A",-41.2,"MFI","Lumbar","mouse34","rep2","15LOzymosan72","male",NA,0,NA,"300GS",450,40,1970,"FITC-A","CX3CR1",-0.271325345025326
"BM_Neu_134_038.fcs",134,"mature neutrophils","Comp-PE-A",435,"MFI","Lumbar","mouse34","rep2","15LOzymosan72","male",NA,0,NA,"300GS",450,40,1970,"PE-A","DC-Trail-R1",1.7863401998169
"BM_Neu_134_038.fcs",134,"mature neutrophils","Comp-PE-Cy5-A",-499,"MFI","Lumbar","mouse34","rep2","15LOzymosan72","male",NA,0,NA,"300GS",450,40,1970,"PE-Cy5-A","CD150",-1.91697905999302
"BM_Neu_134_038.fcs",134,"mature neutrophils","Comp-PE-Cy7-A",487,"MFI","Lumbar","mouse34","rep2","15LOzymosan72","male",NA,0,NA,"300GS",450,40,1970,"PE-Cy7-A","CD101",1.89369138975365
"BM_Neu_134_038.fcs",134,"mature neutrophils","Comp-PE-Texas Red-A",1363,"MFI","Lumbar","mouse34","rep2","15LOzymosan72","male",NA,0,NA,"300GS",450,40,1970,"PE-Texas Red-A","ICAM1",2.90296948368047
"BM_Neu_135_039.fcs",135,"mature neutrophils","Comp-APC-A",-56.5,"MFI","Sternum","mouse34","rep2","15LOzymosan72","male",NA,0,NA,"300GS",150,80,1970,"APC-A","CD117",-0.368284724913338
"BM_Neu_135_039.fcs",135,"mature neutrophils","Comp-APC-Cy7-A",827,"MFI","Sternum","mouse34","rep2","15LOzymosan72","male",NA,0,NA,"300GS",150,80,1970,"APC-Cy7-A","CD14",2.40844147020924
"BM_Neu_135_039.fcs",135,"mature neutrophils","Comp-BB700-A",908,"MFI","Sternum","mouse34","rep2","15LOzymosan72","male",NA,0,NA,"300GS",150,80,1970,"BB700-A","CD16/32",2.5005100974177
"BM_Neu_135_039.fcs",135,"mature neutrophils","Comp-BUV395-A",-151,"MFI","Sternum","mouse34","rep2","15LOzymosan72","male",NA,0,NA,"300GS",150,80,1970,"BUV395-A","Sca1",-0.886079784236789
"BM_Neu_135_039.fcs",135,"mature neutrophils","Comp-BUV496-A",1714,"MFI","Sternum","mouse34","rep2","15LOzymosan72","male",NA,0,NA,"300GS",150,80,1970,"BUV496-A","MHCII",3.13100621046493
"BM_Neu_135_039.fcs",135,"mature neutrophils","Comp-BUV563-A",220,"MFI","Sternum","mouse34","rep2","15LOzymosan72","male",NA,0,NA,"300GS",150,80,1970,"BUV563-A","CD106",1.17612983976723
"BM_Neu_135_039.fcs",135,"mature neutrophils","Comp-BUV615-A",566,"MFI","Sternum","mouse34","rep2","15LOzymosan72","male",NA,0,NA,"300GS",150,80,1970,"BUV615-A","CCR5",2.03821935239462
"BM_Neu_135_039.fcs",135,"mature neutrophils","Comp-BUV661-A",2462,"MFI","Sternum","mouse34","rep2","15LOzymosan72","male",NA,0,NA,"300GS",150,80,1970,"BUV661-A","CD74",3.49216790079389
"BM_Neu_135_039.fcs",135,"mature neutrophils","Comp-BUV737-A",6163,"MFI","Sternum","mouse34","rep2","15LOzymosan72","male",NA,0,NA,"300GS",150,80,1970,"BUV737-A","Ly6G",4.40897889878708
"BM_Neu_135_039.fcs",135,"mature neutrophils","Comp-BUV805-A",11711,"MFI","Sternum","mouse34","rep2","15LOzymosan72","male",NA,0,NA,"300GS",150,80,1970,"BUV805-A","CD45",5.05083674821302
"BM_Neu_135_039.fcs",135,"mature neutrophils","Comp-BV421-A",670,"MFI","Sternum","mouse34","rep2","15LOzymosan72","male",NA,0,NA,"300GS",150,80,1970,"BV421-A","PDL1",2.2020910543981
"BM_Neu_135_039.fcs",135,"mature neutrophils","Comp-BV570-A",786,"MFI","Sternum","mouse34","rep2","15LOzymosan72","male",NA,0,NA,"300GS",150,80,1970,"BV570-A","CD44",2.35845173346293
"BM_Neu_135_039.fcs",135,"mature neutrophils","Comp-BV605-A",701,"MFI","Sternum","mouse34","rep2","15LOzymosan72","male",NA,0,NA,"300GS",150,80,1970,"BV605-A","CD115",2.24627494482716
"BM_Neu_135_039.fcs",135,"mature neutrophils","Comp-BV650-A",8952,"MFI","Sternum","mouse34","rep2","15LOzymosan72","male",NA,0,NA,"300GS",150,80,1970,"BV650-A","Ly6C",4.78221432021994
"BM_Neu_135_039.fcs",135,"mature neutrophils","Comp-BV711-A",570,"MFI","Sternum","mouse34","rep2","15LOzymosan72","male",NA,0,NA,"300GS",150,80,1970,"BV711-A","CD39",2.04502820486763
"BM_Neu_135_039.fcs",135,"mature neutrophils","Comp-BV786-A",3617,"MFI","Sternum","mouse34","rep2","15LOzymosan72","male",NA,0,NA,"300GS",150,80,1970,"BV786-A","CD11b",3.87634179886573
"BM_Neu_135_039.fcs",135,"mature neutrophils","Comp-FITC-A",-40.6,"MFI","Sternum","mouse34","rep2","15LOzymosan72","male",NA,0,NA,"300GS",150,80,1970,"FITC-A","CX3CR1",-0.267466232273067
"BM_Neu_135_039.fcs",135,"mature neutrophils","Comp-PE-A",375,"MFI","Sternum","mouse34","rep2","15LOzymosan72","male",NA,0,NA,"300GS",150,80,1970,"PE-A","DC-Trail-R1",1.6472311463711
"BM_Neu_135_039.fcs",135,"mature neutrophils","Comp-PE-Cy5-A",-482,"MFI","Sternum","mouse34","rep2","15LOzymosan72","male",NA,0,NA,"300GS",150,80,1970,"PE-Cy5-A","CD150",-1.88383305414861
"BM_Neu_135_039.fcs",135,"mature neutrophils","Comp-PE-Cy7-A",487,"MFI","Sternum","mouse34","rep2","15LOzymosan72","male",NA,0,NA,"300GS",150,80,1970,"PE-Cy7-A","CD101",1.89369138975365
"BM_Neu_135_039.fcs",135,"mature neutrophils","Comp-PE-Texas Red-A",1282,"MFI","Sternum","mouse34","rep2","15LOzymosan72","male",NA,0,NA,"300GS",150,80,1970,"PE-Texas Red-A","ICAM1",2.84209360968252
"BM_Neu_136_040.fcs",136,"mature neutrophils","Comp-APC-A",-65,"MFI","Calvaria","mouse34","rep2","15LOzymosan72","male",NA,0,NA,"300GS",300,80,1970,"APC-A","CD117",-0.420803875392792
"BM_Neu_136_040.fcs",136,"mature neutrophils","Comp-APC-Cy7-A",882,"MFI","Calvaria","mouse34","rep2","15LOzymosan72","male",NA,0,NA,"300GS",300,80,1970,"APC-Cy7-A","CD14",2.47185753635042
"BM_Neu_136_040.fcs",136,"mature neutrophils","Comp-BB700-A",964,"MFI","Calvaria","mouse34","rep2","15LOzymosan72","male",NA,0,NA,"300GS",300,80,1970,"BB700-A","CD16/32",2.55960192024362
"BM_Neu_136_040.fcs",136,"mature neutrophils","Comp-BUV395-A",-193,"MFI","Calvaria","mouse34","rep2","15LOzymosan72","male",NA,0,NA,"300GS",300,80,1970,"BUV395-A","Sca1",-1.07029531123651
"BM_Neu_136_040.fcs",136,"mature neutrophils","Comp-BUV496-A",1705,"MFI","Calvaria","mouse34","rep2","15LOzymosan72","male",NA,0,NA,"300GS",300,80,1970,"BUV496-A","MHCII",3.12576165193687
"BM_Neu_136_040.fcs",136,"mature neutrophils","Comp-BUV563-A",199,"MFI","Calvaria","mouse34","rep2","15LOzymosan72","male",NA,0,NA,"300GS",300,80,1970,"BUV563-A","CD106",1.0946058788497
"BM_Neu_136_040.fcs",136,"mature neutrophils","Comp-BUV615-A",557,"MFI","Calvaria","mouse34","rep2","15LOzymosan72","male",NA,0,NA,"300GS",300,80,1970,"BUV615-A","CCR5",2.02273361433393
"BM_Neu_136_040.fcs",136,"mature neutrophils","Comp-BUV661-A",2553,"MFI","Calvaria","mouse34","rep2","15LOzymosan72","male",NA,0,NA,"300GS",300,80,1970,"BUV661-A","CD74",3.52839820871062
"BM_Neu_136_040.fcs",136,"mature neutrophils","Comp-BUV737-A",6642,"MFI","Calvaria","mouse34","rep2","15LOzymosan72","male",NA,0,NA,"300GS",300,80,1970,"BUV737-A","Ly6G",4.48380776830746
"BM_Neu_136_040.fcs",136,"mature neutrophils","Comp-BUV805-A",13420,"MFI","Calvaria","mouse34","rep2","15LOzymosan72","male",NA,0,NA,"300GS",300,80,1970,"BUV805-A","CD45",5.18704452879903
"BM_Neu_136_040.fcs",136,"mature neutrophils","Comp-BV421-A",708,"MFI","Calvaria","mouse34","rep2","15LOzymosan72","male",NA,0,NA,"300GS",300,80,1970,"BV421-A","PDL1",2.25599330021149
"BM_Neu_136_040.fcs",136,"mature neutrophils","Comp-BV570-A",835,"MFI","Calvaria","mouse34","rep2","15LOzymosan72","male",NA,0,NA,"300GS",300,80,1970,"BV570-A","CD44",2.41791539078743
"BM_Neu_136_040.fcs",136,"mature neutrophils","Comp-BV605-A",757,"MFI","Calvaria","mouse34","rep2","15LOzymosan72","male",NA,0,NA,"300GS",300,80,1970,"BV605-A","CD115",2.32154959976744
"BM_Neu_136_040.fcs",136,"mature neutrophils","Comp-BV650-A",9165,"MFI","Calvaria","mouse34","rep2","15LOzymosan72","male",NA,0,NA,"300GS",300,80,1970,"BV650-A","Ly6C",4.80572600650973
"BM_Neu_136_040.fcs",136,"mature neutrophils","Comp-BV711-A",652,"MFI","Calvaria","mouse34","rep2","15LOzymosan72","male",NA,0,NA,"300GS",300,80,1970,"BV711-A","CD39",2.17553333772048
"BM_Neu_136_040.fcs",136,"mature neutrophils","Comp-BV786-A",4151,"MFI","Calvaria","mouse34","rep2","15LOzymosan72","male",NA,0,NA,"300GS",300,80,1970,"BV786-A","CD11b",4.01394272506887
"BM_Neu_136_040.fcs",136,"mature neutrophils","Comp-FITC-A",-45.9,"MFI","Calvaria","mouse34","rep2","15LOzymosan72","male",NA,0,NA,"300GS",300,80,1970,"FITC-A","CX3CR1",-0.301415236383263
"BM_Neu_136_040.fcs",136,"mature neutrophils","Comp-PE-A",433,"MFI","Calvaria","mouse34","rep2","15LOzymosan72","male",NA,0,NA,"300GS",300,80,1970,"PE-A","DC-Trail-R1",1.78198470410454
"BM_Neu_136_040.fcs",136,"mature neutrophils","Comp-PE-Cy5-A",-519,"MFI","Calvaria","mouse34","rep2","15LOzymosan72","male",NA,0,NA,"300GS",300,80,1970,"PE-Cy5-A","CD150",-1.95467317714844
"BM_Neu_136_040.fcs",136,"mature neutrophils","Comp-PE-Cy7-A",552,"MFI","Calvaria","mouse34","rep2","15LOzymosan72","male",NA,0,NA,"300GS",300,80,1970,"PE-Cy7-A","CD101",2.01402928983992
"BM_Neu_136_040.fcs",136,"mature neutrophils","Comp-PE-Texas Red-A",1405,"MFI","Calvaria","mouse34","rep2","15LOzymosan72","male",NA,0,NA,"300GS",300,80,1970,"PE-Texas Red-A","ICAM1",2.93314187322446
"BM_Neu_137_041.fcs",137,"mature neutrophils","Comp-APC-A",-81.5,"MFI","Femur","mouse35","rep3","15LOzymosan72","male",NA,0,NA,"300GS",450,50,1970,"APC-A","CD117",-0.519630796675672
"BM_Neu_137_041.fcs",137,"mature neutrophils","Comp-APC-Cy7-A",846,"MFI","Femur","mouse35","rep3","15LOzymosan72","male",NA,0,NA,"300GS",450,50,1970,"APC-Cy7-A","CD14",2.43079944219341
"BM_Neu_137_041.fcs",137,"mature neutrophils","Comp-BB700-A",1044,"MFI","Femur","mouse35","rep3","15LOzymosan72","male",NA,0,NA,"300GS",450,50,1970,"BB700-A","CD16/32",2.63844800884585
"BM_Neu_137_041.fcs",137,"mature neutrophils","Comp-BUV395-A",-157,"MFI","Femur","mouse35","rep3","15LOzymosan72","male",NA,0,NA,"300GS",450,50,1970,"BUV395-A","Sca1",-0.91398996670902
"BM_Neu_137_041.fcs",137,"mature neutrophils","Comp-BUV496-A",1644,"MFI","Femur","mouse35","rep3","15LOzymosan72","male",NA,0,NA,"300GS",450,50,1970,"BUV496-A","MHCII",3.08947421908307
"BM_Neu_137_041.fcs",137,"mature neutrophils","Comp-BUV563-A",212,"MFI","Femur","mouse35","rep3","15LOzymosan72","male",NA,0,NA,"300GS",450,50,1970,"BUV563-A","CD106",1.1457075288483
"BM_Neu_137_041.fcs",137,"mature neutrophils","Comp-BUV615-A",597,"MFI","Femur","mouse35","rep3","15LOzymosan72","male",NA,0,NA,"300GS",450,50,1970,"BUV615-A","CCR5",2.08985038651637
"BM_Neu_137_041.fcs",137,"mature neutrophils","Comp-BUV661-A",2745,"MFI","Femur","mouse35","rep3","15LOzymosan72","male",NA,0,NA,"300GS",450,50,1970,"BUV661-A","CD74",3.60079391964775
"BM_Neu_137_041.fcs",137,"mature neutrophils","Comp-BUV737-A",6409,"MFI","Femur","mouse35","rep3","15LOzymosan72","male",NA,0,NA,"300GS",450,50,1970,"BUV737-A","Ly6G",4.44810733352278
"BM_Neu_137_041.fcs",137,"mature neutrophils","Comp-BUV805-A",12337,"MFI","Femur","mouse35","rep3","15LOzymosan72","male",NA,0,NA,"300GS",450,50,1970,"BUV805-A","CD45",5.10290699805561
"BM_Neu_137_041.fcs",137,"mature neutrophils","Comp-BV421-A",664,"MFI","Femur","mouse35","rep3","15LOzymosan72","male",NA,0,NA,"300GS",450,50,1970,"BV421-A","PDL1",2.19331469108837
"BM_Neu_137_041.fcs",137,"mature neutrophils","Comp-BV570-A",850,"MFI","Femur","mouse35","rep3","15LOzymosan72","male",NA,0,NA,"300GS",450,50,1970,"BV570-A","CD44",2.43544432439976
"BM_Neu_137_041.fcs",137,"mature neutrophils","Comp-BV605-A",806,"MFI","Femur","mouse35","rep3","15LOzymosan72","male",NA,0,NA,"300GS",450,50,1970,"BV605-A","CD115",2.38314398040017
"BM_Neu_137_041.fcs",137,"mature neutrophils","Comp-BV650-A",9674,"MFI","Femur","mouse35","rep3","15LOzymosan72","male",NA,0,NA,"300GS",450,50,1970,"BV650-A","Ly6C",4.8597691393951
"BM_Neu_137_041.fcs",137,"mature neutrophils","Comp-BV711-A",721,"MFI","Femur","mouse35","rep3","15LOzymosan72","male",NA,0,NA,"300GS",450,50,1970,"BV711-A","CD39",2.27380011824381
"BM_Neu_137_041.fcs",137,"mature neutrophils","Comp-BV786-A",3584,"MFI","Femur","mouse35","rep3","15LOzymosan72","male",NA,0,NA,"300GS",450,50,1970,"BV786-A","CD11b",3.86718428486406
"BM_Neu_137_041.fcs",137,"mature neutrophils","Comp-FITC-A",-42.5,"MFI","Femur","mouse35","rep3","15LOzymosan72","male",NA,0,NA,"300GS",450,50,1970,"FITC-A","CX3CR1",-0.279673178087875
"BM_Neu_137_041.fcs",137,"mature neutrophils","Comp-PE-A",405,"MFI","Femur","mouse35","rep3","15LOzymosan72","male",NA,0,NA,"300GS",450,50,1970,"PE-A","DC-Trail-R1",1.71905185120893
"BM_Neu_137_041.fcs",137,"mature neutrophils","Comp-PE-Cy5-A",-517,"MFI","Femur","mouse35","rep3","15LOzymosan72","male",NA,0,NA,"300GS",450,50,1970,"PE-Cy5-A","CD150",-1.95096453171894
"BM_Neu_137_041.fcs",137,"mature neutrophils","Comp-PE-Cy7-A",497,"MFI","Femur","mouse35","rep3","15LOzymosan72","male",NA,0,NA,"300GS",450,50,1970,"PE-Cy7-A","CD101",1.91313364143118
"BM_Neu_137_041.fcs",137,"mature neutrophils","Comp-PE-Texas Red-A",1375,"MFI","Femur","mouse35","rep3","15LOzymosan72","male",NA,0,NA,"300GS",450,50,1970,"PE-Texas Red-A","ICAM1",2.91168291250156
"BM_Neu_138_042.fcs",138,"mature neutrophils","Comp-APC-A",-84.2,"MFI","Lumbar","mouse35","rep3","15LOzymosan72","male",NA,0,NA,"300GS",450,40,1970,"APC-A","CD117",-0.535387084605107
"BM_Neu_138_042.fcs",138,"mature neutrophils","Comp-APC-Cy7-A",834,"MFI","Lumbar","mouse35","rep3","15LOzymosan72","male",NA,0,NA,"300GS",450,40,1970,"APC-Cy7-A","CD14",2.4167359700727
"BM_Neu_138_042.fcs",138,"mature neutrophils","Comp-BB700-A",1014,"MFI","Lumbar","mouse35","rep3","15LOzymosan72","male",NA,0,NA,"300GS",450,40,1970,"BB700-A","CD16/32",2.6095964618961
"BM_Neu_138_042.fcs",138,"mature neutrophils","Comp-BUV395-A",-118,"MFI","Lumbar","mouse35","rep3","15LOzymosan72","male",NA,0,NA,"300GS",450,40,1970,"BUV395-A","Sca1",-0.722222781966653
"BM_Neu_138_042.fcs",138,"mature neutrophils","Comp-BUV496-A",1695,"MFI","Lumbar","mouse35","rep3","15LOzymosan72","male",NA,0,NA,"300GS",450,40,1970,"BUV496-A","MHCII",3.11990204801234
"BM_Neu_138_042.fcs",138,"mature neutrophils","Comp-BUV563-A",215,"MFI","Lumbar","mouse35","rep3","15LOzymosan72","male",NA,0,NA,"300GS",450,40,1970,"BUV563-A","CD106",1.15720511618694
"BM_Neu_138_042.fcs",138,"mature neutrophils","Comp-BUV615-A",640,"MFI","Lumbar","mouse35","rep3","15LOzymosan72","male",NA,0,NA,"300GS",450,40,1970,"BUV615-A","CCR5",2.15743841743625
"BM_Neu_138_042.fcs",138,"mature neutrophils","Comp-BUV661-A",2909,"MFI","Lumbar","mouse35","rep3","15LOzymosan72","male",NA,0,NA,"300GS",450,40,1970,"BUV661-A","CD74",3.65874059756391
"BM_Neu_138_042.fcs",138,"mature neutrophils","Comp-BUV737-A",6059,"MFI","Lumbar","mouse35","rep3","15LOzymosan72","male",NA,0,NA,"300GS",450,40,1970,"BUV737-A","Ly6G",4.39196512202708
"BM_Neu_138_042.fcs",138,"mature neutrophils","Comp-BUV805-A",11446,"MFI","Lumbar","mouse35","rep3","15LOzymosan72","male",NA,0,NA,"300GS",450,40,1970,"BUV805-A","CD45",5.0279504220214
"BM_Neu_138_042.fcs",138,"mature neutrophils","Comp-BV421-A",577,"MFI","Lumbar","mouse35","rep3","15LOzymosan72","male",NA,0,NA,"300GS",450,40,1970,"BV421-A","PDL1",2.05683685710677
"BM_Neu_138_042.fcs",138,"mature neutrophils","Comp-BV570-A",930,"MFI","Lumbar","mouse35","rep3","15LOzymosan72","male",NA,0,NA,"300GS",450,40,1970,"BV570-A","CD44",2.52413757020033
"BM_Neu_138_042.fcs",138,"mature neutrophils","Comp-BV605-A",907,"MFI","Lumbar","mouse35","rep3","15LOzymosan72","male",NA,0,NA,"300GS",450,40,1970,"BV605-A","CD115",2.49942292000206
"BM_Neu_138_042.fcs",138,"mature neutrophils","Comp-BV650-A",10396,"MFI","Lumbar","mouse35","rep3","15LOzymosan72","male",NA,0,NA,"300GS",450,40,1970,"BV650-A","Ly6C",4.93174032447722
"BM_Neu_138_042.fcs",138,"mature neutrophils","Comp-BV711-A",663,"MFI","Lumbar","mouse35","rep3","15LOzymosan72","male",NA,0,NA,"300GS",450,40,1970,"BV711-A","CD39",2.19184463065673
"BM_Neu_138_042.fcs",138,"mature neutrophils","Comp-BV786-A",2901,"MFI","Lumbar","mouse35","rep3","15LOzymosan72","male",NA,0,NA,"300GS",450,40,1970,"BV786-A","CD11b",3.65599038704588
"BM_Neu_138_042.fcs",138,"mature neutrophils","Comp-FITC-A",-43,"MFI","Lumbar","mouse35","rep3","15LOzymosan72","male",NA,0,NA,"300GS",450,40,1970,"FITC-A","CX3CR1",-0.282878860996974
"BM_Neu_138_042.fcs",138,"mature neutrophils","Comp-PE-A",393,"MFI","Lumbar","mouse35","rep3","15LOzymosan72","male",NA,0,NA,"300GS",450,40,1970,"PE-A","DC-Trail-R1",1.69089876938123
"BM_Neu_138_042.fcs",138,"mature neutrophils","Comp-PE-Cy5-A",-528,"MFI","Lumbar","mouse35","rep3","15LOzymosan72","male",NA,0,NA,"300GS",450,40,1970,"PE-Cy5-A","CD150",-1.97120042949205
"BM_Neu_138_042.fcs",138,"mature neutrophils","Comp-PE-Cy7-A",493,"MFI","Lumbar","mouse35","rep3","15LOzymosan72","male",NA,0,NA,"300GS",450,40,1970,"PE-Cy7-A","CD101",1.90540007720903
"BM_Neu_138_042.fcs",138,"mature neutrophils","Comp-PE-Texas Red-A",1386,"MFI","Lumbar","mouse35","rep3","15LOzymosan72","male",NA,0,NA,"300GS",450,40,1970,"PE-Texas Red-A","ICAM1",2.9196044565207
"BM_Neu_139_043.fcs",139,"mature neutrophils","Comp-APC-A",-64.8,"MFI","Sternum","mouse35","rep3","15LOzymosan72","male",NA,0,NA,"300GS",150,80,1970,"APC-A","CD117",-0.419580170498391
"BM_Neu_139_043.fcs",139,"mature neutrophils","Comp-APC-Cy7-A",804,"MFI","Sternum","mouse35","rep3","15LOzymosan72","male",NA,0,NA,"300GS",150,80,1970,"APC-Cy7-A","CD14",2.38070154709563
"BM_Neu_139_043.fcs",139,"mature neutrophils","Comp-BB700-A",952,"MFI","Sternum","mouse35","rep3","15LOzymosan72","male",NA,0,NA,"300GS",150,80,1970,"BB700-A","CD16/32",2.54722645070448
"BM_Neu_139_043.fcs",139,"mature neutrophils","Comp-BUV395-A",-116,"MFI","Sternum","mouse35","rep3","15LOzymosan72","male",NA,0,NA,"300GS",150,80,1970,"BUV395-A","Sca1",-0.711709411360605
"BM_Neu_139_043.fcs",139,"mature neutrophils","Comp-BUV496-A",1711,"MFI","Sternum","mouse35","rep3","15LOzymosan72","male",NA,0,NA,"300GS",150,80,1970,"BUV496-A","MHCII",3.1292610669835
"BM_Neu_139_043.fcs",139,"mature neutrophils","Comp-BUV563-A",217,"MFI","Sternum","mouse35","rep3","15LOzymosan72","male",NA,0,NA,"300GS",150,80,1970,"BUV563-A","CD106",1.16481041241452
"BM_Neu_139_043.fcs",139,"mature neutrophils","Comp-BUV615-A",605,"MFI","Sternum","mouse35","rep3","15LOzymosan72","male",NA,0,NA,"300GS",150,80,1970,"BUV615-A","CCR5",2.10276552380579
"BM_Neu_139_043.fcs",139,"mature neutrophils","Comp-BUV661-A",2698,"MFI","Sternum","mouse35","rep3","15LOzymosan72","male",NA,0,NA,"300GS",150,80,1970,"BUV661-A","CD74",3.58354977838221
"BM_Neu_139_043.fcs",139,"mature neutrophils","Comp-BUV737-A",6333,"MFI","Sternum","mouse35","rep3","15LOzymosan72","male",NA,0,NA,"300GS",150,80,1970,"BUV737-A","Ly6G",4.43618144370398
"BM_Neu_139_043.fcs",139,"mature neutrophils","Comp-BUV805-A",11339,"MFI","Sternum","mouse35","rep3","15LOzymosan72","male",NA,0,NA,"300GS",150,80,1970,"BUV805-A","CD45",5.01855902305695
"BM_Neu_139_043.fcs",139,"mature neutrophils","Comp-BV421-A",739,"MFI","Sternum","mouse35","rep3","15LOzymosan72","male",NA,0,NA,"300GS",150,80,1970,"BV421-A","PDL1",2.29795413693867
"BM_Neu_139_043.fcs",139,"mature neutrophils","Comp-BV570-A",901,"MFI","Sternum","mouse35","rep3","15LOzymosan72","male",NA,0,NA,"300GS",150,80,1970,"BV570-A","CD44",2.49287525388555
"BM_Neu_139_043.fcs",139,"mature neutrophils","Comp-BV605-A",856,"MFI","Sternum","mouse35","rep3","15LOzymosan72","male",NA,0,NA,"300GS",150,80,1970,"BV605-A","CD115",2.44237205069579
"BM_Neu_139_043.fcs",139,"mature neutrophils","Comp-BV650-A",10332,"MFI","Sternum","mouse35","rep3","15LOzymosan72","male",NA,0,NA,"300GS",150,80,1970,"BV650-A","Ly6C",4.92556572961293
"BM_Neu_139_043.fcs",139,"mature neutrophils","Comp-BV711-A",651,"MFI","Sternum","mouse35","rep3","15LOzymosan72","male",NA,0,NA,"300GS",150,80,1970,"BV711-A","CD39",2.17403755155916
"BM_Neu_139_043.fcs",139,"mature neutrophils","Comp-BV786-A",3510,"MFI","Sternum","mouse35","rep3","15LOzymosan72","male",NA,0,NA,"300GS",150,80,1970,"BV786-A","CD11b",3.84633946152429
"BM_Neu_139_043.fcs",139,"mature neutrophils","Comp-FITC-A",-42,"MFI","Sternum","mouse35","rep3","15LOzymosan72","male",NA,0,NA,"300GS",150,80,1970,"FITC-A","CX3CR1",-0.276464691365661
"BM_Neu_139_043.fcs",139,"mature neutrophils","Comp-PE-A",353,"MFI","Sternum","mouse35","rep3","15LOzymosan72","male",NA,0,NA,"300GS",150,80,1970,"PE-A","DC-Trail-R1",1.59133899190743
"BM_Neu_139_043.fcs",139,"mature neutrophils","Comp-PE-Cy5-A",-497,"MFI","Sternum","mouse35","rep3","15LOzymosan72","male",NA,0,NA,"300GS",150,80,1970,"PE-Cy5-A","CD150",-1.91313364143118
"BM_Neu_139_043.fcs",139,"mature neutrophils","Comp-PE-Cy7-A",502,"MFI","Sternum","mouse35","rep3","15LOzymosan72","male",NA,0,NA,"300GS",150,80,1970,"PE-Cy7-A","CD101",1.92272076370552
"BM_Neu_139_043.fcs",139,"mature neutrophils","Comp-PE-Texas Red-A",1296,"MFI","Sternum","mouse35","rep3","15LOzymosan72","male",NA,0,NA,"300GS",150,80,1970,"PE-Texas Red-A","ICAM1",2.85288204375779
"BM_Neu_140_044.fcs",140,"mature neutrophils","Comp-APC-A",-92.3,"MFI","Calvaria","mouse35","rep3","15LOzymosan72","male",NA,0,NA,"300GS",300,80,1970,"APC-A","CD117",-0.581928576858431
"BM_Neu_140_044.fcs",140,"mature neutrophils","Comp-APC-Cy7-A",940,"MFI","Calvaria","mouse35","rep3","15LOzymosan72","male",NA,0,NA,"300GS",300,80,1970,"APC-Cy7-A","CD14",2.53469782130775
"BM_Neu_140_044.fcs",140,"mature neutrophils","Comp-BB700-A",1023,"MFI","Calvaria","mouse35","rep3","15LOzymosan72","male",NA,0,NA,"300GS",300,80,1970,"BB700-A","CD16/32",2.61833873909929
"BM_Neu_140_044.fcs",140,"mature neutrophils","Comp-BUV395-A",-193,"MFI","Calvaria","mouse35","rep3","15LOzymosan72","male",NA,0,NA,"300GS",300,80,1970,"BUV395-A","Sca1",-1.07029531123651
"BM_Neu_140_044.fcs",140,"mature neutrophils","Comp-BUV496-A",1759,"MFI","Calvaria","mouse35","rep3","15LOzymosan72","male",NA,0,NA,"300GS",300,80,1970,"BUV496-A","MHCII",3.1568256808299
"BM_Neu_140_044.fcs",140,"mature neutrophils","Comp-BUV563-A",228,"MFI","Calvaria","mouse35","rep3","15LOzymosan72","male",NA,0,NA,"300GS",300,80,1970,"BUV563-A","CD106",1.20580626246
"BM_Neu_140_044.fcs",140,"mature neutrophils","Comp-BUV615-A",639,"MFI","Calvaria","mouse35","rep3","15LOzymosan72","male",NA,0,NA,"300GS",300,80,1970,"BUV615-A","CCR5",2.15591601425802
"BM_Neu_140_044.fcs",140,"mature neutrophils","Comp-BUV661-A",2982,"MFI","Calvaria","mouse35","rep3","15LOzymosan72","male",NA,0,NA,"300GS",300,80,1970,"BUV661-A","CD74",3.68349335046128
"BM_Neu_140_044.fcs",140,"mature neutrophils","Comp-BUV737-A",7015,"MFI","Calvaria","mouse35","rep3","15LOzymosan72","male",NA,0,NA,"300GS",300,80,1970,"BUV737-A","Ly6G",4.53843216491933
"BM_Neu_140_044.fcs",140,"mature neutrophils","Comp-BUV805-A",13656,"MFI","Calvaria","mouse35","rep3","15LOzymosan72","male",NA,0,NA,"300GS",300,80,1970,"BUV805-A","CD45",5.20447631264116
"BM_Neu_140_044.fcs",140,"mature neutrophils","Comp-BV421-A",925,"MFI","Calvaria","mouse35","rep3","15LOzymosan72","male",NA,0,NA,"300GS",300,80,1970,"BV421-A","PDL1",2.51881586773591
"BM_Neu_140_044.fcs",140,"mature neutrophils","Comp-BV570-A",967,"MFI","Calvaria","mouse35","rep3","15LOzymosan72","male",NA,0,NA,"300GS",300,80,1970,"BV570-A","CD44",2.562672287601
"BM_Neu_140_044.fcs",140,"mature neutrophils","Comp-BV605-A",943,"MFI","Calvaria","mouse35","rep3","15LOzymosan72","male",NA,0,NA,"300GS",300,80,1970,"BV605-A","CD115",2.53784454226338
"BM_Neu_140_044.fcs",140,"mature neutrophils","Comp-BV650-A",10913,"MFI","Calvaria","mouse35","rep3","15LOzymosan72","male",NA,0,NA,"300GS",300,80,1970,"BV650-A","Ly6C",4.98026913300037
"BM_Neu_140_044.fcs",140,"mature neutrophils","Comp-BV711-A",811,"MFI","Calvaria","mouse35","rep3","15LOzymosan72","male",NA,0,NA,"300GS",300,80,1970,"BV711-A","CD39",2.38922452675893
"BM_Neu_140_044.fcs",140,"mature neutrophils","Comp-BV786-A",4752,"MFI","Calvaria","mouse35","rep3","15LOzymosan72","male",NA,0,NA,"300GS",300,80,1970,"BV786-A","CD11b",4.14908175215179
"BM_Neu_140_044.fcs",140,"mature neutrophils","Comp-FITC-A",-50.3,"MFI","Calvaria","mouse35","rep3","15LOzymosan72","male",NA,0,NA,"300GS",300,80,1970,"FITC-A","CX3CR1",-0.329346946827768
"BM_Neu_140_044.fcs",140,"mature neutrophils","Comp-PE-A",425,"MFI","Calvaria","mouse35","rep3","15LOzymosan72","male",NA,0,NA,"300GS",300,80,1970,"PE-A","DC-Trail-R1",1.7643813173238
"BM_Neu_140_044.fcs",140,"mature neutrophils","Comp-PE-Cy5-A",-549,"MFI","Calvaria","mouse35","rep3","15LOzymosan72","male",NA,0,NA,"300GS",300,80,1970,"PE-Cy5-A","CD150",-2.00877137999804
"BM_Neu_140_044.fcs",140,"mature neutrophils","Comp-PE-Cy7-A",586,"MFI","Calvaria","mouse35","rep3","15LOzymosan72","male",NA,0,NA,"300GS",300,80,1970,"PE-Cy7-A","CD101",2.0718237490306
"BM_Neu_140_044.fcs",140,"mature neutrophils","Comp-PE-Texas Red-A",1476,"MFI","Calvaria","mouse35","rep3","15LOzymosan72","male",NA,0,NA,"300GS",300,80,1970,"PE-Texas Red-A","ICAM1",2.98217491061899
"BM_Neu_141_045.fcs",141,"mature neutrophils","Comp-APC-A",-81.5,"MFI","Femur","mouse36","rep4","15LOzymosan72","male",NA,0,NA,"300GS",450,50,1970,"APC-A","CD117",-0.519630796675672
"BM_Neu_141_045.fcs",141,"mature neutrophils","Comp-APC-Cy7-A",681,"MFI","Femur","mouse36","rep4","15LOzymosan72","male",NA,0,NA,"300GS",450,50,1970,"APC-Cy7-A","CD14",2.21798837755157
"BM_Neu_141_045.fcs",141,"mature neutrophils","Comp-BB700-A",1064,"MFI","Femur","mouse36","rep4","15LOzymosan72","male",NA,0,NA,"300GS",450,50,1970,"BB700-A","CD16/32",2.65723458851799
"BM_Neu_141_045.fcs",141,"mature neutrophils","Comp-BUV395-A",-133,"MFI","Femur","mouse36","rep4","15LOzymosan72","male",NA,0,NA,"300GS",450,50,1970,"BUV395-A","Sca1",-0.798923439306939
"BM_Neu_141_045.fcs",141,"mature neutrophils","Comp-BUV496-A",1680,"MFI","Femur","mouse36","rep4","15LOzymosan72","male",NA,0,NA,"300GS",450,50,1970,"BUV496-A","MHCII",3.11104801182267
"BM_Neu_141_045.fcs",141,"mature neutrophils","Comp-BUV563-A",246,"MFI","Femur","mouse36","rep4","15LOzymosan72","male",NA,0,NA,"300GS",450,50,1970,"BUV563-A","CD106",1.26999454910272
"BM_Neu_141_045.fcs",141,"mature neutrophils","Comp-BUV615-A",487,"MFI","Femur","mouse36","rep4","15LOzymosan72","male",NA,0,NA,"300GS",450,50,1970,"BUV615-A","CCR5",1.89369138975365
"BM_Neu_141_045.fcs",141,"mature neutrophils","Comp-BUV661-A",2451,"MFI","Femur","mouse36","rep4","15LOzymosan72","male",NA,0,NA,"300GS",450,50,1970,"BUV661-A","CD74",3.48769830262697
"BM_Neu_141_045.fcs",141,"mature neutrophils","Comp-BUV737-A",6258,"MFI","Femur","mouse36","rep4","15LOzymosan72","male",NA,0,NA,"300GS",450,50,1970,"BUV737-A","Ly6G",4.42427141182372
"BM_Neu_141_045.fcs",141,"mature neutrophils","Comp-BUV805-A",11292,"MFI","Femur","mouse36","rep4","15LOzymosan72","male",NA,0,NA,"300GS",450,50,1970,"BUV805-A","CD45",5.01440578735999
"BM_Neu_141_045.fcs",141,"mature neutrophils","Comp-BV421-A",611,"MFI","Femur","mouse36","rep4","15LOzymosan72","male",NA,0,NA,"300GS",450,50,1970,"BV421-A","PDL1",2.11234673525874
"BM_Neu_141_045.fcs",141,"mature neutrophils","Comp-BV570-A",727,"MFI","Femur","mouse36","rep4","15LOzymosan72","male",NA,0,NA,"300GS",450,50,1970,"BV570-A","CD44",2.28191511746568
"BM_Neu_141_045.fcs",141,"mature neutrophils","Comp-BV605-A",646,"MFI","Femur","mouse36","rep4","15LOzymosan72","male",NA,0,NA,"300GS",450,50,1970,"BV605-A","CD115",2.16652574461797
"BM_Neu_141_045.fcs",141,"mature neutrophils","Comp-BV650-A",7785,"MFI","Femur","mouse36","rep4","15LOzymosan72","male",NA,0,NA,"300GS",450,50,1970,"BV650-A","Ly6C",4.64255877006153
"BM_Neu_141_045.fcs",141,"mature neutrophils","Comp-BV711-A",615,"MFI","Femur","mouse36","rep4","15LOzymosan72","male",NA,0,NA,"300GS",450,50,1970,"BV711-A","CD39",2.11868503933338
"BM_Neu_141_045.fcs",141,"mature neutrophils","Comp-BV786-A",3047,"MFI","Femur","mouse36","rep4","15LOzymosan72","male",NA,0,NA,"300GS",450,50,1970,"BV786-A","CD11b",3.70502998302305
"BM_Neu_141_045.fcs",141,"mature neutrophils","Comp-FITC-A",-37,"MFI","Femur","mouse36","rep4","15LOzymosan72","male",NA,0,NA,"300GS",450,50,1970,"FITC-A","CX3CR1",-0.244231389703906
"BM_Neu_141_045.fcs",141,"mature neutrophils","Comp-PE-A",489,"MFI","Femur","mouse36","rep4","15LOzymosan72","male",NA,0,NA,"300GS",450,50,1970,"PE-A","DC-Trail-R1",1.8976088681773
"BM_Neu_141_045.fcs",141,"mature neutrophils","Comp-PE-Cy5-A",-494,"MFI","Femur","mouse36","rep4","15LOzymosan72","male",NA,0,NA,"300GS",450,50,1970,"PE-Cy5-A","CD150",-1.90733884060991
"BM_Neu_141_045.fcs",141,"mature neutrophils","Comp-PE-Cy7-A",580,"MFI","Femur","mouse36","rep4","15LOzymosan72","male",NA,0,NA,"300GS",450,50,1970,"PE-Cy7-A","CD101",2.06185669052461
"BM_Neu_141_045.fcs",141,"mature neutrophils","Comp-PE-Texas Red-A",1465,"MFI","Femur","mouse36","rep4","15LOzymosan72","male",NA,0,NA,"300GS",450,50,1970,"PE-Texas Red-A","ICAM1",2.97473304483897
"BM_Neu_142_046.fcs",142,"mature neutrophils","Comp-APC-A",-77.1,"MFI","Lumbar","mouse36","rep4","15LOzymosan72","male",NA,0,NA,"300GS",450,40,1970,"APC-A","CD117",-0.493698616027663
"BM_Neu_142_046.fcs",142,"mature neutrophils","Comp-APC-Cy7-A",611,"MFI","Lumbar","mouse36","rep4","15LOzymosan72","male",NA,0,NA,"300GS",450,40,1970,"APC-Cy7-A","CD14",2.11234673525874
"BM_Neu_142_046.fcs",142,"mature neutrophils","Comp-BB700-A",1004,"MFI","Lumbar","mouse36","rep4","15LOzymosan72","male",NA,0,NA,"300GS",450,40,1970,"BB700-A","CD16/32",2.5997933170568
"BM_Neu_142_046.fcs",142,"mature neutrophils","Comp-BUV395-A",-69,"MFI","Lumbar","mouse36","rep4","15LOzymosan72","male",NA,0,NA,"300GS",450,40,1970,"BUV395-A","Sca1",-0.445151759147682
"BM_Neu_142_046.fcs",142,"mature neutrophils","Comp-BUV496-A",1723,"MFI","Lumbar","mouse36","rep4","15LOzymosan72","male",NA,0,NA,"300GS",450,40,1970,"BUV496-A","MHCII",3.13622351068103
"BM_Neu_142_046.fcs",142,"mature neutrophils","Comp-BUV563-A",242,"MFI","Lumbar","mouse36","rep4","15LOzymosan72","male",NA,0,NA,"300GS",450,40,1970,"BUV563-A","CD106",1.25602887485699
"BM_Neu_142_046.fcs",142,"mature neutrophils","Comp-BUV615-A",533,"MFI","Lumbar","mouse36","rep4","15LOzymosan72","male",NA,0,NA,"300GS",450,40,1970,"BUV615-A","CCR5",1.98026997839917
"BM_Neu_142_046.fcs",142,"mature neutrophils","Comp-BUV661-A",2516,"MFI","Lumbar","mouse36","rep4","15LOzymosan72","male",NA,0,NA,"300GS",450,40,1970,"BUV661-A","CD74",3.51382491188573
"BM_Neu_142_046.fcs",142,"mature neutrophils","Comp-BUV737-A",5474,"MFI","Lumbar","mouse36","rep4","15LOzymosan72","male",NA,0,NA,"300GS",450,40,1970,"BUV737-A","Ly6G",4.29046444426283
"BM_Neu_142_046.fcs",142,"mature neutrophils","Comp-BUV805-A",9966,"MFI","Lumbar","mouse36","rep4","15LOzymosan72","male",NA,0,NA,"300GS",450,40,1970,"BUV805-A","CD45",4.88950309495408
"BM_Neu_142_046.fcs",142,"mature neutrophils","Comp-BV421-A",450,"MFI","Lumbar","mouse36","rep4","15LOzymosan72","male",NA,0,NA,"300GS",450,40,1970,"BV421-A","PDL1",1.81844645923207
"BM_Neu_142_046.fcs",142,"mature neutrophils","Comp-BV570-A",805,"MFI","Lumbar","mouse36","rep4","15LOzymosan72","male",NA,0,NA,"300GS",450,40,1970,"BV570-A","CD44",2.38192349681498
"BM_Neu_142_046.fcs",142,"mature neutrophils","Comp-BV605-A",745,"MFI","Lumbar","mouse36","rep4","15LOzymosan72","male",NA,0,NA,"300GS",450,40,1970,"BV605-A","CD115",2.30588009603288
"BM_Neu_142_046.fcs",142,"mature neutrophils","Comp-BV650-A",8281,"MFI","Lumbar","mouse36","rep4","15LOzymosan72","male",NA,0,NA,"300GS",450,40,1970,"BV650-A","Ly6C",4.70431291643099
"BM_Neu_142_046.fcs",142,"mature neutrophils","Comp-BV711-A",510,"MFI","Lumbar","mouse36","rep4","15LOzymosan72","male",NA,0,NA,"300GS",450,40,1970,"BV711-A","CD39",1.9378792776645
"BM_Neu_142_046.fcs",142,"mature neutrophils","Comp-BV786-A",2166,"MFI","Lumbar","mouse36","rep4","15LOzymosan72","male",NA,0,NA,"300GS",450,40,1970,"BV786-A","CD11b",3.36434612604652
"BM_Neu_142_046.fcs",142,"mature neutrophils","Comp-FITC-A",-36.2,"MFI","Lumbar","mouse36","rep4","15LOzymosan72","male",NA,0,NA,"300GS",450,40,1970,"FITC-A","CX3CR1",-0.239050069106692
"BM_Neu_142_046.fcs",142,"mature neutrophils","Comp-PE-A",449,"MFI","Lumbar","mouse36","rep4","15LOzymosan72","male",NA,0,NA,"300GS",450,40,1970,"PE-A","DC-Trail-R1",1.81633616328191
"BM_Neu_142_046.fcs",142,"mature neutrophils","Comp-PE-Cy5-A",-488,"MFI","Lumbar","mouse36","rep4","15LOzymosan72","male",NA,0,NA,"300GS",450,40,1970,"PE-Cy5-A","CD150",-1.89565196262577
"BM_Neu_142_046.fcs",142,"mature neutrophils","Comp-PE-Cy7-A",511,"MFI","Lumbar","mouse36","rep4","15LOzymosan72","male",NA,0,NA,"300GS",450,40,1970,"PE-Cy7-A","CD101",1.93975869105134
"BM_Neu_142_046.fcs",142,"mature neutrophils","Comp-PE-Texas Red-A",1420,"MFI","Lumbar","mouse36","rep4","15LOzymosan72","male",NA,0,NA,"300GS",450,40,1970,"PE-Texas Red-A","ICAM1",2.94370206095858
"BM_Neu_143_047.fcs",143,"mature neutrophils","Comp-APC-A",-55.7,"MFI","Sternum","mouse36","rep4","15LOzymosan72","male",NA,0,NA,"300GS",150,80,1970,"APC-A","CD117",-0.363289332179965
"BM_Neu_143_047.fcs",143,"mature neutrophils","Comp-APC-Cy7-A",699,"MFI","Sternum","mouse36","rep4","15LOzymosan72","male",NA,0,NA,"300GS",150,80,1970,"APC-Cy7-A","CD14",2.24348122194669
"BM_Neu_143_047.fcs",143,"mature neutrophils","Comp-BB700-A",947,"MFI","Sternum","mouse36","rep4","15LOzymosan72","male",NA,0,NA,"300GS",150,80,1970,"BB700-A","CD16/32",2.54202501597258
"BM_Neu_143_047.fcs",143,"mature neutrophils","Comp-BUV395-A",-114,"MFI","Sternum","mouse36","rep4","15LOzymosan72","male",NA,0,NA,"300GS",150,80,1970,"BUV395-A","Sca1",-0.701127987752585
"BM_Neu_143_047.fcs",143,"mature neutrophils","Comp-BUV496-A",1785,"MFI","Sternum","mouse36","rep4","15LOzymosan72","male",NA,0,NA,"300GS",150,80,1970,"BUV496-A","MHCII",3.17144633596124
"BM_Neu_143_047.fcs",143,"mature neutrophils","Comp-BUV563-A",247,"MFI","Sternum","mouse36","rep4","15LOzymosan72","male",NA,0,NA,"300GS",150,80,1970,"BUV563-A","CD106",1.27346013116564
"BM_Neu_143_047.fcs",143,"mature neutrophils","Comp-BUV615-A",541,"MFI","Sternum","mouse36","rep4","15LOzymosan72","male",NA,0,NA,"300GS",150,80,1970,"BUV615-A","CCR5",1.99461852527734
"BM_Neu_143_047.fcs",143,"mature neutrophils","Comp-BUV661-A",2341,"MFI","Sternum","mouse36","rep4","15LOzymosan72","male",NA,0,NA,"300GS",150,80,1970,"BUV661-A","CD74",3.44187018450423
"BM_Neu_143_047.fcs",143,"mature neutrophils","Comp-BUV737-A",6105,"MFI","Sternum","mouse36","rep4","15LOzymosan72","male",NA,0,NA,"300GS",150,80,1970,"BUV737-A","Ly6G",4.39952616038083
"BM_Neu_143_047.fcs",143,"mature neutrophils","Comp-BUV805-A",10900,"MFI","Sternum","mouse36","rep4","15LOzymosan72","male",NA,0,NA,"300GS",150,80,1970,"BUV805-A","CD45",4.97907729581865
"BM_Neu_143_047.fcs",143,"mature neutrophils","Comp-BV421-A",572,"MFI","Sternum","mouse36","rep4","15LOzymosan72","male",NA,0,NA,"300GS",150,80,1970,"BV421-A","PDL1",2.04841589309061
"BM_Neu_143_047.fcs",143,"mature neutrophils","Comp-BV570-A",739,"MFI","Sternum","mouse36","rep4","15LOzymosan72","male",NA,0,NA,"300GS",150,80,1970,"BV570-A","CD44",2.29795413693867
"BM_Neu_143_047.fcs",143,"mature neutrophils","Comp-BV605-A",630,"MFI","Sternum","mouse36","rep4","15LOzymosan72","male",NA,0,NA,"300GS",150,80,1970,"BV605-A","CD115",2.14211190823691
"BM_Neu_143_047.fcs",143,"mature neutrophils","Comp-BV650-A",8137,"MFI","Sternum","mouse36","rep4","15LOzymosan72","male",NA,0,NA,"300GS",150,80,1970,"BV650-A","Ly6C",4.68677367230453
"BM_Neu_143_047.fcs",143,"mature neutrophils","Comp-BV711-A",511,"MFI","Sternum","mouse36","rep4","15LOzymosan72","male",NA,0,NA,"300GS",150,80,1970,"BV711-A","CD39",1.93975869105134
"BM_Neu_143_047.fcs",143,"mature neutrophils","Comp-BV786-A",3059,"MFI","Sternum","mouse36","rep4","15LOzymosan72","male",NA,0,NA,"300GS",150,80,1970,"BV786-A","CD11b",3.70895581262878
"BM_Neu_143_047.fcs",143,"mature neutrophils","Comp-FITC-A",-35,"MFI","Sternum","mouse36","rep4","15LOzymosan72","male",NA,0,NA,"300GS",150,80,1970,"FITC-A","CX3CR1",-0.231266301647418
"BM_Neu_143_047.fcs",143,"mature neutrophils","Comp-PE-A",403,"MFI","Sternum","mouse36","rep4","15LOzymosan72","male",NA,0,NA,"300GS",150,80,1970,"PE-A","DC-Trail-R1",1.7144109110036
"BM_Neu_143_047.fcs",143,"mature neutrophils","Comp-PE-Cy5-A",-471,"MFI","Sternum","mouse36","rep4","15LOzymosan72","male",NA,0,NA,"300GS",150,80,1970,"PE-Cy5-A","CD150",-1.86181255721338
"BM_Neu_143_047.fcs",143,"mature neutrophils","Comp-PE-Cy7-A",543,"MFI","Sternum","mouse36","rep4","15LOzymosan72","male",NA,0,NA,"300GS",150,80,1970,"PE-Cy7-A","CD101",1.99817488370457
"BM_Neu_143_047.fcs",143,"mature neutrophils","Comp-PE-Texas Red-A",1297,"MFI","Sternum","mouse36","rep4","15LOzymosan72","male",NA,0,NA,"300GS",150,80,1970,"PE-Texas Red-A","ICAM1",2.85364824021187
"BM_Neu_144_048.fcs",144,"mature neutrophils","Comp-APC-A",-75.7,"MFI","Calvaria","mouse36","rep4","15LOzymosan72","male",NA,0,NA,"300GS",300,80,1970,"APC-A","CD117",-0.485381918076151
"BM_Neu_144_048.fcs",144,"mature neutrophils","Comp-APC-Cy7-A",759,"MFI","Calvaria","mouse36","rep4","15LOzymosan72","male",NA,0,NA,"300GS",300,80,1970,"APC-Cy7-A","CD14",2.32413793057374
"BM_Neu_144_048.fcs",144,"mature neutrophils","Comp-BB700-A",1009,"MFI","Calvaria","mouse36","rep4","15LOzymosan72","male",NA,0,NA,"300GS",300,80,1970,"BB700-A","CD16/32",2.6047067715511
"BM_Neu_144_048.fcs",144,"mature neutrophils","Comp-BUV395-A",-130,"MFI","Calvaria","mouse36","rep4","15LOzymosan72","male",NA,0,NA,"300GS",300,80,1970,"BUV395-A","Sca1",-0.78388429075048
"BM_Neu_144_048.fcs",144,"mature neutrophils","Comp-BUV496-A",1799,"MFI","Calvaria","mouse36","rep4","15LOzymosan72","male",NA,0,NA,"300GS",300,80,1970,"BUV496-A","MHCII",3.1792316483842
"BM_Neu_144_048.fcs",144,"mature neutrophils","Comp-BUV563-A",234,"MFI","Calvaria","mouse36","rep4","15LOzymosan72","male",NA,0,NA,"300GS",300,80,1970,"BUV563-A","CD106",1.22759095838141
"BM_Neu_144_048.fcs",144,"mature neutrophils","Comp-BUV615-A",586,"MFI","Calvaria","mouse36","rep4","15LOzymosan72","male",NA,0,NA,"300GS",300,80,1970,"BUV615-A","CCR5",2.0718237490306
"BM_Neu_144_048.fcs",144,"mature neutrophils","Comp-BUV661-A",2664,"MFI","Calvaria","mouse36","rep4","15LOzymosan72","male",NA,0,NA,"300GS",300,80,1970,"BUV661-A","CD74",3.57088757749052
"BM_Neu_144_048.fcs",144,"mature neutrophils","Comp-BUV737-A",6538,"MFI","Calvaria","mouse36","rep4","15LOzymosan72","male",NA,0,NA,"300GS",300,80,1970,"BUV737-A","Ly6G",4.46803004075201
"BM_Neu_144_048.fcs",144,"mature neutrophils","Comp-BUV805-A",12986,"MFI","Calvaria","mouse36","rep4","15LOzymosan72","male",NA,0,NA,"300GS",300,80,1970,"BUV805-A","CD45",5.15417237369163
"BM_Neu_144_048.fcs",144,"mature neutrophils","Comp-BV421-A",648,"MFI","Calvaria","mouse36","rep4","15LOzymosan72","male",NA,0,NA,"300GS",300,80,1970,"BV421-A","PDL1",2.16953706760474
"BM_Neu_144_048.fcs",144,"mature neutrophils","Comp-BV570-A",900,"MFI","Calvaria","mouse36","rep4","15LOzymosan72","male",NA,0,NA,"300GS",300,80,1970,"BV570-A","CD44",2.49177985264491
"BM_Neu_144_048.fcs",144,"mature neutrophils","Comp-BV605-A",836,"MFI","Calvaria","mouse36","rep4","15LOzymosan72","male",NA,0,NA,"300GS",300,80,1970,"BV605-A","CD115",2.41909344397213
"BM_Neu_144_048.fcs",144,"mature neutrophils","Comp-BV650-A",9198,"MFI","Calvaria","mouse36","rep4","15LOzymosan72","male",NA,0,NA,"300GS",300,80,1970,"BV650-A","Ly6C",4.80931971477748
"BM_Neu_144_048.fcs",144,"mature neutrophils","Comp-BV711-A",631,"MFI","Calvaria","mouse36","rep4","15LOzymosan72","male",NA,0,NA,"300GS",300,80,1970,"BV711-A","CD39",2.14365488645348
"BM_Neu_144_048.fcs",144,"mature neutrophils","Comp-BV786-A",3642,"MFI","Calvaria","mouse36","rep4","15LOzymosan72","male",NA,0,NA,"300GS",300,80,1970,"BV786-A","CD11b",3.88322395221954
"BM_Neu_144_048.fcs",144,"mature neutrophils","Comp-FITC-A",-45.1,"MFI","Calvaria","mouse36","rep4","15LOzymosan72","male",NA,0,NA,"300GS",300,80,1970,"FITC-A","CX3CR1",-0.296311539804959
"BM_Neu_144_048.fcs",144,"mature neutrophils","Comp-PE-A",469,"MFI","Calvaria","mouse36","rep4","15LOzymosan72","male",NA,0,NA,"300GS",300,80,1970,"PE-A","DC-Trail-R1",1.85775868344755
"BM_Neu_144_048.fcs",144,"mature neutrophils","Comp-PE-Cy5-A",-537,"MFI","Calvaria","mouse36","rep4","15LOzymosan72","male",NA,0,NA,"300GS",300,80,1970,"PE-Cy5-A","CD150",-1.98746903788718
"BM_Neu_144_048.fcs",144,"mature neutrophils","Comp-PE-Cy7-A",606,"MFI","Calvaria","mouse36","rep4","15LOzymosan72","male",NA,0,NA,"300GS",300,80,1970,"PE-Cy7-A","CD101",2.10436859418096
"BM_Neu_144_048.fcs",144,"mature neutrophils","Comp-PE-Texas Red-A",1502,"MFI","Calvaria","mouse36","rep4","15LOzymosan72","male",NA,0,NA,"300GS",300,80,1970,"PE-Texas Red-A","ICAM1",2.99954879159739
"BM_Neu_145_001.fcs",145,"mature neutrophils","Comp-APC-A",-181,"MFI","Femur","mouse37","rep1","WTzymosan4","male",NA,0,NA,"300GS",450,50,1970,"APC-A","CD117",-1.02023404361105
"BM_Neu_145_001.fcs",145,"mature neutrophils","Comp-APC-Cy7-A",1026,"MFI","Femur","mouse37","rep1","WTzymosan4","male",NA,0,NA,"300GS",450,50,1970,"APC-Cy7-A","CD14",2.62123610837412
"BM_Neu_145_001.fcs",145,"mature neutrophils","Comp-BB700-A",615,"MFI","Femur","mouse37","rep1","WTzymosan4","male",NA,0,NA,"300GS",450,50,1970,"BB700-A","CD16/32",2.11868503933338
"BM_Neu_145_001.fcs",145,"mature neutrophils","Comp-BUV395-A",-263,"MFI","Femur","mouse37","rep1","WTzymosan4","male",NA,0,NA,"300GS",450,50,1970,"BUV395-A","Sca1",-1.32755037697169
"BM_Neu_145_001.fcs",145,"mature neutrophils","Comp-BUV496-A",1245,"MFI","Femur","mouse37","rep1","WTzymosan4","male",NA,0,NA,"300GS",450,50,1970,"BUV496-A","MHCII",2.8130120727167
"BM_Neu_145_001.fcs",145,"mature neutrophils","Comp-BUV563-A",299,"MFI","Femur","mouse37","rep1","WTzymosan4","male",NA,0,NA,"300GS",450,50,1970,"BUV563-A","CD106",1.44065006978431
"BM_Neu_145_001.fcs",145,"mature neutrophils","Comp-BUV615-A",416,"MFI","Femur","mouse37","rep1","WTzymosan4","male",NA,0,NA,"300GS",450,50,1970,"BUV615-A","CCR5",1.74422185173254
"BM_Neu_145_001.fcs",145,"mature neutrophils","Comp-BUV661-A",3509,"MFI","Femur","mouse37","rep1","WTzymosan4","male",NA,0,NA,"300GS",450,50,1970,"BUV661-A","CD74",3.84605478055716
"BM_Neu_145_001.fcs",145,"mature neutrophils","Comp-BUV737-A",6764,"MFI","Femur","mouse37","rep1","WTzymosan4","male",NA,0,NA,"300GS",450,50,1970,"BUV737-A","Ly6G",4.5020045200766
"BM_Neu_145_001.fcs",145,"mature neutrophils","Comp-BUV805-A",15535,"MFI","Femur","mouse37","rep1","WTzymosan4","male",NA,0,NA,"300GS",450,50,1970,"BUV805-A","CD45",5.33338601520778
"BM_Neu_145_001.fcs",145,"mature neutrophils","Comp-BV421-A",230,"MFI","Femur","mouse37","rep1","WTzymosan4","male",NA,0,NA,"300GS",450,50,1970,"BV421-A","PDL1",1.21311212195106
"BM_Neu_145_001.fcs",145,"mature neutrophils","Comp-BV570-A",625,"MFI","Femur","mouse37","rep1","WTzymosan4","male",NA,0,NA,"300GS",450,50,1970,"BV570-A","CD44",2.1343620881928
"BM_Neu_145_001.fcs",145,"mature neutrophils","Comp-BV605-A",343,"MFI","Femur","mouse37","rep1","WTzymosan4","male",NA,0,NA,"300GS",450,50,1970,"BV605-A","CD115",1.56494919724892
"BM_Neu_145_001.fcs",145,"mature neutrophils","Comp-BV650-A",7452,"MFI","Femur","mouse37","rep1","WTzymosan4","male",NA,0,NA,"300GS",450,50,1970,"BV650-A","Ly6C",4.59885089519211
"BM_Neu_145_001.fcs",145,"mature neutrophils","Comp-BV711-A",338,"MFI","Femur","mouse37","rep1","WTzymosan4","male",NA,0,NA,"300GS",450,50,1970,"BV711-A","CD39",1.55151091497898
"BM_Neu_145_001.fcs",145,"mature neutrophils","Comp-BV786-A",2655,"MFI","Femur","mouse37","rep1","WTzymosan4","male",NA,0,NA,"300GS",450,50,1970,"BV786-A","CD11b",3.56750884936513
"BM_Neu_145_001.fcs",145,"mature neutrophils","Comp-FITC-A",-33.2,"MFI","Femur","mouse37","rep1","WTzymosan4","male",NA,0,NA,"300GS",450,50,1970,"FITC-A","CX3CR1",-0.21956491757415
"BM_Neu_145_001.fcs",145,"mature neutrophils","Comp-PE-A",655,"MFI","Femur","mouse37","rep1","WTzymosan4","male",NA,0,NA,"300GS",450,50,1970,"PE-A","DC-Trail-R1",2.18000765736508
"BM_Neu_145_001.fcs",145,"mature neutrophils","Comp-PE-Cy5-A",-549,"MFI","Femur","mouse37","rep1","WTzymosan4","male",NA,0,NA,"300GS",450,50,1970,"PE-Cy5-A","CD150",-2.00877137999804
"BM_Neu_145_001.fcs",145,"mature neutrophils","Comp-PE-Cy7-A",476,"MFI","Femur","mouse37","rep1","WTzymosan4","male",NA,0,NA,"300GS",450,50,1970,"PE-Cy7-A","CD101",1.87187924536002
"BM_Neu_145_001.fcs",145,"mature neutrophils","Comp-PE-Texas Red-A",2261,"MFI","Femur","mouse37","rep1","WTzymosan4","male",NA,0,NA,"300GS",450,50,1970,"PE-Texas Red-A","ICAM1",3.40717287316148
"BM_Neu_146_002.fcs",146,"mature neutrophils","Comp-APC-A",-163,"MFI","Lumbar","mouse37","rep1","WTzymosan4","male",NA,0,NA,"300GS",450,40,1970,"APC-A","CD117",-0.941348120842668
"BM_Neu_146_002.fcs",146,"mature neutrophils","Comp-APC-Cy7-A",954,"MFI","Lumbar","mouse37","rep1","WTzymosan4","male",NA,0,NA,"300GS",450,40,1970,"APC-Cy7-A","CD14",2.54929956472493
"BM_Neu_146_002.fcs",146,"mature neutrophils","Comp-BB700-A",586,"MFI","Lumbar","mouse37","rep1","WTzymosan4","male",NA,0,NA,"300GS",450,40,1970,"BB700-A","CD16/32",2.0718237490306
"BM_Neu_146_002.fcs",146,"mature neutrophils","Comp-BUV395-A",-278,"MFI","Lumbar","mouse37","rep1","WTzymosan4","male",NA,0,NA,"300GS",450,40,1970,"BUV395-A","Sca1",-1.37605218094972
"BM_Neu_146_002.fcs",146,"mature neutrophils","Comp-BUV496-A",1258,"MFI","Lumbar","mouse37","rep1","WTzymosan4","male",NA,0,NA,"300GS",450,40,1970,"BUV496-A","MHCII",2.82332588044649
"BM_Neu_146_002.fcs",146,"mature neutrophils","Comp-BUV563-A",243,"MFI","Lumbar","mouse37","rep1","WTzymosan4","male",NA,0,NA,"300GS",450,40,1970,"BUV563-A","CD106",1.25953589527878
"BM_Neu_146_002.fcs",146,"mature neutrophils","Comp-BUV615-A",432,"MFI","Lumbar","mouse37","rep1","WTzymosan4","male",NA,0,NA,"300GS",450,40,1970,"BUV615-A","CCR5",1.77980021523709
"BM_Neu_146_002.fcs",146,"mature neutrophils","Comp-BUV661-A",3278,"MFI","Lumbar","mouse37","rep1","WTzymosan4","male",NA,0,NA,"300GS",450,40,1970,"BUV661-A","CD74",3.77802372065525
"BM_Neu_146_002.fcs",146,"mature neutrophils","Comp-BUV737-A",6218,"MFI","Lumbar","mouse37","rep1","WTzymosan4","male",NA,0,NA,"300GS",450,40,1970,"BUV737-A","Ly6G",4.41786093130583
"BM_Neu_146_002.fcs",146,"mature neutrophils","Comp-BUV805-A",14470,"MFI","Lumbar","mouse37","rep1","WTzymosan4","male",NA,0,NA,"300GS",450,40,1970,"BUV805-A","CD45",5.26237156992131
"BM_Neu_146_002.fcs",146,"mature neutrophils","Comp-BV421-A",186,"MFI","Lumbar","mouse37","rep1","WTzymosan4","male",NA,0,NA,"300GS",450,40,1970,"BV421-A","PDL1",1.04133079200879
"BM_Neu_146_002.fcs",146,"mature neutrophils","Comp-BV570-A",557,"MFI","Lumbar","mouse37","rep1","WTzymosan4","male",NA,0,NA,"300GS",450,40,1970,"BV570-A","CD44",2.02273361433393
"BM_Neu_146_002.fcs",146,"mature neutrophils","Comp-BV605-A",283,"MFI","Lumbar","mouse37","rep1","WTzymosan4","male",NA,0,NA,"300GS",450,40,1970,"BV605-A","CD115",1.39177129589467
"BM_Neu_146_002.fcs",146,"mature neutrophils","Comp-BV650-A",6831,"MFI","Lumbar","mouse37","rep1","WTzymosan4","male",NA,0,NA,"300GS",450,40,1970,"BV650-A","Ly6C",4.51185876572403
"BM_Neu_146_002.fcs",146,"mature neutrophils","Comp-BV711-A",218,"MFI","Lumbar","mouse37","rep1","WTzymosan4","male",NA,0,NA,"300GS",450,40,1970,"BV711-A","CD39",1.16859530112034
"BM_Neu_146_002.fcs",146,"mature neutrophils","Comp-BV786-A",2289,"MFI","Lumbar","mouse37","rep1","WTzymosan4","male",NA,0,NA,"300GS",450,40,1970,"BV786-A","CD11b",3.41945405311576
"BM_Neu_146_002.fcs",146,"mature neutrophils","Comp-FITC-A",-33,"MFI","Lumbar","mouse37","rep1","WTzymosan4","male",NA,0,NA,"300GS",450,40,1970,"FITC-A","CX3CR1",-0.218262907439882
"BM_Neu_146_002.fcs",146,"mature neutrophils","Comp-PE-A",641,"MFI","Lumbar","mouse37","rep1","WTzymosan4","male",NA,0,NA,"300GS",450,40,1970,"PE-A","DC-Trail-R1",2.15895856739233
"BM_Neu_146_002.fcs",146,"mature neutrophils","Comp-PE-Cy5-A",-497,"MFI","Lumbar","mouse37","rep1","WTzymosan4","male",NA,0,NA,"300GS",450,40,1970,"PE-Cy5-A","CD150",-1.91313364143118
"BM_Neu_146_002.fcs",146,"mature neutrophils","Comp-PE-Cy7-A",439,"MFI","Lumbar","mouse37","rep1","WTzymosan4","male",NA,0,NA,"300GS",450,40,1970,"PE-Cy7-A","CD101",1.79499774700319
"BM_Neu_146_002.fcs",146,"mature neutrophils","Comp-PE-Texas Red-A",1980,"MFI","Lumbar","mouse37","rep1","WTzymosan4","male",NA,0,NA,"300GS",450,40,1970,"PE-Texas Red-A","ICAM1",3.27479573454477
"BM_Neu_147_003.fcs",147,"mature neutrophils","Comp-APC-A",-157,"MFI","Sternum","mouse37","rep1","WTzymosan4","male",NA,0,NA,"300GS",150,80,1970,"APC-A","CD117",-0.91398996670902
"BM_Neu_147_003.fcs",147,"mature neutrophils","Comp-APC-Cy7-A",1006,"MFI","Sternum","mouse37","rep1","WTzymosan4","male",NA,0,NA,"300GS",150,80,1970,"APC-Cy7-A","CD14",2.60176156516815
"BM_Neu_147_003.fcs",147,"mature neutrophils","Comp-BB700-A",625,"MFI","Sternum","mouse37","rep1","WTzymosan4","male",NA,0,NA,"300GS",150,80,1970,"BB700-A","CD16/32",2.1343620881928
"BM_Neu_147_003.fcs",147,"mature neutrophils","Comp-BUV395-A",-301,"MFI","Sternum","mouse37","rep1","WTzymosan4","male",NA,0,NA,"300GS",150,80,1970,"BUV395-A","Sca1",-1.44661293009172
"BM_Neu_147_003.fcs",147,"mature neutrophils","Comp-BUV496-A",1241,"MFI","Sternum","mouse37","rep1","WTzymosan4","male",NA,0,NA,"300GS",150,80,1970,"BUV496-A","MHCII",2.80981722773734
"BM_Neu_147_003.fcs",147,"mature neutrophils","Comp-BUV563-A",285,"MFI","Sternum","mouse37","rep1","WTzymosan4","male",NA,0,NA,"300GS",150,80,1970,"BUV563-A","CD106",1.39799836511143
"BM_Neu_147_003.fcs",147,"mature neutrophils","Comp-BUV615-A",327,"MFI","Sternum","mouse37","rep1","WTzymosan4","male",NA,0,NA,"300GS",150,80,1970,"BUV615-A","CCR5",1.52135311823832
"BM_Neu_147_003.fcs",147,"mature neutrophils","Comp-BUV661-A",3185,"MFI","Sternum","mouse37","rep1","WTzymosan4","male",NA,0,NA,"300GS",150,80,1970,"BUV661-A","CD74",3.74927349651263
"BM_Neu_147_003.fcs",147,"mature neutrophils","Comp-BUV737-A",7248,"MFI","Sternum","mouse37","rep1","WTzymosan4","male",NA,0,NA,"300GS",150,80,1970,"BUV737-A","Ly6G",4.5710997915184
"BM_Neu_147_003.fcs",147,"mature neutrophils","Comp-BUV805-A",14530,"MFI","Sternum","mouse37","rep1","WTzymosan4","male",NA,0,NA,"300GS",150,80,1970,"BUV805-A","CD45",5.26650928546469
"BM_Neu_147_003.fcs",147,"mature neutrophils","Comp-BV421-A",126,"MFI","Sternum","mouse37","rep1","WTzymosan4","male",NA,0,NA,"300GS",150,80,1970,"BV421-A","PDL1",0.763599221720576
"BM_Neu_147_003.fcs",147,"mature neutrophils","Comp-BV570-A",543,"MFI","Sternum","mouse37","rep1","WTzymosan4","male",NA,0,NA,"300GS",150,80,1970,"BV570-A","CD44",1.99817488370457
"BM_Neu_147_003.fcs",147,"mature neutrophils","Comp-BV605-A",188,"MFI","Sternum","mouse37","rep1","WTzymosan4","male",NA,0,NA,"300GS",150,80,1970,"BV605-A","CD115",1.04967363778175
"BM_Neu_147_003.fcs",147,"mature neutrophils","Comp-BV650-A",6087,"MFI","Sternum","mouse37","rep1","WTzymosan4","male",NA,0,NA,"300GS",150,80,1970,"BV650-A","Ly6C",4.39657429583063
"BM_Neu_147_003.fcs",147,"mature neutrophils","Comp-BV711-A",117,"MFI","Sternum","mouse37","rep1","WTzymosan4","male",NA,0,NA,"300GS",150,80,1970,"BV711-A","CD39",0.716974594095005
"BM_Neu_147_003.fcs",147,"mature neutrophils","Comp-BV786-A",2156,"MFI","Sternum","mouse37","rep1","WTzymosan4","male",NA,0,NA,"300GS",150,80,1970,"BV786-A","CD11b",3.35972973828645
"BM_Neu_147_003.fcs",147,"mature neutrophils","Comp-FITC-A",-28.9,"MFI","Sternum","mouse37","rep1","WTzymosan4","male",NA,0,NA,"300GS",150,80,1970,"FITC-A","CX3CR1",-0.191494169875621
"BM_Neu_147_003.fcs",147,"mature neutrophils","Comp-PE-A",865,"MFI","Sternum","mouse37","rep1","WTzymosan4","male",NA,0,NA,"300GS",150,80,1970,"PE-A","DC-Trail-R1",2.45267579863047
"BM_Neu_147_003.fcs",147,"mature neutrophils","Comp-PE-Cy5-A",-558,"MFI","Sternum","mouse37","rep1","WTzymosan4","male",NA,0,NA,"300GS",150,80,1970,"PE-Cy5-A","CD150",-2.02446573589956
"BM_Neu_147_003.fcs",147,"mature neutrophils","Comp-PE-Cy7-A",433,"MFI","Sternum","mouse37","rep1","WTzymosan4","male",NA,0,NA,"300GS",150,80,1970,"PE-Cy7-A","CD101",1.78198470410454
"BM_Neu_147_003.fcs",147,"mature neutrophils","Comp-PE-Texas Red-A",2331,"MFI","Sternum","mouse37","rep1","WTzymosan4","male",NA,0,NA,"300GS",150,80,1970,"PE-Texas Red-A","ICAM1",3.43759815432301
"BM_Neu_148_004.fcs",148,"mature neutrophils","Comp-APC-A",-187,"MFI","Calvaria","mouse37","rep1","WTzymosan4","male",NA,0,NA,"300GS",300,80,1970,"APC-A","CD117",-1.04550900163557
"BM_Neu_148_004.fcs",148,"mature neutrophils","Comp-APC-Cy7-A",1010,"MFI","Calvaria","mouse37","rep1","WTzymosan4","male",NA,0,NA,"300GS",300,80,1970,"APC-Cy7-A","CD14",2.60568660346496
"BM_Neu_148_004.fcs",148,"mature neutrophils","Comp-BB700-A",569,"MFI","Calvaria","mouse37","rep1","WTzymosan4","male",NA,0,NA,"300GS",300,80,1970,"BB700-A","CD16/32",2.04333018952629
"BM_Neu_148_004.fcs",148,"mature neutrophils","Comp-BUV395-A",-289,"MFI","Calvaria","mouse37","rep1","WTzymosan4","male",NA,0,NA,"300GS",300,80,1970,"BUV395-A","Sca1",-1.4103504472979
"BM_Neu_148_004.fcs",148,"mature neutrophils","Comp-BUV496-A",1254,"MFI","Calvaria","mouse37","rep1","WTzymosan4","male",NA,0,NA,"300GS",300,80,1970,"BUV496-A","MHCII",2.82016363578179
"BM_Neu_148_004.fcs",148,"mature neutrophils","Comp-BUV563-A",259,"MFI","Calvaria","mouse37","rep1","WTzymosan4","male",NA,0,NA,"300GS",300,80,1970,"BUV563-A","CD106",1.31426268425644
"BM_Neu_148_004.fcs",148,"mature neutrophils","Comp-BUV615-A",391,"MFI","Calvaria","mouse37","rep1","WTzymosan4","male",NA,0,NA,"300GS",300,80,1970,"BUV615-A","CCR5",1.68613366872935
"BM_Neu_148_004.fcs",148,"mature neutrophils","Comp-BUV661-A",3619,"MFI","Calvaria","mouse37","rep1","WTzymosan4","male",NA,0,NA,"300GS",300,80,1970,"BUV661-A","CD74",3.87689411599787
"BM_Neu_148_004.fcs",148,"mature neutrophils","Comp-BUV737-A",7004,"MFI","Calvaria","mouse37","rep1","WTzymosan4","male",NA,0,NA,"300GS",300,80,1970,"BUV737-A","Ly6G",4.53686322498782
"BM_Neu_148_004.fcs",148,"mature neutrophils","Comp-BUV805-A",16378,"MFI","Calvaria","mouse37","rep1","WTzymosan4","male",NA,0,NA,"300GS",300,80,1970,"BUV805-A","CD45",5.38622710574832
"BM_Neu_148_004.fcs",148,"mature neutrophils","Comp-BV421-A",320,"MFI","Calvaria","mouse37","rep1","WTzymosan4","male",NA,0,NA,"300GS",300,80,1970,"BV421-A","PDL1",1.50172194478928
"BM_Neu_148_004.fcs",148,"mature neutrophils","Comp-BV570-A",682,"MFI","Calvaria","mouse37","rep1","WTzymosan4","male",NA,0,NA,"300GS",300,80,1970,"BV570-A","CD44",2.21942142754046
"BM_Neu_148_004.fcs",148,"mature neutrophils","Comp-BV605-A",399,"MFI","Calvaria","mouse37","rep1","WTzymosan4","male",NA,0,NA,"300GS",300,80,1970,"BV605-A","CD115",1.70506804432412
"BM_Neu_148_004.fcs",148,"mature neutrophils","Comp-BV650-A",7660,"MFI","Calvaria","mouse37","rep1","WTzymosan4","male",NA,0,NA,"300GS",300,80,1970,"BV650-A","Ly6C",4.62637500149983
"BM_Neu_148_004.fcs",148,"mature neutrophils","Comp-BV711-A",295,"MFI","Calvaria","mouse37","rep1","WTzymosan4","male",NA,0,NA,"300GS",300,80,1970,"BV711-A","CD39",1.42862819602127
"BM_Neu_148_004.fcs",148,"mature neutrophils","Comp-BV786-A",2773,"MFI","Calvaria","mouse37","rep1","WTzymosan4","male",NA,0,NA,"300GS",300,80,1970,"BV786-A","CD11b",3.61092764495703
"BM_Neu_148_004.fcs",148,"mature neutrophils","Comp-FITC-A",-38.2,"MFI","Calvaria","mouse37","rep1","WTzymosan4","male",NA,0,NA,"300GS",300,80,1970,"FITC-A","CX3CR1",-0.251991294918642
"BM_Neu_148_004.fcs",148,"mature neutrophils","Comp-PE-A",780,"MFI","Calvaria","mouse37","rep1","WTzymosan4","male",NA,0,NA,"300GS",300,80,1970,"PE-A","DC-Trail-R1",2.35092571975091
"BM_Neu_148_004.fcs",148,"mature neutrophils","Comp-PE-Cy5-A",-575,"MFI","Calvaria","mouse37","rep1","WTzymosan4","male",NA,0,NA,"300GS",300,80,1970,"PE-Cy5-A","CD150",-2.05347670065433
"BM_Neu_148_004.fcs",148,"mature neutrophils","Comp-PE-Cy7-A",439,"MFI","Calvaria","mouse37","rep1","WTzymosan4","male",NA,0,NA,"300GS",300,80,1970,"PE-Cy7-A","CD101",1.79499774700319
"BM_Neu_148_004.fcs",148,"mature neutrophils","Comp-PE-Texas Red-A",2414,"MFI","Calvaria","mouse37","rep1","WTzymosan4","male",NA,0,NA,"300GS",300,80,1970,"PE-Texas Red-A","ICAM1",3.47251616168934
"BM_Neu_149_005.fcs",149,"mature neutrophils","Comp-APC-A",-151,"MFI","Femur","mouse38","rep2","WTzymosan4","male",NA,0,NA,"300GS",450,50,1970,"APC-A","CD117",-0.886079784236789
"BM_Neu_149_005.fcs",149,"mature neutrophils","Comp-APC-Cy7-A",1189,"MFI","Femur","mouse38","rep2","WTzymosan4","male",NA,0,NA,"300GS",450,50,1970,"APC-Cy7-A","CD14",2.76733510540605
"BM_Neu_149_005.fcs",149,"mature neutrophils","Comp-BB700-A",573,"MFI","Femur","mouse38","rep2","WTzymosan4","male",NA,0,NA,"300GS",450,50,1970,"BB700-A","CD16/32",2.05010558352926
"BM_Neu_149_005.fcs",149,"mature neutrophils","Comp-BUV395-A",-284,"MFI","Femur","mouse38","rep2","WTzymosan4","male",NA,0,NA,"300GS",450,50,1970,"BUV395-A","Sca1",-1.3948891164576
"BM_Neu_149_005.fcs",149,"mature neutrophils","Comp-BUV496-A",1407,"MFI","Femur","mouse38","rep2","WTzymosan4","male",NA,0,NA,"300GS",450,50,1970,"BUV496-A","MHCII",2.93455632183659
"BM_Neu_149_005.fcs",149,"mature neutrophils","Comp-BUV563-A",301,"MFI","Femur","mouse38","rep2","WTzymosan4","male",NA,0,NA,"300GS",450,50,1970,"BUV563-A","CD106",1.44661293009172
"BM_Neu_149_005.fcs",149,"mature neutrophils","Comp-BUV615-A",379,"MFI","Femur","mouse38","rep2","WTzymosan4","male",NA,0,NA,"300GS",450,50,1970,"BUV615-A","CCR5",1.65708961860343
"BM_Neu_149_005.fcs",149,"mature neutrophils","Comp-BUV661-A",3017,"MFI","Femur","mouse38","rep2","WTzymosan4","male",NA,0,NA,"300GS",450,50,1970,"BUV661-A","CD74",3.69514752998915
"BM_Neu_149_005.fcs",149,"mature neutrophils","Comp-BUV737-A",6648,"MFI","Femur","mouse38","rep2","WTzymosan4","male",NA,0,NA,"300GS",450,50,1970,"BUV737-A","Ly6G",4.48471047294565
"BM_Neu_149_005.fcs",149,"mature neutrophils","Comp-BUV805-A",14699,"MFI","Femur","mouse38","rep2","WTzymosan4","male",NA,0,NA,"300GS",450,50,1970,"BUV805-A","CD45",5.27807266305151
"BM_Neu_149_005.fcs",149,"mature neutrophils","Comp-BV421-A",128,"MFI","Femur","mouse38","rep2","WTzymosan4","male",NA,0,NA,"300GS",450,50,1970,"BV421-A","PDL1",0.773775142942583
"BM_Neu_149_005.fcs",149,"mature neutrophils","Comp-BV570-A",431,"MFI","Femur","mouse38","rep2","WTzymosan4","male",NA,0,NA,"300GS",450,50,1970,"BV570-A","CD44",1.77761120907218
"BM_Neu_149_005.fcs",149,"mature neutrophils","Comp-BV605-A",64.5,"MFI","Femur","mouse38","rep2","WTzymosan4","male",NA,0,NA,"300GS",450,50,1970,"BV605-A","CD115",0.417743499441563
"BM_Neu_149_005.fcs",149,"mature neutrophils","Comp-BV650-A",5477,"MFI","Femur","mouse38","rep2","WTzymosan4","male",NA,0,NA,"300GS",450,50,1970,"BV650-A","Ly6C",4.29101213397134
"BM_Neu_149_005.fcs",149,"mature neutrophils","Comp-BV711-A",129,"MFI","Femur","mouse38","rep2","WTzymosan4","male",NA,0,NA,"300GS",450,50,1970,"BV711-A","CD39",0.778838046163972
"BM_Neu_149_005.fcs",149,"mature neutrophils","Comp-BV786-A",1916,"MFI","Femur","mouse38","rep2","WTzymosan4","male",NA,0,NA,"300GS",450,50,1970,"BV786-A","CD11b",3.24203559188084
"BM_Neu_149_005.fcs",149,"mature neutrophils","Comp-FITC-A",-34.3,"MFI","Femur","mouse38","rep2","WTzymosan4","male",NA,0,NA,"300GS",450,50,1970,"FITC-A","CX3CR1",-0.226719376065845
"BM_Neu_149_005.fcs",149,"mature neutrophils","Comp-PE-A",685,"MFI","Femur","mouse38","rep2","WTzymosan4","male",NA,0,NA,"300GS",450,50,1970,"PE-A","DC-Trail-R1",2.22370858196844
"BM_Neu_149_005.fcs",149,"mature neutrophils","Comp-PE-Cy5-A",-504,"MFI","Femur","mouse38","rep2","WTzymosan4","male",NA,0,NA,"300GS",450,50,1970,"PE-Cy5-A","CD150",-1.92653109345478
"BM_Neu_149_005.fcs",149,"mature neutrophils","Comp-PE-Cy7-A",542,"MFI","Femur","mouse38","rep2","WTzymosan4","male",NA,0,NA,"300GS",450,50,1970,"PE-Cy7-A","CD101",1.99639822817604
"BM_Neu_149_005.fcs",149,"mature neutrophils","Comp-PE-Texas Red-A",1997,"MFI","Femur","mouse38","rep2","WTzymosan4","male",NA,0,NA,"300GS",450,50,1970,"PE-Texas Red-A","ICAM1",3.28332072328641
"BM_Neu_150_006.fcs",150,"mature neutrophils","Comp-APC-A",-125,"MFI","Lumbar","mouse38","rep2","WTzymosan4","male",NA,0,NA,"300GS",450,40,1970,"APC-A","CD117",-0.758486137193742
"BM_Neu_150_006.fcs",150,"mature neutrophils","Comp-APC-Cy7-A",1149,"MFI","Lumbar","mouse38","rep2","WTzymosan4","male",NA,0,NA,"300GS",450,40,1970,"APC-Cy7-A","CD14",2.73339290359862
"BM_Neu_150_006.fcs",150,"mature neutrophils","Comp-BB700-A",578,"MFI","Lumbar","mouse38","rep2","WTzymosan4","male",NA,0,NA,"300GS",450,40,1970,"BB700-A","CD16/32",2.05851284655786
"BM_Neu_150_006.fcs",150,"mature neutrophils","Comp-BUV395-A",-329,"MFI","Lumbar","mouse38","rep2","WTzymosan4","male",NA,0,NA,"300GS",450,40,1970,"BUV395-A","Sca1",-1.52689833948301
"BM_Neu_150_006.fcs",150,"mature neutrophils","Comp-BUV496-A",1292,"MFI","Lumbar","mouse38","rep2","WTzymosan4","male",NA,0,NA,"300GS",450,40,1970,"BUV496-A","MHCII",2.84981141301167
"BM_Neu_150_006.fcs",150,"mature neutrophils","Comp-BUV563-A",240,"MFI","Lumbar","mouse38","rep2","WTzymosan4","male",NA,0,NA,"300GS",450,40,1970,"BUV563-A","CD106",1.24898332790488
"BM_Neu_150_006.fcs",150,"mature neutrophils","Comp-BUV615-A",295,"MFI","Lumbar","mouse38","rep2","WTzymosan4","male",NA,0,NA,"300GS",450,40,1970,"BUV615-A","CCR5",1.42862819602127
"BM_Neu_150_006.fcs",150,"mature neutrophils","Comp-BUV661-A",2475,"MFI","Lumbar","mouse38","rep2","WTzymosan4","male",NA,0,NA,"300GS",450,40,1970,"BUV661-A","CD74",3.49742457284713
"BM_Neu_150_006.fcs",150,"mature neutrophils","Comp-BUV737-A",6036,"MFI","Lumbar","mouse38","rep2","WTzymosan4","male",NA,0,NA,"300GS",450,40,1970,"BUV737-A","Ly6G",4.38816306234948
"BM_Neu_150_006.fcs",150,"mature neutrophils","Comp-BUV805-A",13027,"MFI","Lumbar","mouse38","rep2","WTzymosan4","male",NA,0,NA,"300GS",450,40,1970,"BUV805-A","CD45",5.15732443670986
"BM_Neu_150_006.fcs",150,"mature neutrophils","Comp-BV421-A",73.3,"MFI","Lumbar","mouse38","rep2","WTzymosan4","male",NA,0,NA,"300GS",450,40,1970,"BV421-A","PDL1",0.471052077346738
"BM_Neu_150_006.fcs",150,"mature neutrophils","Comp-BV570-A",342,"MFI","Lumbar","mouse38","rep2","WTzymosan4","male",NA,0,NA,"300GS",450,40,1970,"BV570-A","CD44",1.56227473234639
"BM_Neu_150_006.fcs",150,"mature neutrophils","Comp-BV605-A",-35.4,"MFI","Lumbar","mouse38","rep2","WTzymosan4","male",NA,0,NA,"300GS",450,40,1970,"BV605-A","CD115",-0.233862442865287
"BM_Neu_150_006.fcs",150,"mature neutrophils","Comp-BV650-A",4370,"MFI","Lumbar","mouse38","rep2","WTzymosan4","male",NA,0,NA,"300GS",450,40,1970,"BV650-A","Ly6C",4.06532459492293
"BM_Neu_150_006.fcs",150,"mature neutrophils","Comp-BV711-A",22.2,"MFI","Lumbar","mouse38","rep2","WTzymosan4","male",NA,0,NA,"300GS",450,40,1970,"BV711-A","CD39",0.147464958532
"BM_Neu_150_006.fcs",150,"mature neutrophils","Comp-BV786-A",1522,"MFI","Lumbar","mouse38","rep2","WTzymosan4","male",NA,0,NA,"300GS",450,40,1970,"BV786-A","CD11b",3.01271187673841
"BM_Neu_150_006.fcs",150,"mature neutrophils","Comp-FITC-A",-30,"MFI","Lumbar","mouse38","rep2","WTzymosan4","male",NA,0,NA,"300GS",450,40,1970,"FITC-A","CX3CR1",-0.198690110349241
"BM_Neu_150_006.fcs",150,"mature neutrophils","Comp-PE-A",655,"MFI","Lumbar","mouse38","rep2","WTzymosan4","male",NA,0,NA,"300GS",450,40,1970,"PE-A","DC-Trail-R1",2.18000765736508
"BM_Neu_150_006.fcs",150,"mature neutrophils","Comp-PE-Cy5-A",-462,"MFI","Lumbar","mouse38","rep2","WTzymosan4","male",NA,0,NA,"300GS",450,40,1970,"PE-Cy5-A","CD150",-1.8434456175213
"BM_Neu_150_006.fcs",150,"mature neutrophils","Comp-PE-Cy7-A",551,"MFI","Lumbar","mouse38","rep2","WTzymosan4","male",NA,0,NA,"300GS",450,40,1970,"PE-Cy7-A","CD101",2.0122796152998
"BM_Neu_150_006.fcs",150,"mature neutrophils","Comp-PE-Texas Red-A",1775,"MFI","Lumbar","mouse38","rep2","WTzymosan4","male",NA,0,NA,"300GS",450,40,1970,"PE-Texas Red-A","ICAM1",3.16584818603613
"BM_Neu_151_007.fcs",151,"mature neutrophils","Comp-APC-A",-156,"MFI","Sternum","mouse38","rep2","WTzymosan4","male",NA,0,NA,"300GS",150,80,1970,"APC-A","CD117",-0.909376928017845
"BM_Neu_151_007.fcs",151,"mature neutrophils","Comp-APC-Cy7-A",1212,"MFI","Sternum","mouse38","rep2","WTzymosan4","male",NA,0,NA,"300GS",150,80,1970,"APC-Cy7-A","CD14",2.78634652474809
"BM_Neu_151_007.fcs",151,"mature neutrophils","Comp-BB700-A",587,"MFI","Sternum","mouse38","rep2","WTzymosan4","male",NA,0,NA,"300GS",150,80,1970,"BB700-A","CD16/32",2.07347561047709
"BM_Neu_151_007.fcs",151,"mature neutrophils","Comp-BUV395-A",-304,"MFI","Sternum","mouse38","rep2","WTzymosan4","male",NA,0,NA,"300GS",150,80,1970,"BUV395-A","Sca1",-1.45549796085089
"BM_Neu_151_007.fcs",151,"mature neutrophils","Comp-BUV496-A",1438,"MFI","Sternum","mouse38","rep2","WTzymosan4","male",NA,0,NA,"300GS",150,80,1970,"BUV496-A","MHCII",2.95622961647545
"BM_Neu_151_007.fcs",151,"mature neutrophils","Comp-BUV563-A",322,"MFI","Sternum","mouse38","rep2","WTzymosan4","male",NA,0,NA,"300GS",150,80,1970,"BUV563-A","CD106",1.50736660815746
"BM_Neu_151_007.fcs",151,"mature neutrophils","Comp-BUV615-A",412,"MFI","Sternum","mouse38","rep2","WTzymosan4","male",NA,0,NA,"300GS",150,80,1970,"BUV615-A","CCR5",1.73513783275095
"BM_Neu_151_007.fcs",151,"mature neutrophils","Comp-BUV661-A",3209,"MFI","Sternum","mouse38","rep2","WTzymosan4","male",NA,0,NA,"300GS",150,80,1970,"BUV661-A","CD74",3.75677232003798
"BM_Neu_151_007.fcs",151,"mature neutrophils","Comp-BUV737-A",7044,"MFI","Sternum","mouse38","rep2","WTzymosan4","male",NA,0,NA,"300GS",150,80,1970,"BUV737-A","Ly6G",4.54255670307014
"BM_Neu_151_007.fcs",151,"mature neutrophils","Comp-BUV805-A",14728,"MFI","Sternum","mouse38","rep2","WTzymosan4","male",NA,0,NA,"300GS",150,80,1970,"BUV805-A","CD45",5.28004354030604
"BM_Neu_151_007.fcs",151,"mature neutrophils","Comp-BV421-A",10.6,"MFI","Sternum","mouse38","rep2","WTzymosan4","male",NA,0,NA,"300GS",150,80,1970,"BV421-A","PDL1",0.0706079828406113
"BM_Neu_151_007.fcs",151,"mature neutrophils","Comp-BV570-A",383,"MFI","Sternum","mouse38","rep2","WTzymosan4","male",NA,0,NA,"300GS",150,80,1970,"BV570-A","CD44",1.66685854244321
"BM_Neu_151_007.fcs",151,"mature neutrophils","Comp-BV605-A",-20,"MFI","Sternum","mouse38","rep2","WTzymosan4","male",NA,0,NA,"300GS",150,80,1970,"BV605-A","CD115",-0.132941399053797
"BM_Neu_151_007.fcs",151,"mature neutrophils","Comp-BV650-A",4592,"MFI","Sternum","mouse38","rep2","WTzymosan4","male",NA,0,NA,"300GS",150,80,1970,"BV650-A","Ly6C",4.11484947659386
"BM_Neu_151_007.fcs",151,"mature neutrophils","Comp-BV711-A",-22.2,"MFI","Sternum","mouse38","rep2","WTzymosan4","male",NA,0,NA,"300GS",150,80,1970,"BV711-A","CD39",-0.147464958532
"BM_Neu_151_007.fcs",151,"mature neutrophils","Comp-BV786-A",1415,"MFI","Sternum","mouse38","rep2","WTzymosan4","male",NA,0,NA,"300GS",150,80,1970,"BV786-A","CD11b",2.94019430560367
"BM_Neu_151_007.fcs",151,"mature neutrophils","Comp-FITC-A",-32.4,"MFI","Sternum","mouse38","rep2","WTzymosan4","male",NA,0,NA,"300GS",150,80,1970,"FITC-A","CX3CR1",-0.214354698610265
"BM_Neu_151_007.fcs",151,"mature neutrophils","Comp-PE-A",751,"MFI","Sternum","mouse38","rep2","WTzymosan4","male",NA,0,NA,"300GS",150,80,1970,"PE-A","DC-Trail-R1",2.31374494477189
"BM_Neu_151_007.fcs",151,"mature neutrophils","Comp-PE-Cy5-A",-510,"MFI","Sternum","mouse38","rep2","WTzymosan4","male",NA,0,NA,"300GS",150,80,1970,"PE-Cy5-A","CD150",-1.9378792776645
"BM_Neu_151_007.fcs",151,"mature neutrophils","Comp-PE-Cy7-A",527,"MFI","Sternum","mouse38","rep2","WTzymosan4","male",NA,0,NA,"300GS",150,80,1970,"PE-Cy7-A","CD101",1.96937698403905
"BM_Neu_151_007.fcs",151,"mature neutrophils","Comp-PE-Texas Red-A",2100,"MFI","Sternum","mouse38","rep2","WTzymosan4","male",NA,0,NA,"300GS",150,80,1970,"PE-Texas Red-A","ICAM1",3.33347758688399
"BM_Neu_152_008.fcs",152,"mature neutrophils","Comp-APC-A",-155,"MFI","Calvaria","mouse38","rep2","WTzymosan4","male",NA,0,NA,"300GS",300,80,1970,"APC-A","CD117",-0.904748498782685
"BM_Neu_152_008.fcs",152,"mature neutrophils","Comp-APC-Cy7-A",1257,"MFI","Calvaria","mouse38","rep2","WTzymosan4","male",NA,0,NA,"300GS",300,80,1970,"APC-Cy7-A","CD14",2.82253624966212
"BM_Neu_152_008.fcs",152,"mature neutrophils","Comp-BB700-A",576,"MFI","Calvaria","mouse38","rep2","WTzymosan4","male",NA,0,NA,"300GS",300,80,1970,"BB700-A","CD16/32",2.05515814465946
"BM_Neu_152_008.fcs",152,"mature neutrophils","Comp-BUV395-A",-349,"MFI","Calvaria","mouse38","rep2","WTzymosan4","male",NA,0,NA,"300GS",300,80,1970,"BUV395-A","Sca1",-1.5808597038437
"BM_Neu_152_008.fcs",152,"mature neutrophils","Comp-BUV496-A",1379,"MFI","Calvaria","mouse38","rep2","WTzymosan4","male",NA,0,NA,"300GS",300,80,1970,"BUV496-A","MHCII",2.91457069703178
"BM_Neu_152_008.fcs",152,"mature neutrophils","Comp-BUV563-A",306,"MFI","Calvaria","mouse38","rep2","WTzymosan4","male",NA,0,NA,"300GS",300,80,1970,"BUV563-A","CD106",1.46138223494202
"BM_Neu_152_008.fcs",152,"mature neutrophils","Comp-BUV615-A",369,"MFI","Calvaria","mouse38","rep2","WTzymosan4","male",NA,0,NA,"300GS",300,80,1970,"BUV615-A","CCR5",1.63227219252705
"BM_Neu_152_008.fcs",152,"mature neutrophils","Comp-BUV661-A",3220,"MFI","Calvaria","mouse38","rep2","WTzymosan4","male",NA,0,NA,"300GS",300,80,1970,"BUV661-A","CD74",3.76019059784372
"BM_Neu_152_008.fcs",152,"mature neutrophils","Comp-BUV737-A",7024,"MFI","Calvaria","mouse38","rep2","WTzymosan4","male",NA,0,NA,"300GS",300,80,1970,"BUV737-A","Ly6G",4.53971401506145
"BM_Neu_152_008.fcs",152,"mature neutrophils","Comp-BUV805-A",15030,"MFI","Calvaria","mouse38","rep2","WTzymosan4","male",NA,0,NA,"300GS",300,80,1970,"BUV805-A","CD45",5.30034026857993
"BM_Neu_152_008.fcs",152,"mature neutrophils","Comp-BV421-A",38.5,"MFI","Calvaria","mouse38","rep2","WTzymosan4","male",NA,0,NA,"300GS",300,80,1970,"BV421-A","PDL1",0.25392896858524
"BM_Neu_152_008.fcs",152,"mature neutrophils","Comp-BV570-A",387,"MFI","Calvaria","mouse38","rep2","WTzymosan4","male",NA,0,NA,"300GS",300,80,1970,"BV570-A","CD44",1.6765394071755
"BM_Neu_152_008.fcs",152,"mature neutrophils","Comp-BV605-A",-20.6,"MFI","Calvaria","mouse38","rep2","WTzymosan4","male",NA,0,NA,"300GS",300,80,1970,"BV605-A","CD115",-0.136905261982969
"BM_Neu_152_008.fcs",152,"mature neutrophils","Comp-BV650-A",4495,"MFI","Calvaria","mouse38","rep2","WTzymosan4","male",NA,0,NA,"300GS",300,80,1970,"BV650-A","Ly6C",4.09351111327677
"BM_Neu_152_008.fcs",152,"mature neutrophils","Comp-BV711-A",-25.8,"MFI","Calvaria","mouse38","rep2","WTzymosan4","male",NA,0,NA,"300GS",300,80,1970,"BV711-A","CD39",-0.171163020683482
"BM_Neu_152_008.fcs",152,"mature neutrophils","Comp-BV786-A",1397,"MFI","Calvaria","mouse38","rep2","WTzymosan4","male",NA,0,NA,"300GS",300,80,1970,"BV786-A","CD11b",2.9274641011665
"BM_Neu_152_008.fcs",152,"mature neutrophils","Comp-FITC-A",-32.6,"MFI","Calvaria","mouse38","rep2","WTzymosan4","male",NA,0,NA,"300GS",300,80,1970,"FITC-A","CX3CR1",-0.215657796050506
"BM_Neu_152_008.fcs",152,"mature neutrophils","Comp-PE-A",755,"MFI","Calvaria","mouse38","rep2","WTzymosan4","male",NA,0,NA,"300GS",300,80,1970,"PE-A","DC-Trail-R1",2.31895468054621
"BM_Neu_152_008.fcs",152,"mature neutrophils","Comp-PE-Cy5-A",-515,"MFI","Calvaria","mouse38","rep2","WTzymosan4","male",NA,0,NA,"300GS",300,80,1970,"PE-Cy5-A","CD150",-1.94724262975191
"BM_Neu_152_008.fcs",152,"mature neutrophils","Comp-PE-Cy7-A",523,"MFI","Calvaria","mouse38","rep2","WTzymosan4","male",NA,0,NA,"300GS",300,80,1970,"PE-Cy7-A","CD101",1.9620510582398
"BM_Neu_152_008.fcs",152,"mature neutrophils","Comp-PE-Texas Red-A",2191,"MFI","Calvaria","mouse38","rep2","WTzymosan4","male",NA,0,NA,"300GS",300,80,1970,"PE-Texas Red-A","ICAM1",3.37579492946191
"BM_Neu_153_009.fcs",153,"mature neutrophils","Comp-APC-A",-124,"MFI","Femur","mouse39","rep3","WTzymosan4","male",NA,0,NA,"300GS",450,50,1970,"APC-A","CD117",-0.753356261049646
"BM_Neu_153_009.fcs",153,"mature neutrophils","Comp-APC-Cy7-A",864,"MFI","Femur","mouse39","rep3","WTzymosan4","male",NA,0,NA,"300GS",450,50,1970,"APC-Cy7-A","CD14",2.45153608931832
"BM_Neu_153_009.fcs",153,"mature neutrophils","Comp-BB700-A",689,"MFI","Femur","mouse39","rep3","WTzymosan4","male",NA,0,NA,"300GS",450,50,1970,"BB700-A","CD16/32",2.22939700056835
"BM_Neu_153_009.fcs",153,"mature neutrophils","Comp-BUV395-A",-239,"MFI","Femur","mouse39","rep3","WTzymosan4","male",NA,0,NA,"300GS",450,50,1970,"BUV395-A","Sca1",-1.24544469974729
"BM_Neu_153_009.fcs",153,"mature neutrophils","Comp-BUV496-A",1319,"MFI","Femur","mouse39","rep3","WTzymosan4","male",NA,0,NA,"300GS",450,50,1970,"BUV496-A","MHCII",2.87035867321743
"BM_Neu_153_009.fcs",153,"mature neutrophils","Comp-BUV563-A",381,"MFI","Femur","mouse39","rep3","WTzymosan4","male",NA,0,NA,"300GS",450,50,1970,"BUV563-A","CD106",1.66198518020018
"BM_Neu_153_009.fcs",153,"mature neutrophils","Comp-BUV615-A",410,"MFI","Femur","mouse39","rep3","WTzymosan4","male",NA,0,NA,"300GS",450,50,1970,"BUV615-A","CCR5",1.73056657375255
"BM_Neu_153_009.fcs",153,"mature neutrophils","Comp-BUV661-A",3371,"MFI","Femur","mouse39","rep3","WTzymosan4","male",NA,0,NA,"300GS",450,50,1970,"BUV661-A","CD74",3.80597123436236
"BM_Neu_153_009.fcs",153,"mature neutrophils","Comp-BUV737-A",6170,"MFI","Femur","mouse39","rep3","WTzymosan4","male",NA,0,NA,"300GS",450,50,1970,"BUV737-A","Ly6G",4.41011372903152
"BM_Neu_153_009.fcs",153,"mature neutrophils","Comp-BUV805-A",13678,"MFI","Femur","mouse39","rep3","WTzymosan4","male",NA,0,NA,"300GS",450,50,1970,"BUV805-A","CD45",5.20608593288181
"BM_Neu_153_009.fcs",153,"mature neutrophils","Comp-BV421-A",-110,"MFI","Femur","mouse39","rep3","WTzymosan4","male",NA,0,NA,"300GS",450,50,1970,"BV421-A","PDL1",-0.679760485167312
"BM_Neu_153_009.fcs",153,"mature neutrophils","Comp-BV570-A",366,"MFI","Femur","mouse39","rep3","WTzymosan4","male",NA,0,NA,"300GS",450,50,1970,"BV570-A","CD44",1.62471422430774
"BM_Neu_153_009.fcs",153,"mature neutrophils","Comp-BV605-A",-54.3,"MFI","Femur","mouse39","rep3","WTzymosan4","male",NA,0,NA,"300GS",450,50,1970,"BV605-A","CD115",-0.354526504633623
"BM_Neu_153_009.fcs",153,"mature neutrophils","Comp-BV650-A",3969,"MFI","Femur","mouse39","rep3","WTzymosan4","male",NA,0,NA,"300GS",450,50,1970,"BV650-A","Ly6C",3.96913822387067
"BM_Neu_153_009.fcs",153,"mature neutrophils","Comp-BV711-A",-124,"MFI","Femur","mouse39","rep3","WTzymosan4","male",NA,0,NA,"300GS",450,50,1970,"BV711-A","CD39",-0.753356261049646
"BM_Neu_153_009.fcs",153,"mature neutrophils","Comp-BV786-A",930,"MFI","Femur","mouse39","rep3","WTzymosan4","male",NA,0,NA,"300GS",450,50,1970,"BV786-A","CD11b",2.52413757020033
"BM_Neu_153_009.fcs",153,"mature neutrophils","Comp-FITC-A",-20.5,"MFI","Femur","mouse39","rep3","WTzymosan4","male",NA,0,NA,"300GS",450,50,1970,"FITC-A","CX3CR1",-0.136244764947361
"BM_Neu_153_009.fcs",153,"mature neutrophils","Comp-PE-A",773,"MFI","Femur","mouse39","rep3","WTzymosan4","male",NA,0,NA,"300GS",450,50,1970,"PE-A","DC-Trail-R1",2.34207448941045
"BM_Neu_153_009.fcs",153,"mature neutrophils","Comp-PE-Cy5-A",-515,"MFI","Femur","mouse39","rep3","WTzymosan4","male",NA,0,NA,"300GS",450,50,1970,"PE-Cy5-A","CD150",-1.94724262975191
"BM_Neu_153_009.fcs",153,"mature neutrophils","Comp-PE-Cy7-A",398,"MFI","Femur","mouse39","rep3","WTzymosan4","male",NA,0,NA,"300GS",450,50,1970,"PE-Cy7-A","CD101",1.70271950105717
"BM_Neu_153_009.fcs",153,"mature neutrophils","Comp-PE-Texas Red-A",2271,"MFI","Femur","mouse39","rep3","WTzymosan4","male",NA,0,NA,"300GS",450,50,1970,"PE-Texas Red-A","ICAM1",3.41157630575082
"BM_Neu_154_010.fcs",154,"mature neutrophils","Comp-APC-A",-108,"MFI","Lumbar","mouse39","rep3","WTzymosan4","male",NA,0,NA,"300GS",450,40,1970,"APC-A","CD117",-0.66897422675428
"BM_Neu_154_010.fcs",154,"mature neutrophils","Comp-APC-Cy7-A",1144,"MFI","Lumbar","mouse39","rep3","WTzymosan4","male",NA,0,NA,"300GS",450,40,1970,"APC-Cy7-A","CD14",2.72906865063658
"BM_Neu_154_010.fcs",154,"mature neutrophils","Comp-BB700-A",596,"MFI","Lumbar","mouse39","rep3","WTzymosan4","male",NA,0,NA,"300GS",450,40,1970,"BB700-A","CD16/32",2.08822455744457
"BM_Neu_154_010.fcs",154,"mature neutrophils","Comp-BUV395-A",-281,"MFI","Lumbar","mouse39","rep3","WTzymosan4","male",NA,0,NA,"300GS",450,40,1970,"BUV395-A","Sca1",-1.38550977589813
"BM_Neu_154_010.fcs",154,"mature neutrophils","Comp-BUV496-A",1169,"MFI","Lumbar","mouse39","rep3","WTzymosan4","male",NA,0,NA,"300GS",450,40,1970,"BUV496-A","MHCII",2.75050683552141
"BM_Neu_154_010.fcs",154,"mature neutrophils","Comp-BUV563-A",232,"MFI","Lumbar","mouse39","rep3","WTzymosan4","male",NA,0,NA,"300GS",450,40,1970,"BUV563-A","CD106",1.22037354556735
"BM_Neu_154_010.fcs",154,"mature neutrophils","Comp-BUV615-A",396,"MFI","Lumbar","mouse39","rep3","WTzymosan4","male",NA,0,NA,"300GS",450,40,1970,"BUV615-A","CCR5",1.69800687542203
"BM_Neu_154_010.fcs",154,"mature neutrophils","Comp-BUV661-A",3218,"MFI","Lumbar","mouse39","rep3","WTzymosan4","male",NA,0,NA,"300GS",450,40,1970,"BUV661-A","CD74",3.7595699603196
"BM_Neu_154_010.fcs",154,"mature neutrophils","Comp-BUV737-A",5511,"MFI","Lumbar","mouse39","rep3","WTzymosan4","male",NA,0,NA,"300GS",450,40,1970,"BUV737-A","Ly6G",4.29719841775166
"BM_Neu_154_010.fcs",154,"mature neutrophils","Comp-BUV805-A",14122,"MFI","Lumbar","mouse39","rep3","WTzymosan4","male",NA,0,NA,"300GS",450,40,1970,"BUV805-A","CD45",5.23802923460708
"BM_Neu_154_010.fcs",154,"mature neutrophils","Comp-BV421-A",124,"MFI","Lumbar","mouse39","rep3","WTzymosan4","male",NA,0,NA,"300GS",450,40,1970,"BV421-A","PDL1",0.753356261049646
"BM_Neu_154_010.fcs",154,"mature neutrophils","Comp-BV570-A",551,"MFI","Lumbar","mouse39","rep3","WTzymosan4","male",NA,0,NA,"300GS",450,40,1970,"BV570-A","CD44",2.0122796152998
"BM_Neu_154_010.fcs",154,"mature neutrophils","Comp-BV605-A",274,"MFI","Lumbar","mouse39","rep3","WTzymosan4","male",NA,0,NA,"300GS",450,40,1970,"BV605-A","CD115",1.36331837919385
"BM_Neu_154_010.fcs",154,"mature neutrophils","Comp-BV650-A",5920,"MFI","Lumbar","mouse39","rep3","WTzymosan4","male",NA,0,NA,"300GS",450,40,1970,"BV650-A","Ly6C",4.36876407722099
"BM_Neu_154_010.fcs",154,"mature neutrophils","Comp-BV711-A",135,"MFI","Lumbar","mouse39","rep3","WTzymosan4","male",NA,0,NA,"300GS",450,40,1970,"BV711-A","CD39",0.808866935652782
"BM_Neu_154_010.fcs",154,"mature neutrophils","Comp-BV786-A",1761,"MFI","Lumbar","mouse39","rep3","WTzymosan4","male",NA,0,NA,"300GS",450,40,1970,"BV786-A","CD11b",3.15795793983867
"BM_Neu_154_010.fcs",154,"mature neutrophils","Comp-FITC-A",-33.7,"MFI","Lumbar","mouse39","rep3","WTzymosan4","male",NA,0,NA,"300GS",450,40,1970,"FITC-A","CX3CR1",-0.222818336459589
"BM_Neu_154_010.fcs",154,"mature neutrophils","Comp-PE-A",685,"MFI","Lumbar","mouse39","rep3","WTzymosan4","male",NA,0,NA,"300GS",450,40,1970,"PE-A","DC-Trail-R1",2.22370858196844
"BM_Neu_154_010.fcs",154,"mature neutrophils","Comp-PE-Cy5-A",-503,"MFI","Lumbar","mouse39","rep3","WTzymosan4","male",NA,0,NA,"300GS",450,40,1970,"PE-Cy5-A","CD150",-1.9246276677217
"BM_Neu_154_010.fcs",154,"mature neutrophils","Comp-PE-Cy7-A",405,"MFI","Lumbar","mouse39","rep3","WTzymosan4","male",NA,0,NA,"300GS",450,40,1970,"PE-Cy7-A","CD101",1.71905185120893
"BM_Neu_154_010.fcs",154,"mature neutrophils","Comp-PE-Texas Red-A",1990,"MFI","Lumbar","mouse39","rep3","WTzymosan4","male",NA,0,NA,"300GS",450,40,1970,"PE-Texas Red-A","ICAM1",3.27981920599196
"BM_Neu_155_011.fcs",155,"mature neutrophils","Comp-APC-A",-104,"MFI","Sternum","mouse39","rep3","WTzymosan4","male",NA,0,NA,"300GS",150,80,1970,"APC-A","CD117",-0.64719646764004
"BM_Neu_155_011.fcs",155,"mature neutrophils","Comp-APC-Cy7-A",1915,"MFI","Sternum","mouse39","rep3","WTzymosan4","male",NA,0,NA,"300GS",150,80,1970,"APC-Cy7-A","CD14",3.24151512832625
"BM_Neu_155_011.fcs",155,"mature neutrophils","Comp-BB700-A",572,"MFI","Sternum","mouse39","rep3","WTzymosan4","male",NA,0,NA,"300GS",150,80,1970,"BB700-A","CD16/32",2.04841589309061
"BM_Neu_155_011.fcs",155,"mature neutrophils","Comp-BUV395-A",-364,"MFI","Sternum","mouse39","rep3","WTzymosan4","male",NA,0,NA,"300GS",150,80,1970,"BUV395-A","Sca1",-1.61964604987109
"BM_Neu_155_011.fcs",155,"mature neutrophils","Comp-BUV496-A",1254,"MFI","Sternum","mouse39","rep3","WTzymosan4","male",NA,0,NA,"300GS",150,80,1970,"BUV496-A","MHCII",2.82016363578179
"BM_Neu_155_011.fcs",155,"mature neutrophils","Comp-BUV563-A",207,"MFI","Sternum","mouse39","rep3","WTzymosan4","male",NA,0,NA,"300GS",150,80,1970,"BUV563-A","CD106",1.12630204157766
"BM_Neu_155_011.fcs",155,"mature neutrophils","Comp-BUV615-A",376,"MFI","Sternum","mouse39","rep3","WTzymosan4","male",NA,0,NA,"300GS",150,80,1970,"BUV615-A","CCR5",1.6497042423148
"BM_Neu_155_011.fcs",155,"mature neutrophils","Comp-BUV661-A",2727,"MFI","Sternum","mouse39","rep3","WTzymosan4","male",NA,0,NA,"300GS",150,80,1970,"BUV661-A","CD74",3.59422481380735
"BM_Neu_155_011.fcs",155,"mature neutrophils","Comp-BUV737-A",6550,"MFI","Sternum","mouse39","rep3","WTzymosan4","male",NA,0,NA,"300GS",150,80,1970,"BUV737-A","Ly6G",4.46986330055586
"BM_Neu_155_011.fcs",155,"mature neutrophils","Comp-BUV805-A",15989,"MFI","Sternum","mouse39","rep3","WTzymosan4","male",NA,0,NA,"300GS",150,80,1970,"BUV805-A","CD45",5.36219015342279
"BM_Neu_155_011.fcs",155,"mature neutrophils","Comp-BV421-A",363,"MFI","Sternum","mouse39","rep3","WTzymosan4","male",NA,0,NA,"300GS",150,80,1970,"BV421-A","PDL1",1.61710302770692
"BM_Neu_155_011.fcs",155,"mature neutrophils","Comp-BV570-A",498,"MFI","Sternum","mouse39","rep3","WTzymosan4","male",NA,0,NA,"300GS",150,80,1970,"BV570-A","CD44",1.91505812057427
"BM_Neu_155_011.fcs",155,"mature neutrophils","Comp-BV605-A",208,"MFI","Sternum","mouse39","rep3","WTzymosan4","male",NA,0,NA,"300GS",150,80,1970,"BV605-A","CD115",1.13020769062923
"BM_Neu_155_011.fcs",155,"mature neutrophils","Comp-BV650-A",6193,"MFI","Sternum","mouse39","rep3","WTzymosan4","male",NA,0,NA,"300GS",150,80,1970,"BV650-A","Ly6C",4.41383341808054
"BM_Neu_155_011.fcs",155,"mature neutrophils","Comp-BV711-A",335,"MFI","Sternum","mouse39","rep3","WTzymosan4","male",NA,0,NA,"300GS",150,80,1970,"BV711-A","CD39",1.54336796937631
"BM_Neu_155_011.fcs",155,"mature neutrophils","Comp-BV786-A",2925,"MFI","Sternum","mouse39","rep3","WTzymosan4","male",NA,0,NA,"300GS",150,80,1970,"BV786-A","CD11b",3.66421846088644
"BM_Neu_155_011.fcs",155,"mature neutrophils","Comp-FITC-A",-37.9,"MFI","Sternum","mouse39","rep3","WTzymosan4","male",NA,0,NA,"300GS",150,80,1970,"FITC-A","CX3CR1",-0.250052694218997
"BM_Neu_155_011.fcs",155,"mature neutrophils","Comp-PE-A",674,"MFI","Sternum","mouse39","rep3","WTzymosan4","male",NA,0,NA,"300GS",150,80,1970,"PE-A","DC-Trail-R1",2.20790048377598
"BM_Neu_155_011.fcs",155,"mature neutrophils","Comp-PE-Cy5-A",-506,"MFI","Sternum","mouse39","rep3","WTzymosan4","male",NA,0,NA,"300GS",150,80,1970,"PE-Cy5-A","CD150",-1.93032755843526
"BM_Neu_155_011.fcs",155,"mature neutrophils","Comp-PE-Cy7-A",602,"MFI","Sternum","mouse39","rep3","WTzymosan4","male",NA,0,NA,"300GS",150,80,1970,"PE-Cy7-A","CD101",2.09794129320972
"BM_Neu_155_011.fcs",155,"mature neutrophils","Comp-PE-Texas Red-A",1766,"MFI","Sternum","mouse39","rep3","WTzymosan4","male",NA,0,NA,"300GS",150,80,1970,"PE-Texas Red-A","ICAM1",3.16078301135735
"BM_Neu_156_012.fcs",156,"mature neutrophils","Comp-APC-A",-155,"MFI","Calvaria","mouse39","rep3","WTzymosan4","male",NA,0,NA,"300GS",300,80,1970,"APC-A","CD117",-0.904748498782685
"BM_Neu_156_012.fcs",156,"mature neutrophils","Comp-APC-Cy7-A",2014,"MFI","Calvaria","mouse39","rep3","WTzymosan4","male",NA,0,NA,"300GS",300,80,1970,"APC-Cy7-A","CD14",3.29177385122049
"BM_Neu_156_012.fcs",156,"mature neutrophils","Comp-BB700-A",617,"MFI","Calvaria","mouse39","rep3","WTzymosan4","male",NA,0,NA,"300GS",300,80,1970,"BB700-A","CD16/32",2.12183961586225
"BM_Neu_156_012.fcs",156,"mature neutrophils","Comp-BUV395-A",-399,"MFI","Calvaria","mouse39","rep3","WTzymosan4","male",NA,0,NA,"300GS",300,80,1970,"BUV395-A","Sca1",-1.70506804432412
"BM_Neu_156_012.fcs",156,"mature neutrophils","Comp-BUV496-A",1121,"MFI","Calvaria","mouse39","rep3","WTzymosan4","male",NA,0,NA,"300GS",300,80,1970,"BUV496-A","MHCII",2.7089347689711
"BM_Neu_156_012.fcs",156,"mature neutrophils","Comp-BUV563-A",234,"MFI","Calvaria","mouse39","rep3","WTzymosan4","male",NA,0,NA,"300GS",300,80,1970,"BUV563-A","CD106",1.22759095838141
"BM_Neu_156_012.fcs",156,"mature neutrophils","Comp-BUV615-A",432,"MFI","Calvaria","mouse39","rep3","WTzymosan4","male",NA,0,NA,"300GS",300,80,1970,"BUV615-A","CCR5",1.77980021523709
"BM_Neu_156_012.fcs",156,"mature neutrophils","Comp-BUV661-A",4222,"MFI","Calvaria","mouse39","rep3","WTzymosan4","male",NA,0,NA,"300GS",300,80,1970,"BUV661-A","CD74",4.03089152860129
"BM_Neu_156_012.fcs",156,"mature neutrophils","Comp-BUV737-A",7965,"MFI","Calvaria","mouse39","rep3","WTzymosan4","male",NA,0,NA,"300GS",300,80,1970,"BUV737-A","Ly6G",4.66541276176242
"BM_Neu_156_012.fcs",156,"mature neutrophils","Comp-BUV805-A",19364,"MFI","Calvaria","mouse39","rep3","WTzymosan4","male",NA,0,NA,"300GS",300,80,1970,"BUV805-A","CD45",5.55369783860602
"BM_Neu_156_012.fcs",156,"mature neutrophils","Comp-BV421-A",370,"MFI","Calvaria","mouse39","rep3","WTzymosan4","male",NA,0,NA,"300GS",300,80,1970,"BV421-A","PDL1",1.63477980434798
"BM_Neu_156_012.fcs",156,"mature neutrophils","Comp-BV570-A",761,"MFI","Calvaria","mouse39","rep3","WTzymosan4","male",NA,0,NA,"300GS",300,80,1970,"BV570-A","CD44",2.32671970568579
"BM_Neu_156_012.fcs",156,"mature neutrophils","Comp-BV605-A",494,"MFI","Calvaria","mouse39","rep3","WTzymosan4","male",NA,0,NA,"300GS",300,80,1970,"BV605-A","CD115",1.90733884060991
"BM_Neu_156_012.fcs",156,"mature neutrophils","Comp-BV650-A",8455,"MFI","Calvaria","mouse39","rep3","WTzymosan4","male",NA,0,NA,"300GS",300,80,1970,"BV650-A","Ly6C",4.72510382411849
"BM_Neu_156_012.fcs",156,"mature neutrophils","Comp-BV711-A",391,"MFI","Calvaria","mouse39","rep3","WTzymosan4","male",NA,0,NA,"300GS",300,80,1970,"BV711-A","CD39",1.68613366872935
"BM_Neu_156_012.fcs",156,"mature neutrophils","Comp-BV786-A",3096,"MFI","Calvaria","mouse39","rep3","WTzymosan4","male",NA,0,NA,"300GS",300,80,1970,"BV786-A","CD11b",3.72096444650748
"BM_Neu_156_012.fcs",156,"mature neutrophils","Comp-FITC-A",-42.6,"MFI","Calvaria","mouse39","rep3","WTzymosan4","male",NA,0,NA,"300GS",300,80,1970,"FITC-A","CX3CR1",-0.280314539794616
"BM_Neu_156_012.fcs",156,"mature neutrophils","Comp-PE-A",862,"MFI","Calvaria","mouse39","rep3","WTzymosan4","male",NA,0,NA,"300GS",300,80,1970,"PE-A","DC-Trail-R1",2.44925282415677
"BM_Neu_156_012.fcs",156,"mature neutrophils","Comp-PE-Cy5-A",-640,"MFI","Calvaria","mouse39","rep3","WTzymosan4","male",NA,0,NA,"300GS",300,80,1970,"PE-Cy5-A","CD150",-2.15743841743625
"BM_Neu_156_012.fcs",156,"mature neutrophils","Comp-PE-Cy7-A",509,"MFI","Calvaria","mouse39","rep3","WTzymosan4","male",NA,0,NA,"300GS",300,80,1970,"PE-Cy7-A","CD101",1.93599646949046
"BM_Neu_156_012.fcs",156,"mature neutrophils","Comp-PE-Texas Red-A",2571,"MFI","Calvaria","mouse39","rep3","WTzymosan4","male",NA,0,NA,"300GS",300,80,1970,"PE-Texas Red-A","ICAM1",3.53541198761379
"BM_Neu_157_013.fcs",157,"mature neutrophils","Comp-APC-A",-121,"MFI","Femur","mouse40","rep4","WTzymosan4","male",NA,0,NA,"300GS",450,50,1970,"APC-A","CD117",-0.737865587480073
"BM_Neu_157_013.fcs",157,"mature neutrophils","Comp-APC-Cy7-A",2194,"MFI","Femur","mouse40","rep4","WTzymosan4","male",NA,0,NA,"300GS",450,50,1970,"APC-Cy7-A","CD14",3.3771600396483
"BM_Neu_157_013.fcs",157,"mature neutrophils","Comp-BB700-A",583,"MFI","Femur","mouse40","rep4","WTzymosan4","male",NA,0,NA,"300GS",450,50,1970,"BB700-A","CD16/32",2.06685224583064
"BM_Neu_157_013.fcs",157,"mature neutrophils","Comp-BUV395-A",-312,"MFI","Femur","mouse40","rep4","WTzymosan4","male",NA,0,NA,"300GS",450,50,1970,"BUV395-A","Sca1",-1.47885063373679
"BM_Neu_157_013.fcs",157,"mature neutrophils","Comp-BUV496-A",1339,"MFI","Femur","mouse40","rep4","WTzymosan4","male",NA,0,NA,"300GS",450,50,1970,"BUV496-A","MHCII",2.88531290836576
"BM_Neu_157_013.fcs",157,"mature neutrophils","Comp-BUV563-A",251,"MFI","Femur","mouse40","rep4","WTzymosan4","male",NA,0,NA,"300GS",450,50,1970,"BUV563-A","CD106",1.28722059847005
"BM_Neu_157_013.fcs",157,"mature neutrophils","Comp-BUV615-A",388,"MFI","Femur","mouse40","rep4","WTzymosan4","male",NA,0,NA,"300GS",450,50,1970,"BUV615-A","CCR5",1.6789460354604
"BM_Neu_157_013.fcs",157,"mature neutrophils","Comp-BUV661-A",2853,"MFI","Femur","mouse40","rep4","WTzymosan4","male",NA,0,NA,"300GS",450,50,1970,"BUV661-A","CD74",3.6393285875547
"BM_Neu_157_013.fcs",157,"mature neutrophils","Comp-BUV737-A",7535,"MFI","Femur","mouse40","rep4","WTzymosan4","male",NA,0,NA,"300GS",450,50,1970,"BUV737-A","Ly6G",4.60992505596387
"BM_Neu_157_013.fcs",157,"mature neutrophils","Comp-BUV805-A",16362,"MFI","Femur","mouse40","rep4","WTzymosan4","male",NA,0,NA,"300GS",450,50,1970,"BUV805-A","CD45",5.38524974902163
"BM_Neu_157_013.fcs",157,"mature neutrophils","Comp-BV421-A",335,"MFI","Femur","mouse40","rep4","WTzymosan4","male",NA,0,NA,"300GS",450,50,1970,"BV421-A","PDL1",1.54336796937631
"BM_Neu_157_013.fcs",157,"mature neutrophils","Comp-BV570-A",440,"MFI","Femur","mouse40","rep4","WTzymosan4","male",NA,0,NA,"300GS",450,50,1970,"BV570-A","CD44",1.79715109930739
"BM_Neu_157_013.fcs",157,"mature neutrophils","Comp-BV605-A",103,"MFI","Femur","mouse40","rep4","WTzymosan4","male",NA,0,NA,"300GS",450,50,1970,"BV605-A","CD115",0.641709267092569
"BM_Neu_157_013.fcs",157,"mature neutrophils","Comp-BV650-A",5707,"MFI","Femur","mouse40","rep4","WTzymosan4","male",NA,0,NA,"300GS",450,50,1970,"BV650-A","Ly6C",4.33213331802054
"BM_Neu_157_013.fcs",157,"mature neutrophils","Comp-BV711-A",347,"MFI","Femur","mouse40","rep4","WTzymosan4","male",NA,0,NA,"300GS",450,50,1970,"BV711-A","CD39",1.57558196983791
"BM_Neu_157_013.fcs",157,"mature neutrophils","Comp-BV786-A",2693,"MFI","Femur","mouse40","rep4","WTzymosan4","male",NA,0,NA,"300GS",450,50,1970,"BV786-A","CD11b",3.58169769991033
"BM_Neu_157_013.fcs",157,"mature neutrophils","Comp-FITC-A",-41,"MFI","Femur","mouse40","rep4","WTzymosan4","male",NA,0,NA,"300GS",450,50,1970,"FITC-A","CX3CR1",-0.270039409691763
"BM_Neu_157_013.fcs",157,"mature neutrophils","Comp-PE-A",729,"MFI","Femur","mouse40","rep4","WTzymosan4","male",NA,0,NA,"300GS",450,50,1970,"PE-A","DC-Trail-R1",2.28460584912699
"BM_Neu_157_013.fcs",157,"mature neutrophils","Comp-PE-Cy5-A",-531,"MFI","Femur","mouse40","rep4","WTzymosan4","male",NA,0,NA,"300GS",450,50,1970,"PE-Cy5-A","CD150",-1.97665165191078
"BM_Neu_157_013.fcs",157,"mature neutrophils","Comp-PE-Cy7-A",633,"MFI","Femur","mouse40","rep4","WTzymosan4","male",NA,0,NA,"300GS",450,50,1970,"PE-Cy7-A","CD101",2.14673391132091
"BM_Neu_157_013.fcs",157,"mature neutrophils","Comp-PE-Texas Red-A",1901,"MFI","Femur","mouse40","rep4","WTzymosan4","male",NA,0,NA,"300GS",450,50,1970,"PE-Texas Red-A","ICAM1",3.23420014013805
"BM_Neu_158_014.fcs",158,"mature neutrophils","Comp-APC-A",-103,"MFI","Lumbar","mouse40","rep4","WTzymosan4","male",NA,0,NA,"300GS",450,40,1970,"APC-A","CD117",-0.641709267092569
"BM_Neu_158_014.fcs",158,"mature neutrophils","Comp-APC-Cy7-A",2176,"MFI","Lumbar","mouse40","rep4","WTzymosan4","male",NA,0,NA,"300GS",450,40,1970,"APC-Cy7-A","CD14",3.36894135111524
"BM_Neu_158_014.fcs",158,"mature neutrophils","Comp-BB700-A",620,"MFI","Lumbar","mouse40","rep4","WTzymosan4","male",NA,0,NA,"300GS",450,40,1970,"BB700-A","CD16/32",2.12655342320355
"BM_Neu_158_014.fcs",158,"mature neutrophils","Comp-BUV395-A",-402,"MFI","Lumbar","mouse40","rep4","WTzymosan4","male",NA,0,NA,"300GS",450,40,1970,"BUV395-A","Sca1",-1.71208284859016
"BM_Neu_158_014.fcs",158,"mature neutrophils","Comp-BUV496-A",1324,"MFI","Lumbar","mouse40","rep4","WTzymosan4","male",NA,0,NA,"300GS",450,40,1970,"BUV496-A","MHCII",2.8741181161722
"BM_Neu_158_014.fcs",158,"mature neutrophils","Comp-BUV563-A",246,"MFI","Lumbar","mouse40","rep4","WTzymosan4","male",NA,0,NA,"300GS",450,40,1970,"BUV563-A","CD106",1.26999454910272
"BM_Neu_158_014.fcs",158,"mature neutrophils","Comp-BUV615-A",318,"MFI","Lumbar","mouse40","rep4","WTzymosan4","male",NA,0,NA,"300GS",450,40,1970,"BUV615-A","CCR5",1.49604828328163
"BM_Neu_158_014.fcs",158,"mature neutrophils","Comp-BUV661-A",2755,"MFI","Lumbar","mouse40","rep4","WTzymosan4","male",NA,0,NA,"300GS",450,40,1970,"BUV661-A","CD74",3.60442488982986
"BM_Neu_158_014.fcs",158,"mature neutrophils","Comp-BUV737-A",7149,"MFI","Lumbar","mouse40","rep4","WTzymosan4","male",NA,0,NA,"300GS",450,40,1970,"BUV737-A","Ly6G",4.55734969467932
"BM_Neu_158_014.fcs",158,"mature neutrophils","Comp-BUV805-A",16563,"MFI","Lumbar","mouse40","rep4","WTzymosan4","male",NA,0,NA,"300GS",450,40,1970,"BUV805-A","CD45",5.3974589610652
"BM_Neu_158_014.fcs",158,"mature neutrophils","Comp-BV421-A",163,"MFI","Lumbar","mouse40","rep4","WTzymosan4","male",NA,0,NA,"300GS",450,40,1970,"BV421-A","PDL1",0.941348120842668
"BM_Neu_158_014.fcs",158,"mature neutrophils","Comp-BV570-A",381,"MFI","Lumbar","mouse40","rep4","WTzymosan4","male",NA,0,NA,"300GS",450,40,1970,"BV570-A","CD44",1.66198518020018
"BM_Neu_158_014.fcs",158,"mature neutrophils","Comp-BV605-A",3.77,"MFI","Lumbar","mouse40","rep4","WTzymosan4","male",NA,0,NA,"300GS",450,40,1970,"BV605-A","CD115",0.0251306880292626
"BM_Neu_158_014.fcs",158,"mature neutrophils","Comp-BV650-A",4640,"MFI","Lumbar","mouse40","rep4","WTzymosan4","male",NA,0,NA,"300GS",450,40,1970,"BV650-A","Ly6C",4.12524269755927
"BM_Neu_158_014.fcs",158,"mature neutrophils","Comp-BV711-A",145,"MFI","Lumbar","mouse40","rep4","WTzymosan4","male",NA,0,NA,"300GS",450,40,1970,"BV711-A","CD39",0.857605865457564
"BM_Neu_158_014.fcs",158,"mature neutrophils","Comp-BV786-A",1995,"MFI","Lumbar","mouse40","rep4","WTzymosan4","male",NA,0,NA,"300GS",450,40,1970,"BV786-A","CD11b",3.28232153671022
"BM_Neu_158_014.fcs",158,"mature neutrophils","Comp-FITC-A",-34,"MFI","Lumbar","mouse40","rep4","WTzymosan4","male",NA,0,NA,"300GS",450,40,1970,"FITC-A","CX3CR1",-0.224769276774651
"BM_Neu_158_014.fcs",158,"mature neutrophils","Comp-PE-A",757,"MFI","Lumbar","mouse40","rep4","WTzymosan4","male",NA,0,NA,"300GS",450,40,1970,"PE-A","DC-Trail-R1",2.32154959976744
"BM_Neu_158_014.fcs",158,"mature neutrophils","Comp-PE-Cy5-A",-524,"MFI","Lumbar","mouse40","rep4","WTzymosan4","male",NA,0,NA,"300GS",450,40,1970,"PE-Cy5-A","CD150",-1.96388738302674
"BM_Neu_158_014.fcs",158,"mature neutrophils","Comp-PE-Cy7-A",651,"MFI","Lumbar","mouse40","rep4","WTzymosan4","male",NA,0,NA,"300GS",450,40,1970,"PE-Cy7-A","CD101",2.17403755155916
"BM_Neu_158_014.fcs",158,"mature neutrophils","Comp-PE-Texas Red-A",1929,"MFI","Lumbar","mouse40","rep4","WTzymosan4","male",NA,0,NA,"300GS",450,40,1970,"PE-Texas Red-A","ICAM1",3.24877715685171
"BM_Neu_159_015.fcs",159,"mature neutrophils","Comp-APC-A",-101,"MFI","Sternum","mouse40","rep4","WTzymosan4","male",NA,0,NA,"300GS",150,80,1970,"APC-A","CD117",-0.63068358327089
"BM_Neu_159_015.fcs",159,"mature neutrophils","Comp-APC-Cy7-A",2112,"MFI","Sternum","mouse40","rep4","WTzymosan4","male",NA,0,NA,"300GS",150,80,1970,"APC-Cy7-A","CD14",3.33916120950289
"BM_Neu_159_015.fcs",159,"mature neutrophils","Comp-BB700-A",614,"MFI","Sternum","mouse40","rep4","WTzymosan4","male",NA,0,NA,"300GS",150,80,1970,"BB700-A","CD16/32",2.11710411805747
"BM_Neu_159_015.fcs",159,"mature neutrophils","Comp-BUV395-A",-347,"MFI","Sternum","mouse40","rep4","WTzymosan4","male",NA,0,NA,"300GS",150,80,1970,"BUV395-A","Sca1",-1.57558196983791
"BM_Neu_159_015.fcs",159,"mature neutrophils","Comp-BUV496-A",1292,"MFI","Sternum","mouse40","rep4","WTzymosan4","male",NA,0,NA,"300GS",150,80,1970,"BUV496-A","MHCII",2.84981141301167
"BM_Neu_159_015.fcs",159,"mature neutrophils","Comp-BUV563-A",247,"MFI","Sternum","mouse40","rep4","WTzymosan4","male",NA,0,NA,"300GS",150,80,1970,"BUV563-A","CD106",1.27346013116564
"BM_Neu_159_015.fcs",159,"mature neutrophils","Comp-BUV615-A",320,"MFI","Sternum","mouse40","rep4","WTzymosan4","male",NA,0,NA,"300GS",150,80,1970,"BUV615-A","CCR5",1.50172194478928
"BM_Neu_159_015.fcs",159,"mature neutrophils","Comp-BUV661-A",2720,"MFI","Sternum","mouse40","rep4","WTzymosan4","male",NA,0,NA,"300GS",150,80,1970,"BUV661-A","CD74",3.59165847965697
"BM_Neu_159_015.fcs",159,"mature neutrophils","Comp-BUV737-A",7312,"MFI","Sternum","mouse40","rep4","WTzymosan4","male",NA,0,NA,"300GS",150,80,1970,"BUV737-A","Ly6G",4.57988919133669
"BM_Neu_159_015.fcs",159,"mature neutrophils","Comp-BUV805-A",15592,"MFI","Sternum","mouse40","rep4","WTzymosan4","male",NA,0,NA,"300GS",150,80,1970,"BUV805-A","CD45",5.33704826447825
"BM_Neu_159_015.fcs",159,"mature neutrophils","Comp-BV421-A",233,"MFI","Sternum","mouse40","rep4","WTzymosan4","male",NA,0,NA,"300GS",150,80,1970,"BV421-A","PDL1",1.22398772689925
"BM_Neu_159_015.fcs",159,"mature neutrophils","Comp-BV570-A",404,"MFI","Sternum","mouse40","rep4","WTzymosan4","male",NA,0,NA,"300GS",150,80,1970,"BV570-A","CD44",1.71673390504148
"BM_Neu_159_015.fcs",159,"mature neutrophils","Comp-BV605-A",52.4,"MFI","Sternum","mouse40","rep4","WTzymosan4","male",NA,0,NA,"300GS",150,80,1970,"BV605-A","CD115",0.342592250809907
"BM_Neu_159_015.fcs",159,"mature neutrophils","Comp-BV650-A",5170,"MFI","Sternum","mouse40","rep4","WTzymosan4","male",NA,0,NA,"300GS",150,80,1970,"BV650-A","Ly6C",4.23335023393648
"BM_Neu_159_015.fcs",159,"mature neutrophils","Comp-BV711-A",241,"MFI","Sternum","mouse40","rep4","WTzymosan4","male",NA,0,NA,"300GS",150,80,1970,"BV711-A","CD39",1.25251136929742
"BM_Neu_159_015.fcs",159,"mature neutrophils","Comp-BV786-A",2255,"MFI","Sternum","mouse40","rep4","WTzymosan4","male",NA,0,NA,"300GS",150,80,1970,"BV786-A","CD11b",3.40452149666917
"BM_Neu_159_015.fcs",159,"mature neutrophils","Comp-FITC-A",-35.9,"MFI","Sternum","mouse40","rep4","WTzymosan4","male",NA,0,NA,"300GS",150,80,1970,"FITC-A","CX3CR1",-0.237105441952907
"BM_Neu_159_015.fcs",159,"mature neutrophils","Comp-PE-A",722,"MFI","Sternum","mouse40","rep4","WTzymosan4","male",NA,0,NA,"300GS",150,80,1970,"PE-A","DC-Trail-R1",2.27515710389419
"BM_Neu_159_015.fcs",159,"mature neutrophils","Comp-PE-Cy5-A",-516,"MFI","Sternum","mouse40","rep4","WTzymosan4","male",NA,0,NA,"300GS",150,80,1970,"PE-Cy5-A","CD150",-1.94910524347328
"BM_Neu_159_015.fcs",159,"mature neutrophils","Comp-PE-Cy7-A",632,"MFI","Sternum","mouse40","rep4","WTzymosan4","male",NA,0,NA,"300GS",150,80,1970,"PE-Cy7-A","CD101",2.14519555190545
"BM_Neu_159_015.fcs",159,"mature neutrophils","Comp-PE-Texas Red-A",1839,"MFI","Sternum","mouse40","rep4","WTzymosan4","male",NA,0,NA,"300GS",150,80,1970,"PE-Texas Red-A","ICAM1",3.20114823259198
"BM_Neu_160_016.fcs",160,"mature neutrophils","Comp-APC-A",-35.2,"MFI","Calvaria","mouse40","rep4","WTzymosan4","male",NA,0,NA,"300GS",300,80,1970,"APC-A","CD117",-0.232564564732727
"BM_Neu_160_016.fcs",160,"mature neutrophils","Comp-APC-Cy7-A",2827,"MFI","Calvaria","mouse40","rep4","WTzymosan4","male",NA,0,NA,"300GS",300,80,1970,"APC-Cy7-A","CD14",3.63018633732325
"BM_Neu_160_016.fcs",160,"mature neutrophils","Comp-BB700-A",633,"MFI","Calvaria","mouse40","rep4","WTzymosan4","male",NA,0,NA,"300GS",300,80,1970,"BB700-A","CD16/32",2.14673391132091
"BM_Neu_160_016.fcs",160,"mature neutrophils","Comp-BUV395-A",-443,"MFI","Calvaria","mouse40","rep4","WTzymosan4","male",NA,0,NA,"300GS",300,80,1970,"BUV395-A","Sca1",-1.80358494332159
"BM_Neu_160_016.fcs",160,"mature neutrophils","Comp-BUV496-A",1233,"MFI","Calvaria","mouse40","rep4","WTzymosan4","male",NA,0,NA,"300GS",300,80,1970,"BUV496-A","MHCII",2.80339697676513
"BM_Neu_160_016.fcs",160,"mature neutrophils","Comp-BUV563-A",245,"MFI","Calvaria","mouse40","rep4","WTzymosan4","male",NA,0,NA,"300GS",300,80,1970,"BUV563-A","CD106",1.26651868230151
"BM_Neu_160_016.fcs",160,"mature neutrophils","Comp-BUV615-A",59.5,"MFI","Calvaria","mouse40","rep4","WTzymosan4","male",NA,0,NA,"300GS",300,80,1970,"BUV615-A","CCR5",0.386938621682965
"BM_Neu_160_016.fcs",160,"mature neutrophils","Comp-BUV661-A",2048,"MFI","Calvaria","mouse40","rep4","WTzymosan4","male",NA,0,NA,"300GS",300,80,1970,"BUV661-A","CD74",3.30846928730058
"BM_Neu_160_016.fcs",160,"mature neutrophils","Comp-BUV737-A",6588,"MFI","Calvaria","mouse40","rep4","WTzymosan4","male",NA,0,NA,"300GS",300,80,1970,"BUV737-A","Ly6G",4.47564655565995
"BM_Neu_160_016.fcs",160,"mature neutrophils","Comp-BUV805-A",13395,"MFI","Calvaria","mouse40","rep4","WTzymosan4","male",NA,0,NA,"300GS",300,80,1970,"BUV805-A","CD45",5.18518001693548
"BM_Neu_160_016.fcs",160,"mature neutrophils","Comp-BV421-A",-16.8,"MFI","Calvaria","mouse40","rep4","WTzymosan4","male",NA,0,NA,"300GS",300,80,1970,"BV421-A","PDL1",-0.111767157303963
"BM_Neu_160_016.fcs",160,"mature neutrophils","Comp-BV570-A",259,"MFI","Calvaria","mouse40","rep4","WTzymosan4","male",NA,0,NA,"300GS",300,80,1970,"BV570-A","CD44",1.31426268425644
"BM_Neu_160_016.fcs",160,"mature neutrophils","Comp-BV605-A",-143,"MFI","Calvaria","mouse40","rep4","WTzymosan4","male",NA,0,NA,"300GS",300,80,1970,"BV605-A","CD115",-0.847987351574602
"BM_Neu_160_016.fcs",160,"mature neutrophils","Comp-BV650-A",2911,"MFI","Calvaria","mouse40","rep4","WTzymosan4","male",NA,0,NA,"300GS",300,80,1970,"BV650-A","Ly6C",3.65942697156074
"BM_Neu_160_016.fcs",160,"mature neutrophils","Comp-BV711-A",-68.4,"MFI","Calvaria","mouse40","rep4","WTzymosan4","male",NA,0,NA,"300GS",300,80,1970,"BV711-A","CD39",-0.44151504180046
"BM_Neu_160_016.fcs",160,"mature neutrophils","Comp-BV786-A",1047,"MFI","Calvaria","mouse40","rep4","WTzymosan4","male",NA,0,NA,"300GS",300,80,1970,"BV786-A","CD11b",2.64128836680463
"BM_Neu_160_016.fcs",160,"mature neutrophils","Comp-FITC-A",-30.6,"MFI","Calvaria","mouse40","rep4","WTzymosan4","male",NA,0,NA,"300GS",300,80,1970,"FITC-A","CX3CR1",-0.202610915585898
"BM_Neu_160_016.fcs",160,"mature neutrophils","Comp-PE-A",734,"MFI","Calvaria","mouse40","rep4","WTzymosan4","male",NA,0,NA,"300GS",300,80,1970,"PE-A","DC-Trail-R1",2.29130181396408
"BM_Neu_160_016.fcs",160,"mature neutrophils","Comp-PE-Cy5-A",-468,"MFI","Calvaria","mouse40","rep4","WTzymosan4","male",NA,0,NA,"300GS",300,80,1970,"PE-Cy5-A","CD150",-1.85572586122409
"BM_Neu_160_016.fcs",160,"mature neutrophils","Comp-PE-Cy7-A",621,"MFI","Calvaria","mouse40","rep4","WTzymosan4","male",NA,0,NA,"300GS",300,80,1970,"PE-Cy7-A","CD101",2.12811990547602
"BM_Neu_160_016.fcs",160,"mature neutrophils","Comp-PE-Texas Red-A",1870,"MFI","Calvaria","mouse40","rep4","WTzymosan4","male",NA,0,NA,"300GS",300,80,1970,"PE-Texas Red-A","ICAM1",3.21781029648176
"BM_Neu_161_017.fcs",161,"mature neutrophils","Comp-APC-A",-74.6,"MFI","Femur","mouse41","rep1","15LOzymosan4","male",NA,0,NA,"300GS",450,50,1970,"APC-A","CD117",-0.478825414717584
"BM_Neu_161_017.fcs",161,"mature neutrophils","Comp-APC-Cy7-A",1981,"MFI","Femur","mouse41","rep1","15LOzymosan4","male",NA,0,NA,"300GS",450,50,1970,"APC-Cy7-A","CD14",3.27529921555728
"BM_Neu_161_017.fcs",161,"mature neutrophils","Comp-BB700-A",690,"MFI","Femur","mouse41","rep1","15LOzymosan4","male",NA,0,NA,"300GS",450,50,1970,"BB700-A","CD16/32",2.23081417900093
"BM_Neu_161_017.fcs",161,"mature neutrophils","Comp-BUV395-A",-332,"MFI","Femur","mouse41","rep1","15LOzymosan4","male",NA,0,NA,"300GS",450,50,1970,"BUV395-A","Sca1",-1.53516405275124
"BM_Neu_161_017.fcs",161,"mature neutrophils","Comp-BUV496-A",1242,"MFI","Femur","mouse41","rep1","15LOzymosan4","male",NA,0,NA,"300GS",450,50,1970,"BUV496-A","MHCII",2.81061688949772
"BM_Neu_161_017.fcs",161,"mature neutrophils","Comp-BUV563-A",289,"MFI","Femur","mouse41","rep1","15LOzymosan4","male",NA,0,NA,"300GS",450,50,1970,"BUV563-A","CD106",1.4103504472979
"BM_Neu_161_017.fcs",161,"mature neutrophils","Comp-BUV615-A",253,"MFI","Femur","mouse41","rep1","15LOzymosan4","male",NA,0,NA,"300GS",450,50,1970,"BUV615-A","CCR5",1.29404039932644
"BM_Neu_161_017.fcs",161,"mature neutrophils","Comp-BUV661-A",2950,"MFI","Femur","mouse41","rep1","15LOzymosan4","male",NA,0,NA,"300GS",450,50,1970,"BUV661-A","CD74",3.67271807599948
"BM_Neu_161_017.fcs",161,"mature neutrophils","Comp-BUV737-A",6729,"MFI","Femur","mouse41","rep1","15LOzymosan4","male",NA,0,NA,"300GS",450,50,1970,"BUV737-A","Ly6G",4.49681791507475
"BM_Neu_161_017.fcs",161,"mature neutrophils","Comp-BUV805-A",14949,"MFI","Femur","mouse41","rep1","15LOzymosan4","male",NA,0,NA,"300GS",450,50,1970,"BUV805-A","CD45",5.29493674333385
"BM_Neu_161_017.fcs",161,"mature neutrophils","Comp-BV421-A",148,"MFI","Femur","mouse41","rep1","15LOzymosan4","male",NA,0,NA,"300GS",450,50,1970,"BV421-A","PDL1",0.871914000153248
"BM_Neu_161_017.fcs",161,"mature neutrophils","Comp-BV570-A",467,"MFI","Femur","mouse41","rep1","15LOzymosan4","male",NA,0,NA,"300GS",450,50,1970,"BV570-A","CD44",1.85368909618832
"BM_Neu_161_017.fcs",161,"mature neutrophils","Comp-BV605-A",133,"MFI","Femur","mouse41","rep1","15LOzymosan4","male",NA,0,NA,"300GS",450,50,1970,"BV605-A","CD115",0.798923439306939
"BM_Neu_161_017.fcs",161,"mature neutrophils","Comp-BV650-A",5181,"MFI","Femur","mouse41","rep1","15LOzymosan4","male",NA,0,NA,"300GS",450,50,1970,"BV650-A","Ly6C",4.23547474114426
"BM_Neu_161_017.fcs",161,"mature neutrophils","Comp-BV711-A",175,"MFI","Femur","mouse41","rep1","15LOzymosan4","male",NA,0,NA,"300GS",450,50,1970,"BV711-A","CD39",0.994457493817766
"BM_Neu_161_017.fcs",161,"mature neutrophils","Comp-BV786-A",1852,"MFI","Femur","mouse41","rep1","15LOzymosan4","male",NA,0,NA,"300GS",450,50,1970,"BV786-A","CD11b",3.20816926956217
"BM_Neu_161_017.fcs",161,"mature neutrophils","Comp-FITC-A",-31.1,"MFI","Femur","mouse41","rep1","15LOzymosan4","male",NA,0,NA,"300GS",450,50,1970,"FITC-A","CX3CR1",-0.205875910142914
"BM_Neu_161_017.fcs",161,"mature neutrophils","Comp-PE-A",665,"MFI","Femur","mouse41","rep1","15LOzymosan4","male",NA,0,NA,"300GS",450,50,1970,"PE-A","DC-Trail-R1",2.19478264657833
"BM_Neu_161_017.fcs",161,"mature neutrophils","Comp-PE-Cy5-A",-546,"MFI","Femur","mouse41","rep1","15LOzymosan4","male",NA,0,NA,"300GS",450,50,1970,"PE-Cy5-A","CD150",-2.00348666604524
"BM_Neu_161_017.fcs",161,"mature neutrophils","Comp-PE-Cy7-A",487,"MFI","Femur","mouse41","rep1","15LOzymosan4","male",NA,0,NA,"300GS",450,50,1970,"PE-Cy7-A","CD101",1.89369138975365
"BM_Neu_161_017.fcs",161,"mature neutrophils","Comp-PE-Texas Red-A",2137,"MFI","Femur","mouse41","rep1","15LOzymosan4","male",NA,0,NA,"300GS",450,50,1970,"PE-Texas Red-A","ICAM1",3.35089959649834
"BM_Neu_162_018.fcs",162,"mature neutrophils","Comp-APC-A",-139,"MFI","Lumbar","mouse41","rep1","15LOzymosan4","male",NA,0,NA,"300GS",450,40,1970,"APC-A","CD117",-0.82855715592922
"BM_Neu_162_018.fcs",162,"mature neutrophils","Comp-APC-Cy7-A",1862,"MFI","Lumbar","mouse41","rep1","15LOzymosan4","male",NA,0,NA,"300GS",450,40,1970,"APC-Cy7-A","CD14",3.21353682966759
"BM_Neu_162_018.fcs",162,"mature neutrophils","Comp-BB700-A",646,"MFI","Lumbar","mouse41","rep1","15LOzymosan4","male",NA,0,NA,"300GS",450,40,1970,"BB700-A","CD16/32",2.16652574461797
"BM_Neu_162_018.fcs",162,"mature neutrophils","Comp-BUV395-A",-315,"MFI","Lumbar","mouse41","rep1","15LOzymosan4","male",NA,0,NA,"300GS",450,40,1970,"BUV395-A","Sca1",-1.48748283664127
"BM_Neu_162_018.fcs",162,"mature neutrophils","Comp-BUV496-A",1209,"MFI","Lumbar","mouse41","rep1","15LOzymosan4","male",NA,0,NA,"300GS",450,40,1970,"BUV496-A","MHCII",2.78388701982904
"BM_Neu_162_018.fcs",162,"mature neutrophils","Comp-BUV563-A",225,"MFI","Lumbar","mouse41","rep1","15LOzymosan4","male",NA,0,NA,"300GS",450,40,1970,"BUV563-A","CD106",1.19476321728711
"BM_Neu_162_018.fcs",162,"mature neutrophils","Comp-BUV615-A",425,"MFI","Lumbar","mouse41","rep1","15LOzymosan4","male",NA,0,NA,"300GS",450,40,1970,"BUV615-A","CCR5",1.7643813173238
"BM_Neu_162_018.fcs",162,"mature neutrophils","Comp-BUV661-A",3527,"MFI","Lumbar","mouse41","rep1","15LOzymosan4","male",NA,0,NA,"300GS",450,40,1970,"BUV661-A","CD74",3.85116669057563
"BM_Neu_162_018.fcs",162,"mature neutrophils","Comp-BUV737-A",7169,"MFI","Lumbar","mouse41","rep1","15LOzymosan4","male",NA,0,NA,"300GS",450,40,1970,"BUV737-A","Ly6G",4.56014276973191
"BM_Neu_162_018.fcs",162,"mature neutrophils","Comp-BUV805-A",16726,"MFI","Lumbar","mouse41","rep1","15LOzymosan4","male",NA,0,NA,"300GS",450,40,1970,"BUV805-A","CD45",5.40725166638506
"BM_Neu_162_018.fcs",162,"mature neutrophils","Comp-BV421-A",361,"MFI","Lumbar","mouse41","rep1","15LOzymosan4","male",NA,0,NA,"300GS",450,40,1970,"BV421-A","PDL1",1.61199898492346
"BM_Neu_162_018.fcs",162,"mature neutrophils","Comp-BV570-A",630,"MFI","Lumbar","mouse41","rep1","15LOzymosan4","male",NA,0,NA,"300GS",450,40,1970,"BV570-A","CD44",2.14211190823691
"BM_Neu_162_018.fcs",162,"mature neutrophils","Comp-BV605-A",351,"MFI","Lumbar","mouse41","rep1","15LOzymosan4","male",NA,0,NA,"300GS",450,40,1970,"BV605-A","CD115",1.58611197042189
"BM_Neu_162_018.fcs",162,"mature neutrophils","Comp-BV650-A",7463,"MFI","Lumbar","mouse41","rep1","15LOzymosan4","male",NA,0,NA,"300GS",450,40,1970,"BV650-A","Ly6C",4.60032562231515
"BM_Neu_162_018.fcs",162,"mature neutrophils","Comp-BV711-A",359,"MFI","Lumbar","mouse41","rep1","15LOzymosan4","male",NA,0,NA,"300GS",450,40,1970,"BV711-A","CD39",1.60687077105036
"BM_Neu_162_018.fcs",162,"mature neutrophils","Comp-BV786-A",3026,"MFI","Lumbar","mouse41","rep1","15LOzymosan4","male",NA,0,NA,"300GS",450,40,1970,"BV786-A","CD11b",3.69812252141594
"BM_Neu_162_018.fcs",162,"mature neutrophils","Comp-FITC-A",-36.1,"MFI","Lumbar","mouse41","rep1","15LOzymosan4","male",NA,0,NA,"300GS",450,40,1970,"FITC-A","CX3CR1",-0.238401958279576
"BM_Neu_162_018.fcs",162,"mature neutrophils","Comp-PE-A",720,"MFI","Lumbar","mouse41","rep1","15LOzymosan4","male",NA,0,NA,"300GS",450,40,1970,"PE-A","DC-Trail-R1",2.2724413273866
"BM_Neu_162_018.fcs",162,"mature neutrophils","Comp-PE-Cy5-A",-570,"MFI","Lumbar","mouse41","rep1","15LOzymosan4","male",NA,0,NA,"300GS",450,40,1970,"PE-Cy5-A","CD150",-2.04502820486763
"BM_Neu_162_018.fcs",162,"mature neutrophils","Comp-PE-Cy7-A",531,"MFI","Lumbar","mouse41","rep1","15LOzymosan4","male",NA,0,NA,"300GS",450,40,1970,"PE-Cy7-A","CD101",1.97665165191078
"BM_Neu_162_018.fcs",162,"mature neutrophils","Comp-PE-Texas Red-A",2110,"MFI","Lumbar","mouse41","rep1","15LOzymosan4","male",NA,0,NA,"300GS",450,40,1970,"PE-Texas Red-A","ICAM1",3.33821617389004
"BM_Neu_163_019.fcs",163,"mature neutrophils","Comp-APC-A",-153,"MFI","Sternum","mouse41","rep1","15LOzymosan4","male",NA,0,NA,"300GS",150,80,1970,"APC-A","CD117",-0.895445249389719
"BM_Neu_163_019.fcs",163,"mature neutrophils","Comp-APC-Cy7-A",2153,"MFI","Sternum","mouse41","rep1","15LOzymosan4","male",NA,0,NA,"300GS",150,80,1970,"APC-Cy7-A","CD14",3.35834066609929
"BM_Neu_163_019.fcs",163,"mature neutrophils","Comp-BB700-A",647,"MFI","Sternum","mouse41","rep1","15LOzymosan4","male",NA,0,NA,"300GS",150,80,1970,"BB700-A","CD16/32",2.16803251033194
"BM_Neu_163_019.fcs",163,"mature neutrophils","Comp-BUV395-A",-300,"MFI","Sternum","mouse41","rep1","15LOzymosan4","male",NA,0,NA,"300GS",150,80,1970,"BUV395-A","Sca1",-1.44363547517881
"BM_Neu_163_019.fcs",163,"mature neutrophils","Comp-BUV496-A",1281,"MFI","Sternum","mouse41","rep1","15LOzymosan4","male",NA,0,NA,"300GS",150,80,1970,"BUV496-A","MHCII",2.84131856539361
"BM_Neu_163_019.fcs",163,"mature neutrophils","Comp-BUV563-A",260,"MFI","Sternum","mouse41","rep1","15LOzymosan4","male",NA,0,NA,"300GS",150,80,1970,"BUV563-A","CD106",1.31759898179931
"BM_Neu_163_019.fcs",163,"mature neutrophils","Comp-BUV615-A",464,"MFI","Sternum","mouse41","rep1","15LOzymosan4","male",NA,0,NA,"300GS",150,80,1970,"BUV615-A","CCR5",1.84755499850095
"BM_Neu_163_019.fcs",163,"mature neutrophils","Comp-BUV661-A",3652,"MFI","Sternum","mouse41","rep1","15LOzymosan4","male",NA,0,NA,"300GS",150,80,1970,"BUV661-A","CD74",3.88596361733898
"BM_Neu_163_019.fcs",163,"mature neutrophils","Comp-BUV737-A",7725,"MFI","Sternum","mouse41","rep1","15LOzymosan4","male",NA,0,NA,"300GS",150,80,1970,"BUV737-A","Ly6G",4.63482323449603
"BM_Neu_163_019.fcs",163,"mature neutrophils","Comp-BUV805-A",18201,"MFI","Sternum","mouse41","rep1","15LOzymosan4","male",NA,0,NA,"300GS",150,80,1970,"BUV805-A","CD45",5.49176068242041
"BM_Neu_163_019.fcs",163,"mature neutrophils","Comp-BV421-A",483,"MFI","Sternum","mouse41","rep1","15LOzymosan4","male",NA,0,NA,"300GS",150,80,1970,"BV421-A","PDL1",1.88581216171741
"BM_Neu_163_019.fcs",163,"mature neutrophils","Comp-BV570-A",606,"MFI","Sternum","mouse41","rep1","15LOzymosan4","male",NA,0,NA,"300GS",150,80,1970,"BV570-A","CD44",2.10436859418096
"BM_Neu_163_019.fcs",163,"mature neutrophils","Comp-BV605-A",310,"MFI","Sternum","mouse41","rep1","15LOzymosan4","male",NA,0,NA,"300GS",150,80,1970,"BV605-A","CD115",1.47305828787109
"BM_Neu_163_019.fcs",163,"mature neutrophils","Comp-BV650-A",7235,"MFI","Sternum","mouse41","rep1","15LOzymosan4","male",NA,0,NA,"300GS",150,80,1970,"BV650-A","Ly6C",4.56930496787049
"BM_Neu_163_019.fcs",163,"mature neutrophils","Comp-BV711-A",388,"MFI","Sternum","mouse41","rep1","15LOzymosan4","male",NA,0,NA,"300GS",150,80,1970,"BV711-A","CD39",1.6789460354604
"BM_Neu_163_019.fcs",163,"mature neutrophils","Comp-BV786-A",3539,"MFI","Sternum","mouse41","rep1","15LOzymosan4","male",NA,0,NA,"300GS",150,80,1970,"BV786-A","CD11b",3.85456018352128
"BM_Neu_163_019.fcs",163,"mature neutrophils","Comp-FITC-A",-19.4,"MFI","Sternum","mouse41","rep1","15LOzymosan4","male",NA,0,NA,"300GS",150,80,1970,"FITC-A","CX3CR1",-0.128975458465473
"BM_Neu_163_019.fcs",163,"mature neutrophils","Comp-PE-A",739,"MFI","Sternum","mouse41","rep1","15LOzymosan4","male",NA,0,NA,"300GS",150,80,1970,"PE-A","DC-Trail-R1",2.29795413693867
"BM_Neu_163_019.fcs",163,"mature neutrophils","Comp-PE-Cy5-A",-602,"MFI","Sternum","mouse41","rep1","15LOzymosan4","male",NA,0,NA,"300GS",150,80,1970,"PE-Cy5-A","CD150",-2.09794129320972
"BM_Neu_163_019.fcs",163,"mature neutrophils","Comp-PE-Cy7-A",525,"MFI","Sternum","mouse41","rep1","15LOzymosan4","male",NA,0,NA,"300GS",150,80,1970,"PE-Cy7-A","CD101",1.96572047164965
"BM_Neu_163_019.fcs",163,"mature neutrophils","Comp-PE-Texas Red-A",2227,"MFI","Sternum","mouse41","rep1","15LOzymosan4","male",NA,0,NA,"300GS",150,80,1970,"PE-Texas Red-A","ICAM1",3.39205480930453
"BM_Neu_164_020.fcs",164,"mature neutrophils","Comp-APC-A",-114,"MFI","Calvaria","mouse41","rep1","15LOzymosan4","male",NA,0,NA,"300GS",300,80,1970,"APC-A","CD117",-0.701127987752585
"BM_Neu_164_020.fcs",164,"mature neutrophils","Comp-APC-Cy7-A",2004,"MFI","Calvaria","mouse41","rep1","15LOzymosan4","male",NA,0,NA,"300GS",300,80,1970,"APC-Cy7-A","CD14",3.28681005692796
"BM_Neu_164_020.fcs",164,"mature neutrophils","Comp-BB700-A",683,"MFI","Calvaria","mouse41","rep1","15LOzymosan4","male",NA,0,NA,"300GS",300,80,1970,"BB700-A","CD16/32",2.22085247463907
"BM_Neu_164_020.fcs",164,"mature neutrophils","Comp-BUV395-A",-264,"MFI","Calvaria","mouse41","rep1","15LOzymosan4","male",NA,0,NA,"300GS",300,80,1970,"BUV395-A","Sca1",-1.33084849584258
"BM_Neu_164_020.fcs",164,"mature neutrophils","Comp-BUV496-A",1311,"MFI","Calvaria","mouse41","rep1","15LOzymosan4","male",NA,0,NA,"300GS",300,80,1970,"BUV496-A","MHCII",2.8643142019189
"BM_Neu_164_020.fcs",164,"mature neutrophils","Comp-BUV563-A",277,"MFI","Calvaria","mouse41","rep1","15LOzymosan4","male",NA,0,NA,"300GS",300,80,1970,"BUV563-A","CD106",1.37288206563288
"BM_Neu_164_020.fcs",164,"mature neutrophils","Comp-BUV615-A",316,"MFI","Calvaria","mouse41","rep1","15LOzymosan4","male",NA,0,NA,"300GS",300,80,1970,"BUV615-A","CCR5",1.49034535756746
"BM_Neu_164_020.fcs",164,"mature neutrophils","Comp-BUV661-A",3512,"MFI","Calvaria","mouse41","rep1","15LOzymosan4","male",NA,0,NA,"300GS",300,80,1970,"BUV661-A","CD74",3.84690858066554
"BM_Neu_164_020.fcs",164,"mature neutrophils","Comp-BUV737-A",7762,"MFI","Calvaria","mouse41","rep1","15LOzymosan4","male",NA,0,NA,"300GS",300,80,1970,"BUV737-A","Ly6G",4.63960054841735
"BM_Neu_164_020.fcs",164,"mature neutrophils","Comp-BUV805-A",16190,"MFI","Calvaria","mouse41","rep1","15LOzymosan4","male",NA,0,NA,"300GS",300,80,1970,"BUV805-A","CD45",5.37468239240071
"BM_Neu_164_020.fcs",164,"mature neutrophils","Comp-BV421-A",282,"MFI","Calvaria","mouse41","rep1","15LOzymosan4","male",NA,0,NA,"300GS",300,80,1970,"BV421-A","PDL1",1.38864486269368
"BM_Neu_164_020.fcs",164,"mature neutrophils","Comp-BV570-A",563,"MFI","Calvaria","mouse41","rep1","15LOzymosan4","male",NA,0,NA,"300GS",300,80,1970,"BV570-A","CD44",2.03308314084585
"BM_Neu_164_020.fcs",164,"mature neutrophils","Comp-BV605-A",208,"MFI","Calvaria","mouse41","rep1","15LOzymosan4","male",NA,0,NA,"300GS",300,80,1970,"BV605-A","CD115",1.13020769062923
"BM_Neu_164_020.fcs",164,"mature neutrophils","Comp-BV650-A",6264,"MFI","Calvaria","mouse41","rep1","15LOzymosan4","male",NA,0,NA,"300GS",300,80,1970,"BV650-A","Ly6C",4.42522945035843
"BM_Neu_164_020.fcs",164,"mature neutrophils","Comp-BV711-A",256,"MFI","Calvaria","mouse41","rep1","15LOzymosan4","male",NA,0,NA,"300GS",300,80,1970,"BV711-A","CD39",1.30419564498528
"BM_Neu_164_020.fcs",164,"mature neutrophils","Comp-BV786-A",2423,"MFI","Calvaria","mouse41","rep1","15LOzymosan4","male",NA,0,NA,"300GS",300,80,1970,"BV786-A","CD11b",3.47623034395846
"BM_Neu_164_020.fcs",164,"mature neutrophils","Comp-FITC-A",-35.3,"MFI","Calvaria","mouse41","rep1","15LOzymosan4","male",NA,0,NA,"300GS",300,80,1970,"FITC-A","CX3CR1",-0.233213552033356
"BM_Neu_164_020.fcs",164,"mature neutrophils","Comp-PE-A",741,"MFI","Calvaria","mouse41","rep1","15LOzymosan4","male",NA,0,NA,"300GS",300,80,1970,"PE-A","DC-Trail-R1",2.30060297076634
"BM_Neu_164_020.fcs",164,"mature neutrophils","Comp-PE-Cy5-A",-599,"MFI","Calvaria","mouse41","rep1","15LOzymosan4","male",NA,0,NA,"300GS",300,80,1970,"PE-Cy5-A","CD150",-2.09309437364791
"BM_Neu_164_020.fcs",164,"mature neutrophils","Comp-PE-Cy7-A",498,"MFI","Calvaria","mouse41","rep1","15LOzymosan4","male",NA,0,NA,"300GS",300,80,1970,"PE-Cy7-A","CD101",1.91505812057427
"BM_Neu_164_020.fcs",164,"mature neutrophils","Comp-PE-Texas Red-A",2385,"MFI","Calvaria","mouse41","rep1","15LOzymosan4","male",NA,0,NA,"300GS",300,80,1970,"PE-Texas Red-A","ICAM1",3.46045371109443
"BM_Neu_165_021.fcs",165,"mature neutrophils","Comp-APC-A",-61.7,"MFI","Femur","mouse42","rep2","15LOzymosan4","male",NA,0,NA,"300GS",450,50,1970,"APC-A","CD117",-0.400537381408878
"BM_Neu_165_021.fcs",165,"mature neutrophils","Comp-APC-Cy7-A",1640,"MFI","Femur","mouse42","rep2","15LOzymosan4","male",NA,0,NA,"300GS",450,50,1970,"APC-Cy7-A","CD14",3.08704826579922
"BM_Neu_165_021.fcs",165,"mature neutrophils","Comp-BB700-A",694,"MFI","Femur","mouse42","rep2","15LOzymosan4","male",NA,0,NA,"300GS",450,50,1970,"BB700-A","CD16/32",2.23646334706442
"BM_Neu_165_021.fcs",165,"mature neutrophils","Comp-BUV395-A",-188,"MFI","Femur","mouse42","rep2","15LOzymosan4","male",NA,0,NA,"300GS",450,50,1970,"BUV395-A","Sca1",-1.04967363778175
"BM_Neu_165_021.fcs",165,"mature neutrophils","Comp-BUV496-A",1333,"MFI","Femur","mouse42","rep2","15LOzymosan4","male",NA,0,NA,"300GS",450,50,1970,"BUV496-A","MHCII",2.88084992467909
"BM_Neu_165_021.fcs",165,"mature neutrophils","Comp-BUV563-A",319,"MFI","Femur","mouse42","rep2","15LOzymosan4","male",NA,0,NA,"300GS",450,50,1970,"BUV563-A","CD106",1.49888875535991
"BM_Neu_165_021.fcs",165,"mature neutrophils","Comp-BUV615-A",152,"MFI","Femur","mouse42","rep2","15LOzymosan4","male",NA,0,NA,"300GS",450,50,1970,"BUV615-A","CCR5",0.890770320648198
"BM_Neu_165_021.fcs",165,"mature neutrophils","Comp-BUV661-A",2149,"MFI","Femur","mouse42","rep2","15LOzymosan4","male",NA,0,NA,"300GS",450,50,1970,"BUV661-A","CD74",3.35648557055152
"BM_Neu_165_021.fcs",165,"mature neutrophils","Comp-BUV737-A",5682,"MFI","Femur","mouse42","rep2","15LOzymosan4","male",NA,0,NA,"300GS",450,50,1970,"BUV737-A","Ly6G",4.32774463221108
"BM_Neu_165_021.fcs",165,"mature neutrophils","Comp-BUV805-A",12899,"MFI","Femur","mouse42","rep2","15LOzymosan4","male",NA,0,NA,"300GS",450,50,1970,"BUV805-A","CD45",5.14745076001096
"BM_Neu_165_021.fcs",165,"mature neutrophils","Comp-BV421-A",1274,"MFI","Femur","mouse42","rep2","15LOzymosan4","male",NA,0,NA,"300GS",450,50,1970,"BV421-A","PDL1",2.83587648586696
"BM_Neu_165_021.fcs",165,"mature neutrophils","Comp-BV570-A",771,"MFI","Femur","mouse42","rep2","15LOzymosan4","male",NA,0,NA,"300GS",450,50,1970,"BV570-A","CD44",2.33953137451023
"BM_Neu_165_021.fcs",165,"mature neutrophils","Comp-BV605-A",793,"MFI","Femur","mouse42","rep2","15LOzymosan4","male",NA,0,NA,"300GS",450,50,1970,"BV605-A","CD115",2.36716233556344
"BM_Neu_165_021.fcs",165,"mature neutrophils","Comp-BV650-A",6436,"MFI","Femur","mouse42","rep2","15LOzymosan4","male",NA,0,NA,"300GS",450,50,1970,"BV650-A","Ly6C",4.45231016401066
"BM_Neu_165_021.fcs",165,"mature neutrophils","Comp-BV711-A",1075,"MFI","Femur","mouse42","rep2","15LOzymosan4","male",NA,0,NA,"300GS",450,50,1970,"BV711-A","CD39",2.66742016376099
"BM_Neu_165_021.fcs",165,"mature neutrophils","Comp-BV786-A",5131,"MFI","Femur","mouse42","rep2","15LOzymosan4","male",NA,0,NA,"300GS",450,50,1970,"BV786-A","CD11b",4.22578132663842
"BM_Neu_165_021.fcs",165,"mature neutrophils","Comp-FITC-A",-36.3,"MFI","Femur","mouse42","rep2","15LOzymosan4","male",NA,0,NA,"300GS",450,50,1970,"FITC-A","CX3CR1",-0.239698081406342
"BM_Neu_165_021.fcs",165,"mature neutrophils","Comp-PE-A",471,"MFI","Femur","mouse42","rep2","15LOzymosan4","male",NA,0,NA,"300GS",450,50,1970,"PE-A","DC-Trail-R1",1.86181255721338
"BM_Neu_165_021.fcs",165,"mature neutrophils","Comp-PE-Cy5-A",-505,"MFI","Femur","mouse42","rep2","15LOzymosan4","male",NA,0,NA,"300GS",450,50,1970,"PE-Cy5-A","CD150",-1.92843105301064
"BM_Neu_165_021.fcs",165,"mature neutrophils","Comp-PE-Cy7-A",482,"MFI","Femur","mouse42","rep2","15LOzymosan4","male",NA,0,NA,"300GS",450,50,1970,"PE-Cy7-A","CD101",1.88383305414861
"BM_Neu_165_021.fcs",165,"mature neutrophils","Comp-PE-Texas Red-A",1875,"MFI","Femur","mouse42","rep2","15LOzymosan4","male",NA,0,NA,"300GS",450,50,1970,"PE-Texas Red-A","ICAM1",3.22047199846445
"BM_Neu_166_022.fcs",166,"mature neutrophils","Comp-APC-A",-71.1,"MFI","Lumbar","mouse42","rep2","15LOzymosan4","male",NA,0,NA,"300GS",450,40,1970,"APC-A","CD117",-0.457836662926738
"BM_Neu_166_022.fcs",166,"mature neutrophils","Comp-APC-Cy7-A",1575,"MFI","Lumbar","mouse42","rep2","15LOzymosan4","male",NA,0,NA,"300GS",450,40,1970,"APC-Cy7-A","CD14",3.04678233721941
"BM_Neu_166_022.fcs",166,"mature neutrophils","Comp-BB700-A",675,"MFI","Lumbar","mouse42","rep2","15LOzymosan4","male",NA,0,NA,"300GS",450,40,1970,"BB700-A","CD16/32",2.20934770861533
"BM_Neu_166_022.fcs",166,"mature neutrophils","Comp-BUV395-A",-158,"MFI","Lumbar","mouse42","rep2","15LOzymosan4","male",NA,0,NA,"300GS",450,40,1970,"BUV395-A","Sca1",-0.918587670179365
"BM_Neu_166_022.fcs",166,"mature neutrophils","Comp-BUV496-A",1318,"MFI","Lumbar","mouse42","rep2","15LOzymosan4","male",NA,0,NA,"300GS",450,40,1970,"BUV496-A","MHCII",2.86960509651493
"BM_Neu_166_022.fcs",166,"mature neutrophils","Comp-BUV563-A",284,"MFI","Lumbar","mouse42","rep2","15LOzymosan4","male",NA,0,NA,"300GS",450,40,1970,"BUV563-A","CD106",1.3948891164576
"BM_Neu_166_022.fcs",166,"mature neutrophils","Comp-BUV615-A",187,"MFI","Lumbar","mouse42","rep2","15LOzymosan4","male",NA,0,NA,"300GS",450,40,1970,"BUV615-A","CCR5",1.04550900163557
"BM_Neu_166_022.fcs",166,"mature neutrophils","Comp-BUV661-A",2260,"MFI","Lumbar","mouse42","rep2","15LOzymosan4","male",NA,0,NA,"300GS",450,40,1970,"BUV661-A","CD74",3.40673146390049
"BM_Neu_166_022.fcs",166,"mature neutrophils","Comp-BUV737-A",5186,"MFI","Lumbar","mouse42","rep2","15LOzymosan4","male",NA,0,NA,"300GS",450,40,1970,"BUV737-A","Ly6G",4.23643893680056
"BM_Neu_166_022.fcs",166,"mature neutrophils","Comp-BUV805-A",12982,"MFI","Lumbar","mouse42","rep2","15LOzymosan4","male",NA,0,NA,"300GS",450,40,1970,"BUV805-A","CD45",5.15386432277285
"BM_Neu_166_022.fcs",166,"mature neutrophils","Comp-BV421-A",1251,"MFI","Lumbar","mouse42","rep2","15LOzymosan4","male",NA,0,NA,"300GS",450,40,1970,"BV421-A","PDL1",2.81778541924927
"BM_Neu_166_022.fcs",166,"mature neutrophils","Comp-BV570-A",793,"MFI","Lumbar","mouse42","rep2","15LOzymosan4","male",NA,0,NA,"300GS",450,40,1970,"BV570-A","CD44",2.36716233556344
"BM_Neu_166_022.fcs",166,"mature neutrophils","Comp-BV605-A",815,"MFI","Lumbar","mouse42","rep2","15LOzymosan4","male",NA,0,NA,"300GS",450,40,1970,"BV605-A","CD115",2.39406292248846
"BM_Neu_166_022.fcs",166,"mature neutrophils","Comp-BV650-A",6718,"MFI","Lumbar","mouse42","rep2","15LOzymosan4","male",NA,0,NA,"300GS",450,40,1970,"BV650-A","Ly6C",4.49518226906154
"BM_Neu_166_022.fcs",166,"mature neutrophils","Comp-BV711-A",964,"MFI","Lumbar","mouse42","rep2","15LOzymosan4","male",NA,0,NA,"300GS",450,40,1970,"BV711-A","CD39",2.55960192024362
"BM_Neu_166_022.fcs",166,"mature neutrophils","Comp-BV786-A",5088,"MFI","Lumbar","mouse42","rep2","15LOzymosan4","male",NA,0,NA,"300GS",450,40,1970,"BV786-A","CD11b",4.21736920498624
"BM_Neu_166_022.fcs",166,"mature neutrophils","Comp-FITC-A",-36.6,"MFI","Lumbar","mouse42","rep2","15LOzymosan4","male",NA,0,NA,"300GS",450,40,1970,"FITC-A","CX3CR1",-0.241641524871512
"BM_Neu_166_022.fcs",166,"mature neutrophils","Comp-PE-A",463,"MFI","Lumbar","mouse42","rep2","15LOzymosan4","male",NA,0,NA,"300GS",450,40,1970,"PE-A","DC-Trail-R1",1.8455023161297
"BM_Neu_166_022.fcs",166,"mature neutrophils","Comp-PE-Cy5-A",-500,"MFI","Lumbar","mouse42","rep2","15LOzymosan4","male",NA,0,NA,"300GS",450,40,1970,"PE-Cy5-A","CD150",-1.91889647209853
"BM_Neu_166_022.fcs",166,"mature neutrophils","Comp-PE-Cy7-A",469,"MFI","Lumbar","mouse42","rep2","15LOzymosan4","male",NA,0,NA,"300GS",450,40,1970,"PE-Cy7-A","CD101",1.85775868344755
"BM_Neu_166_022.fcs",166,"mature neutrophils","Comp-PE-Texas Red-A",1801,"MFI","Lumbar","mouse42","rep2","15LOzymosan4","male",NA,0,NA,"300GS",450,40,1970,"PE-Texas Red-A","ICAM1",3.18033892156088
"BM_Neu_167_023.fcs",167,"mature neutrophils","Comp-APC-A",-69,"MFI","Sternum","mouse42","rep2","15LOzymosan4","male",NA,0,NA,"300GS",150,80,1970,"APC-A","CD117",-0.445151759147682
"BM_Neu_167_023.fcs",167,"mature neutrophils","Comp-APC-Cy7-A",1816,"MFI","Sternum","mouse42","rep2","15LOzymosan4","male",NA,0,NA,"300GS",150,80,1970,"APC-Cy7-A","CD14",3.18860475182299
"BM_Neu_167_023.fcs",167,"mature neutrophils","Comp-BB700-A",653,"MFI","Sternum","mouse42","rep2","15LOzymosan4","male",NA,0,NA,"300GS",150,80,1970,"BB700-A","CD16/32",2.1770269466379
"BM_Neu_167_023.fcs",167,"mature neutrophils","Comp-BUV395-A",-252,"MFI","Sternum","mouse42","rep2","15LOzymosan4","male",NA,0,NA,"300GS",150,80,1970,"BUV395-A","Sca1",-1.2906354945648
"BM_Neu_167_023.fcs",167,"mature neutrophils","Comp-BUV496-A",1222,"MFI","Sternum","mouse42","rep2","15LOzymosan4","male",NA,0,NA,"300GS",150,80,1970,"BUV496-A","MHCII",2.79450178421492
"BM_Neu_167_023.fcs",167,"mature neutrophils","Comp-BUV563-A",278,"MFI","Sternum","mouse42","rep2","15LOzymosan4","male",NA,0,NA,"300GS",150,80,1970,"BUV563-A","CD106",1.37605218094972
"BM_Neu_167_023.fcs",167,"mature neutrophils","Comp-BUV615-A",128,"MFI","Sternum","mouse42","rep2","15LOzymosan4","male",NA,0,NA,"300GS",150,80,1970,"BUV615-A","CCR5",0.773775142942583
"BM_Neu_167_023.fcs",167,"mature neutrophils","Comp-BUV661-A",2180,"MFI","Sternum","mouse42","rep2","15LOzymosan4","male",NA,0,NA,"300GS",150,80,1970,"BUV661-A","CD74",3.37077355883968
"BM_Neu_167_023.fcs",167,"mature neutrophils","Comp-BUV737-A",6479,"MFI","Sternum","mouse42","rep2","15LOzymosan4","male",NA,0,NA,"300GS",150,80,1970,"BUV737-A","Ly6G",4.45896731653312
"BM_Neu_167_023.fcs",167,"mature neutrophils","Comp-BUV805-A",13203,"MFI","Sternum","mouse42","rep2","15LOzymosan4","male",NA,0,NA,"300GS",150,80,1970,"BUV805-A","CD45",5.17074350876986
"BM_Neu_167_023.fcs",167,"mature neutrophils","Comp-BV421-A",1500,"MFI","Sternum","mouse42","rep2","15LOzymosan4","male",NA,0,NA,"300GS",150,80,1970,"BV421-A","PDL1",2.99822295029797
"BM_Neu_167_023.fcs",167,"mature neutrophils","Comp-BV570-A",826,"MFI","Sternum","mouse42","rep2","15LOzymosan4","male",NA,0,NA,"300GS",150,80,1970,"BV570-A","CD44",2.40725099578296
"BM_Neu_167_023.fcs",167,"mature neutrophils","Comp-BV605-A",878,"MFI","Sternum","mouse42","rep2","15LOzymosan4","male",NA,0,NA,"300GS",150,80,1970,"BV605-A","CD115",2.46737670318885
"BM_Neu_167_023.fcs",167,"mature neutrophils","Comp-BV650-A",6619,"MFI","Sternum","mouse42","rep2","15LOzymosan4","male",NA,0,NA,"300GS",150,80,1970,"BV650-A","Ly6C",4.48033983380397
"BM_Neu_167_023.fcs",167,"mature neutrophils","Comp-BV711-A",980,"MFI","Sternum","mouse42","rep2","15LOzymosan4","male",NA,0,NA,"300GS",150,80,1970,"BV711-A","CD39",2.57587059680323
"BM_Neu_167_023.fcs",167,"mature neutrophils","Comp-BV786-A",5772,"MFI","Sternum","mouse42","rep2","15LOzymosan4","male",NA,0,NA,"300GS",150,80,1970,"BV786-A","CD11b",4.34345460149088
"BM_Neu_167_023.fcs",167,"mature neutrophils","Comp-FITC-A",-34.6,"MFI","Sternum","mouse42","rep2","15LOzymosan4","male",NA,0,NA,"300GS",150,80,1970,"FITC-A","CX3CR1",-0.228668628013515
"BM_Neu_167_023.fcs",167,"mature neutrophils","Comp-PE-A",532,"MFI","Sternum","mouse42","rep2","15LOzymosan4","male",NA,0,NA,"300GS",150,80,1970,"PE-A","DC-Trail-R1",1.97846239027706
"BM_Neu_167_023.fcs",167,"mature neutrophils","Comp-PE-Cy5-A",-517,"MFI","Sternum","mouse42","rep2","15LOzymosan4","male",NA,0,NA,"300GS",150,80,1970,"PE-Cy5-A","CD150",-1.95096453171894
"BM_Neu_167_023.fcs",167,"mature neutrophils","Comp-PE-Cy7-A",499,"MFI","Sternum","mouse42","rep2","15LOzymosan4","male",NA,0,NA,"300GS",150,80,1970,"PE-Cy7-A","CD101",1.91697905999302
"BM_Neu_167_023.fcs",167,"mature neutrophils","Comp-PE-Texas Red-A",1861,"MFI","Sternum","mouse42","rep2","15LOzymosan4","male",NA,0,NA,"300GS",150,80,1970,"PE-Texas Red-A","ICAM1",3.21300136409333
"BM_Neu_168_024.fcs",168,"mature neutrophils","Comp-APC-A",-59.4,"MFI","Calvaria","mouse42","rep2","15LOzymosan4","male",NA,0,NA,"300GS",300,80,1970,"APC-A","CD117",-0.386318856717447
"BM_Neu_168_024.fcs",168,"mature neutrophils","Comp-APC-Cy7-A",1814,"MFI","Calvaria","mouse42","rep2","15LOzymosan4","male",NA,0,NA,"300GS",300,80,1970,"APC-Cy7-A","CD14",3.18750656733053
"BM_Neu_168_024.fcs",168,"mature neutrophils","Comp-BB700-A",630,"MFI","Calvaria","mouse42","rep2","15LOzymosan4","male",NA,0,NA,"300GS",300,80,1970,"BB700-A","CD16/32",2.14211190823691
"BM_Neu_168_024.fcs",168,"mature neutrophils","Comp-BUV395-A",-239,"MFI","Calvaria","mouse42","rep2","15LOzymosan4","male",NA,0,NA,"300GS",300,80,1970,"BUV395-A","Sca1",-1.24544469974729
"BM_Neu_168_024.fcs",168,"mature neutrophils","Comp-BUV496-A",1167,"MFI","Calvaria","mouse42","rep2","15LOzymosan4","male",NA,0,NA,"300GS",300,80,1970,"BUV496-A","MHCII",2.74880845468227
"BM_Neu_168_024.fcs",168,"mature neutrophils","Comp-BUV563-A",265,"MFI","Calvaria","mouse42","rep2","15LOzymosan4","male",NA,0,NA,"300GS",300,80,1970,"BUV563-A","CD106",1.3341371841699
"BM_Neu_168_024.fcs",168,"mature neutrophils","Comp-BUV615-A",61.7,"MFI","Calvaria","mouse42","rep2","15LOzymosan4","male",NA,0,NA,"300GS",300,80,1970,"BUV615-A","CCR5",0.400537381408878
"BM_Neu_168_024.fcs",168,"mature neutrophils","Comp-BUV661-A",1951,"MFI","Calvaria","mouse42","rep2","15LOzymosan4","male",NA,0,NA,"300GS",300,80,1970,"BUV661-A","CD74",3.26008373596572
"BM_Neu_168_024.fcs",168,"mature neutrophils","Comp-BUV737-A",5807,"MFI","Calvaria","mouse42","rep2","15LOzymosan4","male",NA,0,NA,"300GS",300,80,1970,"BUV737-A","Ly6G",4.34949801888142
"BM_Neu_168_024.fcs",168,"mature neutrophils","Comp-BUV805-A",11987,"MFI","Calvaria","mouse42","rep2","15LOzymosan4","male",NA,0,NA,"300GS",300,80,1970,"BUV805-A","CD45",5.07412903964537
"BM_Neu_168_024.fcs",168,"mature neutrophils","Comp-BV421-A",1486,"MFI","Calvaria","mouse42","rep2","15LOzymosan4","male",NA,0,NA,"300GS",300,80,1970,"BV421-A","PDL1",2.98889276137801
"BM_Neu_168_024.fcs",168,"mature neutrophils","Comp-BV570-A",743,"MFI","Calvaria","mouse42","rep2","15LOzymosan4","male",NA,0,NA,"300GS",300,80,1970,"BV570-A","CD44",2.30324494556099
"BM_Neu_168_024.fcs",168,"mature neutrophils","Comp-BV605-A",750,"MFI","Calvaria","mouse42","rep2","15LOzymosan4","male",NA,0,NA,"300GS",300,80,1970,"BV605-A","CD115",2.31243834127275
"BM_Neu_168_024.fcs",168,"mature neutrophils","Comp-BV650-A",6202,"MFI","Calvaria","mouse42","rep2","15LOzymosan4","male",NA,0,NA,"300GS",300,80,1970,"BV650-A","Ly6C",4.4152851916402
"BM_Neu_168_024.fcs",168,"mature neutrophils","Comp-BV711-A",998,"MFI","Calvaria","mouse42","rep2","15LOzymosan4","male",NA,0,NA,"300GS",300,80,1970,"BV711-A","CD39",2.59386547959652
"BM_Neu_168_024.fcs",168,"mature neutrophils","Comp-BV786-A",5605,"MFI","Calvaria","mouse42","rep2","15LOzymosan4","male",NA,0,NA,"300GS",300,80,1970,"BV786-A","CD11b",4.31410522265119
"BM_Neu_168_024.fcs",168,"mature neutrophils","Comp-FITC-A",-40,"MFI","Calvaria","mouse42","rep2","15LOzymosan4","male",NA,0,NA,"300GS",300,80,1970,"FITC-A","CX3CR1",-0.263603224652585
"BM_Neu_168_024.fcs",168,"mature neutrophils","Comp-PE-A",529,"MFI","Calvaria","mouse42","rep2","15LOzymosan4","male",NA,0,NA,"300GS",300,80,1970,"PE-A","DC-Trail-R1",1.97302068215468
"BM_Neu_168_024.fcs",168,"mature neutrophils","Comp-PE-Cy5-A",-480,"MFI","Calvaria","mouse42","rep2","15LOzymosan4","male",NA,0,NA,"300GS",300,80,1970,"PE-Cy5-A","CD150",-1.87986358439691
"BM_Neu_168_024.fcs",168,"mature neutrophils","Comp-PE-Cy7-A",494,"MFI","Calvaria","mouse42","rep2","15LOzymosan4","male",NA,0,NA,"300GS",300,80,1970,"PE-Cy7-A","CD101",1.90733884060991
"BM_Neu_168_024.fcs",168,"mature neutrophils","Comp-PE-Texas Red-A",1764,"MFI","Calvaria","mouse42","rep2","15LOzymosan4","male",NA,0,NA,"300GS",300,80,1970,"PE-Texas Red-A","ICAM1",3.15965393684883
"BM_Neu_169_025.fcs",169,"mature neutrophils","Comp-APC-A",26.5,"MFI","Femur","mouse43","rep3","15LOzymosan4","male",NA,0,NA,"300GS",450,50,1970,"APC-A","CD117",0.175760345295128
"BM_Neu_169_025.fcs",169,"mature neutrophils","Comp-APC-Cy7-A",753,"MFI","Femur","mouse43","rep3","15LOzymosan4","male",NA,0,NA,"300GS",450,50,1970,"APC-Cy7-A","CD14",2.31635313994897
"BM_Neu_169_025.fcs",169,"mature neutrophils","Comp-BB700-A",483,"MFI","Femur","mouse43","rep3","15LOzymosan4","male",NA,0,NA,"300GS",450,50,1970,"BB700-A","CD16/32",1.88581216171741
"BM_Neu_169_025.fcs",169,"mature neutrophils","Comp-BUV395-A",-162,"MFI","Femur","mouse43","rep3","15LOzymosan4","male",NA,0,NA,"300GS",450,50,1970,"BUV395-A","Sca1",-0.936826251103314
"BM_Neu_169_025.fcs",169,"mature neutrophils","Comp-BUV496-A",1098,"MFI","Femur","mouse43","rep3","15LOzymosan4","male",NA,0,NA,"300GS",450,50,1970,"BUV496-A","MHCII",2.68839090083752
"BM_Neu_169_025.fcs",169,"mature neutrophils","Comp-BUV563-A",272,"MFI","Femur","mouse43","rep3","15LOzymosan4","male",NA,0,NA,"300GS",450,50,1970,"BUV563-A","CD106",1.35689771153466
"BM_Neu_169_025.fcs",169,"mature neutrophils","Comp-BUV615-A",70.7,"MFI","Femur","mouse43","rep3","15LOzymosan4","male",NA,0,NA,"300GS",450,50,1970,"BUV615-A","CCR5",0.455425747359716
"BM_Neu_169_025.fcs",169,"mature neutrophils","Comp-BUV661-A",1219,"MFI","Femur","mouse43","rep3","15LOzymosan4","male",NA,0,NA,"300GS",450,50,1970,"BUV661-A","CD74",2.7920621298609
"BM_Neu_169_025.fcs",169,"mature neutrophils","Comp-BUV737-A",2699,"MFI","Femur","mouse43","rep3","15LOzymosan4","male",NA,0,NA,"300GS",450,50,1970,"BUV737-A","Ly6G",3.58391978344293
"BM_Neu_169_025.fcs",169,"mature neutrophils","Comp-BUV805-A",6018,"MFI","Femur","mouse43","rep3","15LOzymosan4","male",NA,0,NA,"300GS",450,50,1970,"BUV805-A","CD45",4.38517742418319
"BM_Neu_169_025.fcs",169,"mature neutrophils","Comp-BV421-A",714,"MFI","Femur","mouse43","rep3","15LOzymosan4","male",NA,0,NA,"300GS",450,50,1970,"BV421-A","PDL1",2.26425040816365
"BM_Neu_169_025.fcs",169,"mature neutrophils","Comp-BV570-A",369,"MFI","Femur","mouse43","rep3","15LOzymosan4","male",NA,0,NA,"300GS",450,50,1970,"BV570-A","CD44",1.63227219252705
"BM_Neu_169_025.fcs",169,"mature neutrophils","Comp-BV605-A",299,"MFI","Femur","mouse43","rep3","15LOzymosan4","male",NA,0,NA,"300GS",450,50,1970,"BV605-A","CD115",1.44065006978431
"BM_Neu_169_025.fcs",169,"mature neutrophils","Comp-BV650-A",4311,"MFI","Femur","mouse43","rep3","15LOzymosan4","male",NA,0,NA,"300GS",450,50,1970,"BV650-A","Ly6C",4.05173959187325
"BM_Neu_169_025.fcs",169,"mature neutrophils","Comp-BV711-A",490,"MFI","Femur","mouse43","rep3","15LOzymosan4","male",NA,0,NA,"300GS",450,50,1970,"BV711-A","CD39",1.89956211945903
"BM_Neu_169_025.fcs",169,"mature neutrophils","Comp-BV786-A",2761,"MFI","Femur","mouse43","rep3","15LOzymosan4","male",NA,0,NA,"300GS",450,50,1970,"BV786-A","CD11b",3.60659716976786
"BM_Neu_169_025.fcs",169,"mature neutrophils","Comp-FITC-A",-20,"MFI","Femur","mouse43","rep3","15LOzymosan4","male",NA,0,NA,"300GS",450,50,1970,"FITC-A","CX3CR1",-0.132941399053797
"BM_Neu_169_025.fcs",169,"mature neutrophils","Comp-PE-A",241,"MFI","Femur","mouse43","rep3","15LOzymosan4","male",NA,0,NA,"300GS",450,50,1970,"PE-A","DC-Trail-R1",1.25251136929742
"BM_Neu_169_025.fcs",169,"mature neutrophils","Comp-PE-Cy5-A",-271,"MFI","Femur","mouse43","rep3","15LOzymosan4","male",NA,0,NA,"300GS",450,50,1970,"PE-Cy5-A","CD150",-1.35367378557962
"BM_Neu_169_025.fcs",169,"mature neutrophils","Comp-PE-Cy7-A",374,"MFI","Femur","mouse43","rep3","15LOzymosan4","male",NA,0,NA,"300GS",450,50,1970,"PE-Cy7-A","CD101",1.64475235860483
"BM_Neu_169_025.fcs",169,"mature neutrophils","Comp-PE-Texas Red-A",951,"MFI","Femur","mouse43","rep3","15LOzymosan4","male",NA,0,NA,"300GS",450,50,1970,"PE-Texas Red-A","ICAM1",2.5461882994694
"BM_Neu_170_026.fcs",170,"mature neutrophils","Comp-APC-A",22.4,"MFI","Lumbar","mouse43","rep3","15LOzymosan4","male",NA,0,NA,"300GS",450,40,1970,"APC-A","CD117",0.1487837970885
"BM_Neu_170_026.fcs",170,"mature neutrophils","Comp-APC-Cy7-A",727,"MFI","Lumbar","mouse43","rep3","15LOzymosan4","male",NA,0,NA,"300GS",450,40,1970,"APC-Cy7-A","CD14",2.28191511746568
"BM_Neu_170_026.fcs",170,"mature neutrophils","Comp-BB700-A",483,"MFI","Lumbar","mouse43","rep3","15LOzymosan4","male",NA,0,NA,"300GS",450,40,1970,"BB700-A","CD16/32",1.88581216171741
"BM_Neu_170_026.fcs",170,"mature neutrophils","Comp-BUV395-A",-168,"MFI","Lumbar","mouse43","rep3","15LOzymosan4","male",NA,0,NA,"300GS",450,40,1970,"BUV395-A","Sca1",-0.963733684325032
"BM_Neu_170_026.fcs",170,"mature neutrophils","Comp-BUV496-A",1009,"MFI","Lumbar","mouse43","rep3","15LOzymosan4","male",NA,0,NA,"300GS",450,40,1970,"BUV496-A","MHCII",2.6047067715511
"BM_Neu_170_026.fcs",170,"mature neutrophils","Comp-BUV563-A",215,"MFI","Lumbar","mouse43","rep3","15LOzymosan4","male",NA,0,NA,"300GS",450,40,1970,"BUV563-A","CD106",1.15720511618694
"BM_Neu_170_026.fcs",170,"mature neutrophils","Comp-BUV615-A",75.2,"MFI","Lumbar","mouse43","rep3","15LOzymosan4","male",NA,0,NA,"300GS",450,40,1970,"BUV615-A","CCR5",0.482404076516199
"BM_Neu_170_026.fcs",170,"mature neutrophils","Comp-BUV661-A",1178,"MFI","Lumbar","mouse43","rep3","15LOzymosan4","male",NA,0,NA,"300GS",450,40,1970,"BUV661-A","CD74",2.75811434036374
"BM_Neu_170_026.fcs",170,"mature neutrophils","Comp-BUV737-A",2600,"MFI","Lumbar","mouse43","rep3","15LOzymosan4","male",NA,0,NA,"300GS",450,40,1970,"BUV737-A","Ly6G",3.54660967439417
"BM_Neu_170_026.fcs",170,"mature neutrophils","Comp-BUV805-A",6012,"MFI","Lumbar","mouse43","rep3","15LOzymosan4","male",NA,0,NA,"300GS",450,40,1970,"BUV805-A","CD45",4.38418022788954
"BM_Neu_170_026.fcs",170,"mature neutrophils","Comp-BV421-A",720,"MFI","Lumbar","mouse43","rep3","15LOzymosan4","male",NA,0,NA,"300GS",450,40,1970,"BV421-A","PDL1",2.2724413273866
"BM_Neu_170_026.fcs",170,"mature neutrophils","Comp-BV570-A",393,"MFI","Lumbar","mouse43","rep3","15LOzymosan4","male",NA,0,NA,"300GS",450,40,1970,"BV570-A","CD44",1.69089876938123
"BM_Neu_170_026.fcs",170,"mature neutrophils","Comp-BV605-A",349,"MFI","Lumbar","mouse43","rep3","15LOzymosan4","male",NA,0,NA,"300GS",450,40,1970,"BV605-A","CD115",1.5808597038437
"BM_Neu_170_026.fcs",170,"mature neutrophils","Comp-BV650-A",4277,"MFI","Lumbar","mouse43","rep3","15LOzymosan4","male",NA,0,NA,"300GS",450,40,1970,"BV650-A","Ly6C",4.04382635217929
"BM_Neu_170_026.fcs",170,"mature neutrophils","Comp-BV711-A",431,"MFI","Lumbar","mouse43","rep3","15LOzymosan4","male",NA,0,NA,"300GS",450,40,1970,"BV711-A","CD39",1.77761120907218
"BM_Neu_170_026.fcs",170,"mature neutrophils","Comp-BV786-A",2795,"MFI","Lumbar","mouse43","rep3","15LOzymosan4","male",NA,0,NA,"300GS",450,40,1970,"BV786-A","CD11b",3.61881853937903
"BM_Neu_170_026.fcs",170,"mature neutrophils","Comp-FITC-A",-21.7,"MFI","Lumbar","mouse43","rep3","15LOzymosan4","male",NA,0,NA,"300GS",450,40,1970,"FITC-A","CX3CR1",-0.144166752544078
"BM_Neu_170_026.fcs",170,"mature neutrophils","Comp-PE-A",258,"MFI","Lumbar","mouse43","rep3","15LOzymosan4","male",NA,0,NA,"300GS",450,40,1970,"PE-A","DC-Trail-R1",1.31091672672067
"BM_Neu_170_026.fcs",170,"mature neutrophils","Comp-PE-Cy5-A",-263,"MFI","Lumbar","mouse43","rep3","15LOzymosan4","male",NA,0,NA,"300GS",450,40,1970,"PE-Cy5-A","CD150",-1.32755037697169
"BM_Neu_170_026.fcs",170,"mature neutrophils","Comp-PE-Cy7-A",368,"MFI","Lumbar","mouse43","rep3","15LOzymosan4","male",NA,0,NA,"300GS",450,40,1970,"PE-Cy7-A","CD101",1.62975874192805
"BM_Neu_170_026.fcs",170,"mature neutrophils","Comp-PE-Texas Red-A",898,"MFI","Lumbar","mouse43","rep3","15LOzymosan4","male",NA,0,NA,"300GS",450,40,1970,"PE-Texas Red-A","ICAM1",2.48958549305869
"BM_Neu_171_027.fcs",171,"mature neutrophils","Comp-APC-A",22.4,"MFI","Sternum","mouse43","rep3","15LOzymosan4","male",NA,0,NA,"300GS",150,80,1970,"APC-A","CD117",0.1487837970885
"BM_Neu_171_027.fcs",171,"mature neutrophils","Comp-APC-Cy7-A",775,"MFI","Sternum","mouse43","rep3","15LOzymosan4","male",NA,0,NA,"300GS",150,80,1970,"APC-Cy7-A","CD14",2.34461127111722
"BM_Neu_171_027.fcs",171,"mature neutrophils","Comp-BB700-A",524,"MFI","Sternum","mouse43","rep3","15LOzymosan4","male",NA,0,NA,"300GS",150,80,1970,"BB700-A","CD16/32",1.96388738302674
"BM_Neu_171_027.fcs",171,"mature neutrophils","Comp-BUV395-A",-154,"MFI","Sternum","mouse43","rep3","15LOzymosan4","male",NA,0,NA,"300GS",150,80,1970,"BUV395-A","Sca1",-0.900104624076757
"BM_Neu_171_027.fcs",171,"mature neutrophils","Comp-BUV496-A",1050,"MFI","Sternum","mouse43","rep3","15LOzymosan4","male",NA,0,NA,"300GS",150,80,1970,"BUV496-A","MHCII",2.64412076105863
"BM_Neu_171_027.fcs",171,"mature neutrophils","Comp-BUV563-A",252,"MFI","Sternum","mouse43","rep3","15LOzymosan4","male",NA,0,NA,"300GS",150,80,1970,"BUV563-A","CD106",1.2906354945648
"BM_Neu_171_027.fcs",171,"mature neutrophils","Comp-BUV615-A",69.8,"MFI","Sternum","mouse43","rep3","15LOzymosan4","male",NA,0,NA,"300GS",150,80,1970,"BUV615-A","CCR5",0.449992127062423
"BM_Neu_171_027.fcs",171,"mature neutrophils","Comp-BUV661-A",1335,"MFI","Sternum","mouse43","rep3","15LOzymosan4","male",NA,0,NA,"300GS",150,80,1970,"BUV661-A","CD74",2.88233978630097
"BM_Neu_171_027.fcs",171,"mature neutrophils","Comp-BUV737-A",2863,"MFI","Sternum","mouse43","rep3","15LOzymosan4","male",NA,0,NA,"300GS",150,80,1970,"BUV737-A","Ly6G",3.64282273224417
"BM_Neu_171_027.fcs",171,"mature neutrophils","Comp-BUV805-A",6282,"MFI","Sternum","mouse43","rep3","15LOzymosan4","male",NA,0,NA,"300GS",150,80,1970,"BUV805-A","CD45",4.42809807278467
"BM_Neu_171_027.fcs",171,"mature neutrophils","Comp-BV421-A",795,"MFI","Sternum","mouse43","rep3","15LOzymosan4","male",NA,0,NA,"300GS",150,80,1970,"BV421-A","PDL1",2.36963744780851
"BM_Neu_171_027.fcs",171,"mature neutrophils","Comp-BV570-A",427,"MFI","Sternum","mouse43","rep3","15LOzymosan4","male",NA,0,NA,"300GS",150,80,1970,"BV570-A","CD44",1.76880965828877
"BM_Neu_171_027.fcs",171,"mature neutrophils","Comp-BV605-A",385,"MFI","Sternum","mouse43","rep3","15LOzymosan4","male",NA,0,NA,"300GS",150,80,1970,"BV605-A","CD115",1.67170989043051
"BM_Neu_171_027.fcs",171,"mature neutrophils","Comp-BV650-A",4771,"MFI","Sternum","mouse43","rep3","15LOzymosan4","male",NA,0,NA,"300GS",150,80,1970,"BV650-A","Ly6C",4.15307011803862
"BM_Neu_171_027.fcs",171,"mature neutrophils","Comp-BV711-A",483,"MFI","Sternum","mouse43","rep3","15LOzymosan4","male",NA,0,NA,"300GS",150,80,1970,"BV711-A","CD39",1.88581216171741
"BM_Neu_171_027.fcs",171,"mature neutrophils","Comp-BV786-A",2885,"MFI","Sternum","mouse43","rep3","15LOzymosan4","male",NA,0,NA,"300GS",150,80,1970,"BV786-A","CD11b",3.6504672011038
"BM_Neu_171_027.fcs",171,"mature neutrophils","Comp-FITC-A",-22,"MFI","Sternum","mouse43","rep3","15LOzymosan4","male",NA,0,NA,"300GS",150,80,1970,"FITC-A","CX3CR1",-0.146145865278697
"BM_Neu_171_027.fcs",171,"mature neutrophils","Comp-PE-A",282,"MFI","Sternum","mouse43","rep3","15LOzymosan4","male",NA,0,NA,"300GS",150,80,1970,"PE-A","DC-Trail-R1",1.38864486269368
"BM_Neu_171_027.fcs",171,"mature neutrophils","Comp-PE-Cy5-A",-285,"MFI","Sternum","mouse43","rep3","15LOzymosan4","male",NA,0,NA,"300GS",150,80,1970,"PE-Cy5-A","CD150",-1.39799836511143
"BM_Neu_171_027.fcs",171,"mature neutrophils","Comp-PE-Cy7-A",348,"MFI","Sternum","mouse43","rep3","15LOzymosan4","male",NA,0,NA,"300GS",150,80,1970,"PE-Cy7-A","CD101",1.57822403426577
"BM_Neu_171_027.fcs",171,"mature neutrophils","Comp-PE-Texas Red-A",996,"MFI","Sternum","mouse43","rep3","15LOzymosan4","male",NA,0,NA,"300GS",150,80,1970,"PE-Texas Red-A","ICAM1",2.59188178632947
"BM_Neu_172_028.fcs",172,"mature neutrophils","Comp-APC-A",-7.25,"MFI","Calvaria","mouse43","rep3","15LOzymosan4","male",NA,0,NA,"300GS",300,80,1970,"APC-A","CD117",-0.048314534416158
"BM_Neu_172_028.fcs",172,"mature neutrophils","Comp-APC-Cy7-A",937,"MFI","Calvaria","mouse43","rep3","15LOzymosan4","male",NA,0,NA,"300GS",300,80,1970,"APC-Cy7-A","CD14",2.53154129172577
"BM_Neu_172_028.fcs",172,"mature neutrophils","Comp-BB700-A",573,"MFI","Calvaria","mouse43","rep3","15LOzymosan4","male",NA,0,NA,"300GS",300,80,1970,"BB700-A","CD16/32",2.05010558352926
"BM_Neu_172_028.fcs",172,"mature neutrophils","Comp-BUV395-A",-245,"MFI","Calvaria","mouse43","rep3","15LOzymosan4","male",NA,0,NA,"300GS",300,80,1970,"BUV395-A","Sca1",-1.26651868230151
"BM_Neu_172_028.fcs",172,"mature neutrophils","Comp-BUV496-A",988,"MFI","Calvaria","mouse43","rep3","15LOzymosan4","male",NA,0,NA,"300GS",300,80,1970,"BUV496-A","MHCII",2.58390787294047
"BM_Neu_172_028.fcs",172,"mature neutrophils","Comp-BUV563-A",224,"MFI","Calvaria","mouse43","rep3","15LOzymosan4","male",NA,0,NA,"300GS",300,80,1970,"BUV563-A","CD106",1.19105951766036
"BM_Neu_172_028.fcs",172,"mature neutrophils","Comp-BUV615-A",76.8,"MFI","Calvaria","mouse43","rep3","15LOzymosan4","male",NA,0,NA,"300GS",300,80,1970,"BUV615-A","CCR5",0.491919110896092
"BM_Neu_172_028.fcs",172,"mature neutrophils","Comp-BUV661-A",1686,"MFI","Calvaria","mouse43","rep3","15LOzymosan4","male",NA,0,NA,"300GS",300,80,1970,"BUV661-A","CD74",3.11459900208773
"BM_Neu_172_028.fcs",172,"mature neutrophils","Comp-BUV737-A",3916,"MFI","Calvaria","mouse43","rep3","15LOzymosan4","male",NA,0,NA,"300GS",300,80,1970,"BUV737-A","Ly6G",3.95570449507396
"BM_Neu_172_028.fcs",172,"mature neutrophils","Comp-BUV805-A",8020,"MFI","Calvaria","mouse43","rep3","15LOzymosan4","male",NA,0,NA,"300GS",300,80,1970,"BUV805-A","CD45",4.67229302866884
"BM_Neu_172_028.fcs",172,"mature neutrophils","Comp-BV421-A",1023,"MFI","Calvaria","mouse43","rep3","15LOzymosan4","male",NA,0,NA,"300GS",300,80,1970,"BV421-A","PDL1",2.61833873909929
"BM_Neu_172_028.fcs",172,"mature neutrophils","Comp-BV570-A",542,"MFI","Calvaria","mouse43","rep3","15LOzymosan4","male",NA,0,NA,"300GS",300,80,1970,"BV570-A","CD44",1.99639822817604
"BM_Neu_172_028.fcs",172,"mature neutrophils","Comp-BV605-A",544,"MFI","Calvaria","mouse43","rep3","15LOzymosan4","male",NA,0,NA,"300GS",300,80,1970,"BV605-A","CD115",1.99994850188414
"BM_Neu_172_028.fcs",172,"mature neutrophils","Comp-BV650-A",5847,"MFI","Calvaria","mouse43","rep3","15LOzymosan4","male",NA,0,NA,"300GS",300,80,1970,"BV650-A","Ly6C",4.35636036830571
"BM_Neu_172_028.fcs",172,"mature neutrophils","Comp-BV711-A",571,"MFI","Calvaria","mouse43","rep3","15LOzymosan4","male",NA,0,NA,"300GS",300,80,1970,"BV711-A","CD39",2.04672343645623
"BM_Neu_172_028.fcs",172,"mature neutrophils","Comp-BV786-A",3518,"MFI","Calvaria","mouse43","rep3","15LOzymosan4","male",NA,0,NA,"300GS",300,80,1970,"BV786-A","CD11b",3.84861399905069
"BM_Neu_172_028.fcs",172,"mature neutrophils","Comp-FITC-A",-31,"MFI","Calvaria","mouse43","rep3","15LOzymosan4","male",NA,0,NA,"300GS",300,80,1970,"FITC-A","CX3CR1",-0.205223083275574
"BM_Neu_172_028.fcs",172,"mature neutrophils","Comp-PE-A",359,"MFI","Calvaria","mouse43","rep3","15LOzymosan4","male",NA,0,NA,"300GS",300,80,1970,"PE-A","DC-Trail-R1",1.60687077105036
"BM_Neu_172_028.fcs",172,"mature neutrophils","Comp-PE-Cy5-A",-326,"MFI","Calvaria","mouse43","rep3","15LOzymosan4","male",NA,0,NA,"300GS",300,80,1970,"PE-Cy5-A","CD150",-1.51856998946408
"BM_Neu_172_028.fcs",172,"mature neutrophils","Comp-PE-Cy7-A",391,"MFI","Calvaria","mouse43","rep3","15LOzymosan4","male",NA,0,NA,"300GS",300,80,1970,"PE-Cy7-A","CD101",1.68613366872935
"BM_Neu_172_028.fcs",172,"mature neutrophils","Comp-PE-Texas Red-A",1179,"MFI","Calvaria","mouse43","rep3","15LOzymosan4","male",NA,0,NA,"300GS",300,80,1970,"PE-Texas Red-A","ICAM1",2.75895608581174
"BM_Neu_173_029.fcs",173,"mature neutrophils","Comp-APC-A",6.21,"MFI","Femur","mouse44","rep4","15LOzymosan4","male",NA,0,NA,"300GS",450,50,1970,"APC-A","CD117",0.0413881827881359
"BM_Neu_173_029.fcs",173,"mature neutrophils","Comp-APC-Cy7-A",949,"MFI","Femur","mouse44","rep4","15LOzymosan4","male",NA,0,NA,"300GS",450,50,1970,"APC-Cy7-A","CD14",2.54410879776773
"BM_Neu_173_029.fcs",173,"mature neutrophils","Comp-BB700-A",432,"MFI","Femur","mouse44","rep4","15LOzymosan4","male",NA,0,NA,"300GS",450,50,1970,"BB700-A","CD16/32",1.77980021523709
"BM_Neu_173_029.fcs",173,"mature neutrophils","Comp-BUV395-A",-188,"MFI","Femur","mouse44","rep4","15LOzymosan4","male",NA,0,NA,"300GS",450,50,1970,"BUV395-A","Sca1",-1.04967363778175
"BM_Neu_173_029.fcs",173,"mature neutrophils","Comp-BUV496-A",1088,"MFI","Femur","mouse44","rep4","15LOzymosan4","male",NA,0,NA,"300GS",450,50,1970,"BUV496-A","MHCII",2.67932666873528
"BM_Neu_173_029.fcs",173,"mature neutrophils","Comp-BUV563-A",271,"MFI","Femur","mouse44","rep4","15LOzymosan4","male",NA,0,NA,"300GS",450,50,1970,"BUV563-A","CD106",1.35367378557962
"BM_Neu_173_029.fcs",173,"mature neutrophils","Comp-BUV615-A",44.1,"MFI","Femur","mouse44","rep4","15LOzymosan4","male",NA,0,NA,"300GS",450,50,1970,"BUV615-A","CCR5",0.289921368557428
"BM_Neu_173_029.fcs",173,"mature neutrophils","Comp-BUV661-A",1261,"MFI","Femur","mouse44","rep4","15LOzymosan4","male",NA,0,NA,"300GS",450,50,1970,"BUV661-A","CD74",2.82569106476809
"BM_Neu_173_029.fcs",173,"mature neutrophils","Comp-BUV737-A",3181,"MFI","Femur","mouse44","rep4","15LOzymosan4","male",NA,0,NA,"300GS",450,50,1970,"BUV737-A","Ly6G",3.74801821334916
"BM_Neu_173_029.fcs",173,"mature neutrophils","Comp-BUV805-A",6732,"MFI","Femur","mouse44","rep4","15LOzymosan4","male",NA,0,NA,"300GS",450,50,1970,"BUV805-A","CD45",4.49726353654237
"BM_Neu_173_029.fcs",173,"mature neutrophils","Comp-BV421-A",904,"MFI","Femur","mouse44","rep4","15LOzymosan4","male",NA,0,NA,"300GS",450,50,1970,"BV421-A","PDL1",2.49615437364145
"BM_Neu_173_029.fcs",173,"mature neutrophils","Comp-BV570-A",402,"MFI","Femur","mouse44","rep4","15LOzymosan4","male",NA,0,NA,"300GS",450,50,1970,"BV570-A","CD44",1.71208284859016
"BM_Neu_173_029.fcs",173,"mature neutrophils","Comp-BV605-A",340,"MFI","Femur","mouse44","rep4","15LOzymosan4","male",NA,0,NA,"300GS",450,50,1970,"BV605-A","CD115",1.5569060738532
"BM_Neu_173_029.fcs",173,"mature neutrophils","Comp-BV650-A",4327,"MFI","Femur","mouse44","rep4","15LOzymosan4","male",NA,0,NA,"300GS",450,50,1970,"BV650-A","Ly6C",4.05544192515049
"BM_Neu_173_029.fcs",173,"mature neutrophils","Comp-BV711-A",513,"MFI","Femur","mouse44","rep4","15LOzymosan4","male",NA,0,NA,"300GS",450,50,1970,"BV711-A","CD39",1.9435073801828
"BM_Neu_173_029.fcs",173,"mature neutrophils","Comp-BV786-A",3201,"MFI","Femur","mouse44","rep4","15LOzymosan4","male",NA,0,NA,"300GS",450,50,1970,"BV786-A","CD11b",3.75427894817117
"BM_Neu_173_029.fcs",173,"mature neutrophils","Comp-FITC-A",-23.6,"MFI","Femur","mouse44","rep4","15LOzymosan4","male",NA,0,NA,"300GS",450,50,1970,"FITC-A","CX3CR1",-0.156691359942321
"BM_Neu_173_029.fcs",173,"mature neutrophils","Comp-PE-A",288,"MFI","Femur","mouse44","rep4","15LOzymosan4","male",NA,0,NA,"300GS",450,50,1970,"PE-A","DC-Trail-R1",1.40727508351238
"BM_Neu_173_029.fcs",173,"mature neutrophils","Comp-PE-Cy5-A",-298,"MFI","Femur","mouse44","rep4","15LOzymosan4","male",NA,0,NA,"300GS",450,50,1970,"PE-Cy5-A","CD150",-1.43765667669981
"BM_Neu_173_029.fcs",173,"mature neutrophils","Comp-PE-Cy7-A",423,"MFI","Femur","mouse44","rep4","15LOzymosan4","male",NA,0,NA,"300GS",450,50,1970,"PE-Cy7-A","CD101",1.75993440657083
"BM_Neu_173_029.fcs",173,"mature neutrophils","Comp-PE-Texas Red-A",1104,"MFI","Femur","mouse44","rep4","15LOzymosan4","male",NA,0,NA,"300GS",450,50,1970,"PE-Texas Red-A","ICAM1",2.69379062253536
"BM_Neu_174_030.fcs",174,"mature neutrophils","Comp-APC-A",6.03,"MFI","Lumbar","mouse44","rep4","15LOzymosan4","male",NA,0,NA,"300GS",450,40,1970,"APC-A","CD117",0.0401891803983638
"BM_Neu_174_030.fcs",174,"mature neutrophils","Comp-APC-Cy7-A",927,"MFI","Lumbar","mouse44","rep4","15LOzymosan4","male",NA,0,NA,"300GS",450,40,1970,"APC-Cy7-A","CD14",2.52094790474953
"BM_Neu_174_030.fcs",174,"mature neutrophils","Comp-BB700-A",420,"MFI","Lumbar","mouse44","rep4","15LOzymosan4","male",NA,0,NA,"300GS",450,40,1970,"BB700-A","CD16/32",1.75322890111027
"BM_Neu_174_030.fcs",174,"mature neutrophils","Comp-BUV395-A",-195,"MFI","Lumbar","mouse44","rep4","15LOzymosan4","male",NA,0,NA,"300GS",450,40,1970,"BUV395-A","Sca1",-1.0784510589549
"BM_Neu_174_030.fcs",174,"mature neutrophils","Comp-BUV496-A",1004,"MFI","Lumbar","mouse44","rep4","15LOzymosan4","male",NA,0,NA,"300GS",450,40,1970,"BUV496-A","MHCII",2.5997933170568
"BM_Neu_174_030.fcs",174,"mature neutrophils","Comp-BUV563-A",215,"MFI","Lumbar","mouse44","rep4","15LOzymosan4","male",NA,0,NA,"300GS",450,40,1970,"BUV563-A","CD106",1.15720511618694
"BM_Neu_174_030.fcs",174,"mature neutrophils","Comp-BUV615-A",58.2,"MFI","Lumbar","mouse44","rep4","15LOzymosan4","male",NA,0,NA,"300GS",450,40,1970,"BUV615-A","CCR5",0.378870684431209
"BM_Neu_174_030.fcs",174,"mature neutrophils","Comp-BUV661-A",1205,"MFI","Lumbar","mouse44","rep4","15LOzymosan4","male",NA,0,NA,"300GS",450,40,1970,"BUV661-A","CD74",2.78059831381442
"BM_Neu_174_030.fcs",174,"mature neutrophils","Comp-BUV737-A",2899,"MFI","Lumbar","mouse44","rep4","15LOzymosan4","male",NA,0,NA,"300GS",450,40,1970,"BUV737-A","Ly6G",3.65530165254639
"BM_Neu_174_030.fcs",174,"mature neutrophils","Comp-BUV805-A",6466,"MFI","Lumbar","mouse44","rep4","15LOzymosan4","male",NA,0,NA,"300GS",450,40,1970,"BUV805-A","CD45",4.45695935751366
"BM_Neu_174_030.fcs",174,"mature neutrophils","Comp-BV421-A",910,"MFI","Lumbar","mouse44","rep4","15LOzymosan4","male",NA,0,NA,"300GS",450,40,1970,"BV421-A","PDL1",2.50268096000862
"BM_Neu_174_030.fcs",174,"mature neutrophils","Comp-BV570-A",388,"MFI","Lumbar","mouse44","rep4","15LOzymosan4","male",NA,0,NA,"300GS",450,40,1970,"BV570-A","CD44",1.6789460354604
"BM_Neu_174_030.fcs",174,"mature neutrophils","Comp-BV605-A",337,"MFI","Lumbar","mouse44","rep4","15LOzymosan4","male",NA,0,NA,"300GS",450,40,1970,"BV605-A","CD115",1.54880332396044
"BM_Neu_174_030.fcs",174,"mature neutrophils","Comp-BV650-A",4277,"MFI","Lumbar","mouse44","rep4","15LOzymosan4","male",NA,0,NA,"300GS",450,40,1970,"BV650-A","Ly6C",4.04382635217929
"BM_Neu_174_030.fcs",174,"mature neutrophils","Comp-BV711-A",459,"MFI","Lumbar","mouse44","rep4","15LOzymosan4","male",NA,0,NA,"300GS",450,40,1970,"BV711-A","CD39",1.83725127472499
"BM_Neu_174_030.fcs",174,"mature neutrophils","Comp-BV786-A",3082,"MFI","Lumbar","mouse44","rep4","15LOzymosan4","male",NA,0,NA,"300GS",450,40,1970,"BV786-A","CD11b",3.71643756181357
"BM_Neu_174_030.fcs",174,"mature neutrophils","Comp-FITC-A",-22.1,"MFI","Lumbar","mouse44","rep4","15LOzymosan4","male",NA,0,NA,"300GS",450,40,1970,"FITC-A","CX3CR1",-0.146805443608231
"BM_Neu_174_030.fcs",174,"mature neutrophils","Comp-PE-A",297,"MFI","Lumbar","mouse44","rep4","15LOzymosan4","male",NA,0,NA,"300GS",450,40,1970,"PE-A","DC-Trail-R1",1.43465525850389
"BM_Neu_174_030.fcs",174,"mature neutrophils","Comp-PE-Cy5-A",-274,"MFI","Lumbar","mouse44","rep4","15LOzymosan4","male",NA,0,NA,"300GS",450,40,1970,"PE-Cy5-A","CD150",-1.36331837919385
"BM_Neu_174_030.fcs",174,"mature neutrophils","Comp-PE-Cy7-A",414,"MFI","Lumbar","mouse44","rep4","15LOzymosan4","male",NA,0,NA,"300GS",450,40,1970,"PE-Cy7-A","CD101",1.73968954019848
"BM_Neu_174_030.fcs",174,"mature neutrophils","Comp-PE-Texas Red-A",993,"MFI","Lumbar","mouse44","rep4","15LOzymosan4","male",NA,0,NA,"300GS",450,40,1970,"PE-Texas Red-A","ICAM1",2.58889893142437
"BM_Neu_175_031.fcs",175,"mature neutrophils","Comp-APC-A",16.5,"MFI","Sternum","mouse44","rep4","15LOzymosan4","male",NA,0,NA,"300GS",150,80,1970,"APC-A","CD117",0.109779365920543
"BM_Neu_175_031.fcs",175,"mature neutrophils","Comp-APC-Cy7-A",899,"MFI","Sternum","mouse44","rep4","15LOzymosan4","male",NA,0,NA,"300GS",150,80,1970,"APC-Cy7-A","CD14",2.49068326654605
"BM_Neu_175_031.fcs",175,"mature neutrophils","Comp-BB700-A",435,"MFI","Sternum","mouse44","rep4","15LOzymosan4","male",NA,0,NA,"300GS",150,80,1970,"BB700-A","CD16/32",1.7863401998169
"BM_Neu_175_031.fcs",175,"mature neutrophils","Comp-BUV395-A",-146,"MFI","Sternum","mouse44","rep4","15LOzymosan4","male",NA,0,NA,"300GS",150,80,1970,"BUV395-A","Sca1",-0.862391145397568
"BM_Neu_175_031.fcs",175,"mature neutrophils","Comp-BUV496-A",1146,"MFI","Sternum","mouse44","rep4","15LOzymosan4","male",NA,0,NA,"300GS",150,80,1970,"BUV496-A","MHCII",2.73080057738838
"BM_Neu_175_031.fcs",175,"mature neutrophils","Comp-BUV563-A",272,"MFI","Sternum","mouse44","rep4","15LOzymosan4","male",NA,0,NA,"300GS",150,80,1970,"BUV563-A","CD106",1.35689771153466
"BM_Neu_175_031.fcs",175,"mature neutrophils","Comp-BUV615-A",95.7,"MFI","Sternum","mouse44","rep4","15LOzymosan4","male",NA,0,NA,"300GS",150,80,1970,"BUV615-A","CCR5",0.601135425281059
"BM_Neu_175_031.fcs",175,"mature neutrophils","Comp-BUV661-A",1295,"MFI","Sternum","mouse44","rep4","15LOzymosan4","male",NA,0,NA,"300GS",150,80,1970,"BUV661-A","CD74",2.85211526369549
"BM_Neu_175_031.fcs",175,"mature neutrophils","Comp-BUV737-A",3141,"MFI","Sternum","mouse44","rep4","15LOzymosan4","male",NA,0,NA,"300GS",150,80,1970,"BUV737-A","Ly6G",3.73537804576944
"BM_Neu_175_031.fcs",175,"mature neutrophils","Comp-BUV805-A",6388,"MFI","Sternum","mouse44","rep4","15LOzymosan4","male",NA,0,NA,"300GS",150,80,1970,"BUV805-A","CD45",4.44482621284295
"BM_Neu_175_031.fcs",175,"mature neutrophils","Comp-BV421-A",875,"MFI","Sternum","mouse44","rep4","15LOzymosan4","male",NA,0,NA,"300GS",150,80,1970,"BV421-A","PDL1",2.46400304226479
"BM_Neu_175_031.fcs",175,"mature neutrophils","Comp-BV570-A",428,"MFI","Sternum","mouse44","rep4","15LOzymosan4","male",NA,0,NA,"300GS",150,80,1970,"BV570-A","CD44",1.77101691045775
"BM_Neu_175_031.fcs",175,"mature neutrophils","Comp-BV605-A",389,"MFI","Sternum","mouse44","rep4","15LOzymosan4","male",NA,0,NA,"300GS",150,80,1970,"BV605-A","CD115",1.68134727363373
"BM_Neu_175_031.fcs",175,"mature neutrophils","Comp-BV650-A",4371,"MFI","Sternum","mouse44","rep4","15LOzymosan4","male",NA,0,NA,"300GS",150,80,1970,"BV650-A","Ly6C",4.06555326705612
"BM_Neu_175_031.fcs",175,"mature neutrophils","Comp-BV711-A",485,"MFI","Sternum","mouse44","rep4","15LOzymosan4","male",NA,0,NA,"300GS",150,80,1970,"BV711-A","CD39",1.889759189513
"BM_Neu_175_031.fcs",175,"mature neutrophils","Comp-BV786-A",3026,"MFI","Sternum","mouse44","rep4","15LOzymosan4","male",NA,0,NA,"300GS",150,80,1970,"BV786-A","CD11b",3.69812252141594
"BM_Neu_175_031.fcs",175,"mature neutrophils","Comp-FITC-A",-20.8,"MFI","Sternum","mouse44","rep4","15LOzymosan4","male",NA,0,NA,"300GS",150,80,1970,"FITC-A","CX3CR1",-0.138226077731972
"BM_Neu_175_031.fcs",175,"mature neutrophils","Comp-PE-A",275,"MFI","Sternum","mouse44","rep4","15LOzymosan4","male",NA,0,NA,"300GS",150,80,1970,"PE-A","DC-Trail-R1",1.36651520720923
"BM_Neu_175_031.fcs",175,"mature neutrophils","Comp-PE-Cy5-A",-300,"MFI","Sternum","mouse44","rep4","15LOzymosan4","male",NA,0,NA,"300GS",150,80,1970,"PE-Cy5-A","CD150",-1.44363547517881
"BM_Neu_175_031.fcs",175,"mature neutrophils","Comp-PE-Cy7-A",389,"MFI","Sternum","mouse44","rep4","15LOzymosan4","male",NA,0,NA,"300GS",150,80,1970,"PE-Cy7-A","CD101",1.68134727363373
"BM_Neu_175_031.fcs",175,"mature neutrophils","Comp-PE-Texas Red-A",1037,"MFI","Sternum","mouse44","rep4","15LOzymosan4","male",NA,0,NA,"300GS",150,80,1970,"PE-Texas Red-A","ICAM1",2.6317892866338
"BM_Neu_176_032.fcs",176,"mature neutrophils","Comp-APC-A",6.55,"MFI","Calvaria","mouse44","rep4","15LOzymosan4","male",NA,0,NA,"300GS",300,80,1970,"APC-A","CD117",0.0436528014554812
"BM_Neu_176_032.fcs",176,"mature neutrophils","Comp-APC-Cy7-A",1062,"MFI","Calvaria","mouse44","rep4","15LOzymosan4","male",NA,0,NA,"300GS",300,80,1970,"APC-Cy7-A","CD14",2.65537157720774
"BM_Neu_176_032.fcs",176,"mature neutrophils","Comp-BB700-A",408,"MFI","Calvaria","mouse44","rep4","15LOzymosan4","male",NA,0,NA,"300GS",300,80,1970,"BB700-A","CD16/32",1.72597560583918
"BM_Neu_176_032.fcs",176,"mature neutrophils","Comp-BUV395-A",-209,"MFI","Calvaria","mouse44","rep4","15LOzymosan4","male",NA,0,NA,"300GS",300,80,1970,"BUV395-A","Sca1",-1.13410100631871
"BM_Neu_176_032.fcs",176,"mature neutrophils","Comp-BUV496-A",1046,"MFI","Calvaria","mouse44","rep4","15LOzymosan4","male",NA,0,NA,"300GS",300,80,1970,"BUV496-A","MHCII",2.64034246786166
"BM_Neu_176_032.fcs",176,"mature neutrophils","Comp-BUV563-A",251,"MFI","Calvaria","mouse44","rep4","15LOzymosan4","male",NA,0,NA,"300GS",300,80,1970,"BUV563-A","CD106",1.28722059847005
"BM_Neu_176_032.fcs",176,"mature neutrophils","Comp-BUV615-A",36.7,"MFI","Calvaria","mouse44","rep4","15LOzymosan4","male",NA,0,NA,"300GS",300,80,1970,"BUV615-A","CCR5",0.242289140794011
"BM_Neu_176_032.fcs",176,"mature neutrophils","Comp-BUV661-A",1356,"MFI","Calvaria","mouse44","rep4","15LOzymosan4","male",NA,0,NA,"300GS",300,80,1970,"BUV661-A","CD74",2.89785157861539
"BM_Neu_176_032.fcs",176,"mature neutrophils","Comp-BUV737-A",2932,"MFI","Calvaria","mouse44","rep4","15LOzymosan4","male",NA,0,NA,"300GS",300,80,1970,"BUV737-A","Ly6G",3.66660563481613
"BM_Neu_176_032.fcs",176,"mature neutrophils","Comp-BUV805-A",7565,"MFI","Calvaria","mouse44","rep4","15LOzymosan4","male",NA,0,NA,"300GS",300,80,1970,"BUV805-A","CD45",4.61389778714064
"BM_Neu_176_032.fcs",176,"mature neutrophils","Comp-BV421-A",1196,"MFI","Calvaria","mouse44","rep4","15LOzymosan4","male",NA,0,NA,"300GS",300,80,1970,"BV421-A","PDL1",2.77315924814439
"BM_Neu_176_032.fcs",176,"mature neutrophils","Comp-BV570-A",439,"MFI","Calvaria","mouse44","rep4","15LOzymosan4","male",NA,0,NA,"300GS",300,80,1970,"BV570-A","CD44",1.79499774700319
"BM_Neu_176_032.fcs",176,"mature neutrophils","Comp-BV605-A",397,"MFI","Calvaria","mouse44","rep4","15LOzymosan4","male",NA,0,NA,"300GS",300,80,1970,"BV605-A","CD115",1.70036578515749
"BM_Neu_176_032.fcs",176,"mature neutrophils","Comp-BV650-A",4825,"MFI","Calvaria","mouse44","rep4","15LOzymosan4","male",NA,0,NA,"300GS",300,80,1970,"BV650-A","Ly6C",4.16431942994006
"BM_Neu_176_032.fcs",176,"mature neutrophils","Comp-BV711-A",475,"MFI","Calvaria","mouse44","rep4","15LOzymosan4","male",NA,0,NA,"300GS",300,80,1970,"BV711-A","CD39",1.86987362215714
"BM_Neu_176_032.fcs",176,"mature neutrophils","Comp-BV786-A",4163,"MFI","Calvaria","mouse44","rep4","15LOzymosan4","male",NA,0,NA,"300GS",300,80,1970,"BV786-A","CD11b",4.01682754674665
"BM_Neu_176_032.fcs",176,"mature neutrophils","Comp-FITC-A",-28.2,"MFI","Calvaria","mouse44","rep4","15LOzymosan4","male",NA,0,NA,"300GS",300,80,1970,"FITC-A","CX3CR1",-0.186909806492039
"BM_Neu_176_032.fcs",176,"mature neutrophils","Comp-PE-A",278,"MFI","Calvaria","mouse44","rep4","15LOzymosan4","male",NA,0,NA,"300GS",300,80,1970,"PE-A","DC-Trail-R1",1.37605218094972
"BM_Neu_176_032.fcs",176,"mature neutrophils","Comp-PE-Cy5-A",-298,"MFI","Calvaria","mouse44","rep4","15LOzymosan4","male",NA,0,NA,"300GS",300,80,1970,"PE-Cy5-A","CD150",-1.43765667669981
"BM_Neu_176_032.fcs",176,"mature neutrophils","Comp-PE-Cy7-A",389,"MFI","Calvaria","mouse44","rep4","15LOzymosan4","male",NA,0,NA,"300GS",300,80,1970,"PE-Cy7-A","CD101",1.68134727363373
"BM_Neu_176_032.fcs",176,"mature neutrophils","Comp-PE-Texas Red-A",1136,"MFI","Calvaria","mouse44","rep4","15LOzymosan4","male",NA,0,NA,"300GS",300,80,1970,"PE-Texas Red-A","ICAM1",2.7221110492823
